<?xml version="1.0" encoding="utf-8"?>
<!--Generated by crowdin.net-->
<resources>
  <string name="second">second</string>
  <string name="minute">minute</string>
  <plurals name="days_left">
    <item quantity="other">%d days left</item>
  </plurals>
  <plurals name="hour_left">
    <item quantity="other">%d hours left</item>
  </plurals>
  <plurals name="minute_left">
    <item quantity="other">%d minutes left</item>
  </plurals>
  <plurals name="second_left">
    <item quantity="other">%d seconds left</item>
  </plurals>
</resources>
