<?xml version="1.0" encoding="utf-8"?>
<!--Generated by crowdin.net-->
<resources>
  <string name="search_over">ច្រើនជាង</string>
  <string name="search_under">ទាបជាង</string>
  <string name="search_time_over">បន្ទាប់</string>
  <string name="search_time_under">មុន</string>
  <string name="search_between">ចន្លោះ</string>
  <string name="search_exact">ពិតប្រាកដ</string>
  <string name="search_remove">លុប</string>
  <string name="search_none">គ្មាន</string>
  <string name="search_all">ទាំងអស់</string>
  <string name="search_select">ជ្រើសរើស</string>
  <string name="start">ចាប់ផ្តើម</string>
  <string name="end">បញ្ចប់</string>
  <string name="from">ពី</string>
  <string name="to">ទៅ</string>
  <string-array name="arr_amount">
    <item>@string/search_all</item>
    <item>@string/search_over</item>
    <item>@string/search_under</item>
    <item>@string/search_between</item>
    <item>@string/search_exact</item>
  </string-array>
  <string-array name="arr_type">
    <item>ទាំងអស់</item>
    <item>ចំណូល</item>
    <item>ចំណាយ</item>
  </string-array>
  <string-array name="arr_time">
    <item>@string/search_all</item>
    <item>@string/search_time_over</item>
    <item>@string/search_time_under</item>
    <item>@string/search_between</item>
    <item>@string/search_exact</item>
  </string-array>
</resources>
