<?xml version="1.0" encoding="utf-8"?>
<!--Generated by crowdin.net-->
<resources>
  <string name="cate_salary">ប្រាក់បៀវត្សរ៍</string>
  <string name="cate_award">រង្វាន់</string>
  <string name="cate_selling">ការលក់</string>
  <string name="cate_give">ផ្តល់អោយ</string>
  <string name="cate_interest">លុយការប្រាក់</string>
  <string name="cate_debt">ជំពាក់</string>
  <string name="cate_income_other">ផ្សេង</string>
  <string name="cate_food">អាហារ &amp; ភេសជ្ជៈ</string>
  <string name="cate_entertainment">កំសាន្ត</string>
  <string name="cate_travel">ទេសចរណ៍</string>
  <string name="cate_education">សិក្សា</string>
  <string name="cate_transport">ដឹកជញ្ជូន</string>
  <string name="cate_friend">មិត្តភ័ក្ត &amp; ស្នេហា</string>
  <string name="cate_family">គ្រួសារ</string>
  <string name="cate_medical">សុខភាព</string>
  <string name="cate_shopping">ទិញឥវ៉ាន់</string>
  <string name="cate_loan">កម្ចី</string>
  <string name="cate_invest">បណ្តាក់ទុន</string>
  <string name="cate_expense_other">ផ្សេង</string>
</resources>
