<?xml version="1.0" encoding="utf-8"?>
<!--Generated by crowdin.net-->
<resources>
  <string name="notification_message_take_photo_title">ចុច ដើម្បីបន្ថែមប្រតិបត្តិការណ៍ ពីរូបភាព &lt;b&gt;Add-it-later&lt;/b&gt;</string>
  <string name="notification_message_daily_alarm_title">ចុច ដើម្បីបន្ថែមប្រតិបត្តិការណ៍ សំរាប់ &lt;b&gt;%1$s&lt;/b&gt;</string>
  <string name="notification_message_monthly_remind">មើល របាយការណ៍ប្រចាំខែ សំរាប់ &lt;b&gt;%1$s&lt;/b&gt;</string>
  <string name="notification_message_no_expense_today">ថ្ងៃនេះ គ្មានការចំណាយ បន្ទាន់សម័យឥឡូវ?</string>
  <string name="notification_message_remind_debt">You still own &lt;b&gt;%1$s&lt;/b&gt; %2$s, update now?</string>
  <string name="notification_message_remind_loan">&lt;b&gt;%1$s&lt;/b&gt; still own you %2$s, update now?</string>
  <string name="budget_notification_budget_warning_title">គំរោងថវិកា មកដល់ %1$s%%</string>
  <string name="budget_notification_budget_warning_category_text">នៅសល់ %1$s សំរាប់ &lt;b&gt;%2$s&lt;/b&gt;</string>
  <string name="budget_notification_budget_warning_account_text">នៅសល់ %1$s សំរាប់ &lt;b&gt;%2$s&lt;/b&gt;</string>
  <string name="budget_notification_budget_100percent_category_text">ក្នុង &lt;b&gt;%1$s&lt;/b&gt;</string>
  <string name="budget_notification_budget_100percent_account_text">ក្នុង &lt;b&gt;%1$s&lt;/b&gt;</string>
  <string name="budget_notification_budget_exceeded_title">ចំណាយ លើសកំរិត %1$s</string>
  <string name="budget_notification_budget_exceeded_category_text">ក្នុង &lt;b&gt;%1$s&lt;/b&gt;</string>
  <string name="budget_notification_budget_exceeded_account_text">ក្នុង &lt;b&gt;%1$s&lt;/b&gt;</string>
  <string name="ail_notification_title">ចុច ដើម្បីថតរូប</string>
  <string name="ail_notification_text">អ្នកអាចបន្ថែម ប្រតិបត្តិការណ៍ លើកក្រោយ</string>
  <string name="ail_notification_cancel_message">អ្នកអាចបង្ហាញ ការរំលឹកនេះម្តងទៀត នៅក្នុងការកំណត់</string>
  <string name="notification_monthly_alarm_title">Tap to view report for</string>
  <string name="notification_monthly_alarm_text">%1$s</string>
  <string name="notification_message_auto_backup">View file backup from &lt;b&gt;%1$s&lt;/b&gt;</string>
  <string name="notification_message_repeat_transaction">A new transaction was added on &lt;b&gt;%1$s&lt;/b&gt;</string>
</resources>
