<?xml version="1.0" encoding="utf-8"?>
<!--Generated by crowdin.net-->
<resources>
  <string name="account">កាបូប</string>
  <string name="amount">ចំនួន</string>
  <string name="budget">គំរោង</string>
  <string name="event_title">ព្រឹត្តិការណ៍</string>
  <string name="category">ចំណាត់ថ្នាក់</string>
  <string name="earned_from">ចំណូលពី</string>
  <string name="end_date">ថ្ងៃបញ្ចប់</string>
  <string name="expense">ចំណាយ</string>
  <string name="goto_today">ត្រលប់មកថ្ងៃនេះ</string>
  <string name="goto_thismonth">ត្រលប់មកខែនេះ</string>
  <string name="income">ចំណូល</string>
  <string name="migrate">ផ្លាស់ទីកន្លែង</string>
  <string name="select_category">ជ្រើសរើស ចំណាត់ថ្នាក់</string>
  <string name="spent_on">ចំណាយលើ</string>
  <string name="start_date">ថ្ងៃចាប់ផ្តើម</string>
  <string name="time">រយៈពេល</string>
  <string name="time_range">%1$s - %2$s</string>
  <string name="loading_more">កំពុងផ្ទុកបន្ថែម...</string>
  <string name="goal">គោលបំណង</string>
  <string name="edit">Edit</string>
  <string name="saved">បានរក្សាទុក</string>
  <string name="search_go">ទៅ</string>
  <string name="buy_app">ទៅកាន់ បុព្វលាភបន្ថែម</string>
  <string name="undobar_message">%1$s was deleted</string>
  <string name="backup_share">Share</string>
  <string name="version">ជំនាន់ទី %1$s</string>
  <string name="loading">កំពុងទាញយក…</string>
  <string name="total">សរុប</string>
  <string name="splashscreen_create_account">បង្កើត កាបូបដំបូង</string>
  <string name="splash_screen_use_cloud">Go cloud (Coming soon)</string>
  <string name="splash_screen_use_cloud_info">Sync and Share transactions with easy</string>
  <string name="splash_screen_use_right_away">For this device only</string>
  <string name="splash_screen_use_right_away_info">Right away!</string>
  <string name="welcome_message_title">How do you want to use?</string>
  <string name="welcome_message">You can change your mind at any time later</string>
  <string name="login_hint_email">អ៊ីម៉ែល</string>
  <string name="login_hint_password">លេខសំងាត់</string>
  <string name="login_facebook">ចូល ដោយប្រើ ហ្វេសប៊ុក</string>
  <string name="login_money_lover">ចូល ដោយប្រើ គណនី Money Lover</string>
  <string name="login_title">Login</string>
  <string name="register_title">ចុះឈ្មោះ</string>
  <string name="register_register">ចុះឈ្មោះ</string>
  <string name="cashbook_earning">ចំណូល</string>
  <string name="cashbook_spending">ចំណាយ</string>
  <string name="cashbook_all_transactions">ប្រតិបត្តិការណ៍ទាំងអស់</string>
  <string name="cashbook_delete_transaction_message">តើអ្នកចង់លុបចោល ប្រតិបត្តិការណ៍នេះទេ?</string>
  <string name="cashbook_left">នៅសល់ %1$s</string>
  <string name="cashbook_no_data_guide">Tap the %1$s button below to add some</string>
  <string name="cashbook_no_data_swipe_down">ទាញចុះ ហើយ</string>
  <string name="cashbook_no_data_faq_tip">ពិបាកប្រើប្រាស់? ចុច %1$s ដើម្បីស្វែងរកជំនួយ</string>
  <string name="cashbook_no_data_earning">គ្មានចំណូល</string>
  <string name="cashbook_no_data_spending">គ្មានចំណាយ</string>
  <string name="cashbook_no_data">គ្មានប្រតិបត្តិការណ៍</string>
  <string name="cashbook_selected_account_not_existed">កាបូបនេះបានលុប យើងខ្ញុំនឹងប្តូរទៅកាបូបកំណត់ពីដើម ។</string>
  <string name="cashbook_contentdescription_help_support">&amp; ជំនួយ</string>
  <string name="cashbook_contentdescription_select_time_range_to_view">ជ្រើសរើស ទ្រង់ទ្រាយ</string>
  <string name="cashbook_contentdescription_delete_transaction">លុប ប្រតិបត្តិការណ៍</string>
  <string name="cashbook_contentdescription_sort_transaction">រៀប ប្រតិបត្តិការណ៍</string>
  <string name="cashbook_contentdescription_search_transaction">ស្វែងរក ប្រតិបត្តិការណ៍</string>
  <string name="cashbook_contentdescription_viewmode_transaction">View by transaction</string>
  <string name="cashbook_contentdescription_viewmode_category">View by category</string>
  <string name="cashbook_contentdescription_transfer_money">Transfer money</string>
  <string name="with_person">ជាមួយ %1$s</string>
  <string name="with_two_person">ជាមួយ %1$s &amp; %2$s</string>
  <string name="with_many_person">ជាមួយ %1$s &amp; %2$s អ្នកផ្សេង</string>
  <string name="press_back_one_more_time_to_exit">ចុចថយក្រោយម្តងទៀត ដើម្បីចាកចេញ</string>
  <string name="paid">បានទូទាត់</string>
  <string name="cashbook_cashback_info">ទៅកាន់ %1$s</string>
  <string name="add_transaction_amount_friendly_title">ប៉ុន្មាន?</string>
  <string name="add_transaction_title_add">បន្ថែម ប្រតិបត្តិការណ៍</string>
  <string name="add_transaction_title_edit">កែ ប្រតិបត្តិការណ៍</string>
  <string name="add_transaction_title_view">Transaction detail</string>
  <string name="add_transaction_note_title_normal">សំគាល់</string>
  <string name="add_transaction_note_hint">ទទេ</string>
  <string name="add_transaction_cancel_adding">តើអ្នកចង់បោះបង់ចោល ប្រតិបត្តិការណ៍នេះទេ</string>
  <string name="add_transaction_discard_edit">តើអ្នកចង់បោះបង់ចោល ប្រតិបត្តិការណ៍នេះទេ</string>
  <string name="add_transaction_account_alert_currency_change">ឯកតារូបីបណ្ណ នឹងផ្លាស់ប្តូរពី %1$s ទៅ %2$s ។ តើអ្នកចង់បន្ត?</string>
  <string name="add_transaction_account_alert_currency_change_start">ឯកតារូបីបណ្ណ នឹងផ្លាស់ប្តូរពី</string>
  <string name="add_transaction_account_alert_currency_change_middle">ទៅ</string>
  <string name="add_transaction_account_alert_currency_change_end">តើអ្នកចង់បន្ត?</string>
  <string name="add_transaction_add_success">បន្ថែម ប្រតិបត្តិការណ៍ សំរេច!</string>
  <string name="add_transaction_category_hint">ជ្រើសរើស មួយ</string>
  <string name="add_transaction_with_title">ជាមួយ?</string>
  <string name="add_transaction_with_hint">ឧ. វិមាន ឬក៏ បុប្ផា…</string>
  <string name="add_transaction_reminder_empty">គ្មាន ការរំលឹក</string>
  <string name="add_transaction_subtransaction_title">Cashback</string>
  <string name="add_transaction_timecreated_title">ថ្ងៃ</string>
  <string name="add_transaction_reminder_title">រំលឹក</string>
  <string name="add_transaction_error_amount">អ្នកត្រូវតែបំពេញ ចំនួនទឹកប្រាក់</string>
  <string name="add_transaction_error_category">អ្នកត្រូវតែជ្រើសរើស ចំណាត់ថ្នាក់ នៃចំណាយ/ចំណូល</string>
  <string name="debtor">អ្នកខ្ចី</string>
  <string name="lender">អ្នកអោយខ្ចី</string>
  <string name="for_reason">សំរាប់ %1$s</string>
  <string name="someone">នរណាម្នាក់</string>
  <string name="someone_hint">នរណាម្នាក់</string>
  <string name="add_transaction_note_spend_from_saving">Spent from saving plan %1$s</string>
  <string name="add_transaction_no_category_found">មិនត្រឹមត្រូវ</string>
  <string name="warning_big_amount_message">ប្រតិបត្តិការណ៍នេះ មានចំនួនច្រើន ។ អ្នកយល់ថាត្រឹមត្រូវ?</string>
  <string name="warning_big_amount_dont_show_again">មិនបង្ហាញម្តងទៀត</string>
  <string name="im_wrong">ខ្ញុំខុស</string>
  <string name="add_note">បន្ថែម សំគាល់</string>
  <string name="set_reminder_remove_reminder">បិទ</string>
  <string name="convert_currency_title_dialog">បញ្ចូល រូបីយបណ្ណផ្សេងទៀត</string>
  <string name="convert_currency_message_convert_complete">បំលែង ទៅជា</string>
  <string name="convert_currency_message_convert_error">បំលែង មានកំហុស</string>
  <string name="convert_currency_message_converting">កំពុងបំលែង...</string>
  <string name="edit_transaction_confirm_change_category_for_debtloan">តើអ្នកពិតជាចង់ផ្លាស់ប្តូរ ចំណាត់ថ្នាក់? នោះវានឹង បាត់បង់ប្រវត្តិនៃប្រតិបត្តិការណ៍ ដែលទាក់ទង ។</string>
  <string name="edit_transaction_mark_remove">នឹងត្រូវបានលុប</string>
  <string name="edit_transaction_mark_remove_message">All sub transactions of this transaction will be deleted</string>
  <string name="delete_sub_transaction">លុប ប្រតិបត្តិការណ៍នេះ</string>
  <string name="sub_transaction_title">ប្រវត្តិសំណង</string>
  <string name="quick_add_transaction_dialog_title">ប្រតិបត្តិការណ៍ ថ្មី</string>
  <string name="quick_add_notification_ticker">ត្រៀមជាស្រេច ដើម្បីបន្ថែមប្រតិបត្តិការណ៍ ថ្មី</string>
  <string name="quick_add_transaction_title">បន្ថែម ទៅ %1$s</string>
  <string name="quick_add_transaction_notification_text">ចុច ដើម្បីទៅកាន់ កាបូប</string>
  <string name="add_account_title_add">បន្ថែម កាបូប</string>
  <string name="add_account_title_edit">កែ កាបូប</string>
  <string name="add_account_name_title">ឈ្មោះ</string>
  <string name="add_account_currency_title">រូបីយបណ្ណ</string>
  <string name="add_account_start_balance_title">សមតុល្យ</string>
  <string name="add_account_error_accountname_exists">ឈ្មោះកាបូបនេះ មានរួចហើយ ។</string>
  <string name="add_account_error_accountname_length_invalid">ឈ្មោះកាបូប ត្រូវតែនៅចន្លោះពី %1$s ទៅ %2$s តួអក្សរ ។</string>
  <string name="add_account_discard_changed">អ្នកពិតជាចង់បោះបង់ចោល រាល់ការផ្លាស់ប្តូរ កាបូបនេះ?</string>
  <string name="add_account_note_for_initial_balance">សមតុល្យ</string>
  <string name="add_account_shortcut_title">បន្ថែម ផ្លូវកាត់ ផ្ទាំងមុខ</string>
  <string name="add_account_shortcut_success">បន្ថែមផ្លូវកាត់ សំរេច</string>
  <string name="account_manager_title">គ្រប់គ្រង កាបូប</string>
  <string name="account_manager_confirm_delete_account">តើអ្នកចង់លុបកាបូប %1$s មែនទេ?</string>
  <string name="time_picker_dialog_title">រើសយក ម៉ោង</string>
  <string name="navigation_cashbook">Transactions</string>
  <string name="navigation_budget">គំរោងថវិកា</string>
  <string name="navigation_campaign">សន្សំ</string>
  <string name="navigation_event">ព្រឹត្តិការណ៍</string>
  <string name="navigation_category_manager">ចំណាត់ថ្នាក់</string>
  <string name="navigation_statistic">ស្ថិតិ</string>
  <string name="navigation_settings">ការកំណត់</string>
  <string name="navigation_feedback">មតិយោបល់</string>
  <string name="navigation_debt_manager">បំណុល</string>
  <string name="navigation_tools">ឧបករណ៍</string>
  <string name="navigation_about">អំពីយើងខ្ញុំ</string>
  <string name="navigation_sync">សមកាលកម្ម</string>
  <string name="navigation_logout">ចាកចេញ</string>
  <string name="navigation_login">Go Cloud</string>
  <string name="navigation_database">ទិន្នន័យ</string>
  <string name="navigation_copyright">© 2013 ZooStudio. All rights reserved.</string>
  <string name="tools_interest_rate">អត្រាការប្រាក់</string>
  <string name="tools_export_csv">នាំចេញជា CSV</string>
  <string name="tools_export_excel">នាំចេញ ឯកសារជា Excel</string>
  <string name="tools_tip_calculator">ម៉ាស៊ីនគិតលេខ</string>
  <string name="tools_find_atm">ស្វែងរក ម៉ាស៊ីន អេ ធី អឹម</string>
  <string name="tools_find_bank">ស្វែងរក ធនាគារ</string>
  <string name="tools_install_app">បញ្ចូលបន្ថែម ឧបករណ៍</string>
  <string name="tools_install_app_message">តើអ្នកចង់បញ្ចូល &lt;b&gt;%1$s&lt;/b&gt; ពី Google Play Store?</string>
  <string name="statistic_monthly_report">របាយការណ៍ ប្រចាំខែ</string>
  <string name="bank_finder">ស្វែងរក ធនាគារ</string>
  <string name="bank_finder_hint">ឧ. ធនាគារជាតិកម្ពុជា, អេស៊ីលីដា, កាណាឌីយ៉ា…</string>
  <string name="bank_finder_input_bank_name">បញ្ចូលឈ្មោះ ធនាគារ</string>
  <string name="open_file">បើក ឯកសារ</string>
  <string name="export_fail">សូមអភ័យទោស ប្រតិបត្តិការណ៍នាំចេញឯកសារ មានកំហុស</string>
  <string name="export_success">នាំចេញ ជោគជ័យ</string>
  <string name="select_account">ជ្រើសរើសកាបូប</string>
  <string name="export_csv">នាំចេញជា CSV</string>
  <string name="export_excel">នាំចេញ ឯកសារជា Excel</string>
  <string name="attach_to_email">ភ្ជាប់ទៅ អ៊ីម៉ែល</string>
  <string name="delimiter">សញ្ញា ក្បៀស</string>
  <string name="atm_finder">ស្វែងរក អេ ធី អឹម</string>
  <string name="change">ប្តូរ</string>
  <string name="send_mail">ផ្ញើរ អ៊ីម៉ែល</string>
  <string name="contact_me">ទំនាក់ទំនង</string>
  <string name="about_thanks">&lt;b&gt;Special thanks to&lt;/b&gt;&lt;br /&gt;
        Andreas Krings, Jake Wharton, Jeremy Feinstein, Roman Nurik, Simon Vig Therkildsen, Soarcn, Tjerk
        Wolterink for their awesome libraries.&lt;br /&gt;
        Brankic1979 and Nick Frost for their beautiful icon packs.&lt;br /&gt;
        And all our volunteers who help us on translating Money Lover to many other languages.</string>
  <string name="about_developed">by ZooStudio</string>
  <string name="about_view_profile_facebook">ទស្សនា ទម្រង់របស់យើង</string>
  <string name="budget_overspent">ចំណាយលើស</string>
  <string name="budget_finished">បានបញ្ចប់</string>
  <string name="budget_spent">បានចំណាយ</string>
  <string name="budget_all_category">ចំណាត់ថ្នាក់ ទាំងអស់</string>
  <string name="create_budget_title_add">បន្ថែម គំរោង</string>
  <string name="create_budget_title_edit">កែ គំរោង</string>
  <string name="create_budget_create_for">បន្ថែមសំរាប់</string>
  <string name="create_budget_time_range">រយៈពេលប្រើប្រាស់</string>
  <string name="budget_detail_delete_confirm_message">តើអ្នកចង់លុប គំរោងនេះ មែនទេ?</string>
  <string name="create_budget_message_select_day_error">ថ្ងៃបញ្ចប់ ត្រូវតែនៅក្រោយ ថ្ងៃចាប់ផ្តើម</string>
  <string name="create_budget_message_duplicate_DB">Budget for this time was created, do you want to override old one?</string>
  <string name="create_budget_message_warning_enter_amount">ចំនួនប្រាក់ សំរាប់គំរោង តិចជាង ០!</string>
  <string name="create_budget_message_error_category">អ្នកត្រូវតែ ជ្រើសរើស ចំណាត់ថ្នាក់</string>
  <string name="create_budget_message_error_time">អ្នកត្រូវជ្រើសរើស ពេលវេលា សំរាប់គំរោង</string>
  <string name="budget_overview_monthly">គំរោង ប្រចាំខែ</string>
  <string name="budget_overview_custom">គំរោង ផ្សេង</string>
  <string name="budget_overview_no_data_guide">ចុចប៊ូតុង %1$s ខាងលើ ដើម្បីបន្ថែម គំរោងថ្មី</string>
  <string name="budget_detail_category">គំរោង %1$s</string>
  <string name="budget_detail_account_detail_emptyview_message">ចុច ដើម្បីបន្ថែម គំរោង</string>
  <string name="budget_detail_list_transactions_title">តារាង ប្រតិបត្តិការណ៍</string>
  <string name="clear_template">សំអាត គំរូ</string>
  <string name="budget_template">គំរូ</string>
  <string name="dialog_enter_amount_title">បញ្ចូលចំនួន</string>
  <string name="security_pin_title_create">កំណត់ លេខសំងាត់</string>
  <string name="security_pin_title_confirm">បញ្ជាក់ លេខសំងាត់</string>
  <string name="security_pin_title_open">បញ្ចូល លេខសំងាត់</string>
  <string name="security_pin_message_remove">ដើម្បីបិទ លេខសំងាត់សុវត្ថិភាព</string>
  <string name="security_pin_title_wrong_password">ខុស លេខសំងាត់!</string>
  <string name="security_pin_message_try_again">ព្យាយាមម្តងទៀត</string>
  <string name="is_latest_version">នេះជា ជំនាន់ថ្មី ចុងក្រោយ</string>
  <string name="update">បន្ទាន់សម័យ</string>
  <string name="has_new_version">ជំនាន់ថ្មី បានចេញផ្សាយ សូមបន្ទាន់សម័យ ឥឡូវនេះ!</string>
  <string name="no_internet">គ្មានបណ្តាញអ៊ីនធឺណែត ព្យាយាមម្តងទៀត!</string>
  <string name="check_update">ពិនិត្យមើល បន្ទាន់សម័យ</string>
  <string name="thanks_feedback">សូមអរគុណ ចំពោះមតិយោបល់របស់អ្នក</string>
  <string name="add_sub_transaction_input_more_than_left">ចំនួនថវិកាបញ្ចូល ច្រើនជាង ថវិកានៅសល់</string>
  <string name="warning">បំរាម</string>
  <string name="process">Processing…</string>
  <string name="error_no_google_map">ដើម្បីប្រើសមត្ថភាពនេះបាន សូមបញ្ចូលបន្ថែម Google Maps</string>
  <string name="set">ដាក់</string>
  <string name="category_manager_title">គ្រប់គ្រង ចំណាត់ថ្នាក់</string>
  <string name="category_manager_notice_cannot_edit_default_category">មិនអាចកែ ចំណាត់ថ្នាក់ដើម</string>
  <string name="category_manager_confirm_delete_category">តើអ្នកចង់លុប ចំណាត់ថ្នាក់ %1$s មែនទេ? រាល់ប្រតិបត្តិការណ៍ ស្ថិតនៅក្នុងចំណាត់ថ្នាក់នេះ នឹងត្រូវបានលប់ដែរ ។</string>
  <string name="category_manager_delete_success_message">ចំណាត់ថ្នាក់ %1$s ត្រូវបានលុប</string>
  <string name="create_category_title">ចំណាត់ថ្នាក់ ថ្មី</string>
  <string name="edit_category_title">កែ ចំណាត់ថ្នាក់</string>
  <string name="create_category_name_title">ឈ្មោះ</string>
  <string name="create_category_select_icon_title">រូបតំណាង</string>
  <string name="create_category_default_parent_category">ចំណាត់ថ្នាក់មេ</string>
  <string name="create_category_parent_category">ចំណាត់ថ្នាក់មេ</string>
  <string name="create_category_hint_name_review">Category Name</string>
  <string name="create_category_message_duplicate_DB">ចំណាត់ថ្នាក់នេះ មានរួចហើយ</string>
  <string name="create_category_select_type_error">អ្នកត្រូវជ្រើសរើស ប្រភេទចំណាត់ថ្នាក់</string>
  <string name="create_category_input_name_error">ដាក់ឈ្មោះ ចំណាត់ថ្នាក់ របស់អ្នក</string>
  <string name="create_category_select_icon_error">កុំភ្លេច រូបតំណាង ចំណាត់ថ្នាក់</string>
  <string name="select_parent_category_title">ជ្រើសរើស ចំណាត់ថ្នាក់មេ</string>
  <string name="message_transfer_successful">បញ្ចូន ជោគជ័យ!</string>
  <string name="title_dialog_transfer">ពី %1$s</string>
  <string name="back">ត្រលប់</string>
  <string name="message_currency_error">តើអ្នកចង់ផ្លាស់ប្តូរ ពី %1$s ទៅ %2$s មែនទេ?</string>
  <string name="note_income_transfer">ទទួលបានពី %1$s</string>
  <string name="message_amount_zero">ចំនួនទឹកប្រាក់ផ្ទេរ ត្រូវធំជាង សូន្យ</string>
  <string name="default_note_transfer">បានផ្ទេរ ទៅ %1$s</string>
  <string name="monthly_report_start_balance">សមតុល្យ ចាប់ផ្តើម</string>
  <string name="monthly_report_this_month_balance">Net Income</string>
  <string name="monthly_report_end_balance">សមតុល្យ បញ្ចប់</string>
  <string name="monthly_report_compare_to_previous_month">ប្រៀបធៀប ប្រចាំខែ</string>
  <string name="monthly_report_largest_expense">ចំណាយ ច្រើនបំផុត</string>
  <string name="monthly_report_expense_by_category">ចំណាយ តាមចំណាត់ថ្នាក់</string>
  <string name="monthly_report_nodata">គ្មានរបាយការណ៍ សំរាប់ខែនេះ</string>
  <string name="monthly_report_nodata_guide">របាយការណ៍ នឹងបង្ហាញដោយស្វ័យប្រវត្តិ បន្ទាប់ពី ខែថ្មី បានចាប់ផ្តើម</string>
  <string name="search_result">លទ្ធផល ស្វែងរក</string>
  <string name="type">ប្រភេទ</string>
  <string name="with">ជាមួយ</string>
  <string name="select_time">ជ្រើសរើស រយៈពេល</string>
  <string name="notification_center_message_empty_notification">គ្មាន ការជូនដំណឹង</string>
  <string name="notification_center_title">មជ្ឈមណ្ឌល ជូនដំណឹង</string>
  <string name="notification_center_delete_read_notifications">លុប សារបានអាន</string>
  <string name="notification_center_mark_all_as_read">កំណត់ ទាំងអស់ គឺបានអាន</string>
  <string name="debt_manager_title">បំណុល</string>
  <string name="debt_wallet">Payable</string>
  <string name="loan_wallet">Receivable</string>
  <string name="now">មិនបានទូទាត់</string>
  <string name="past">បានទូទាត់</string>
  <string name="note_transaction_saving">Withdraw from saving %1$s</string>
  <string name="saving_overview_title">សន្សំ</string>
  <string name="saving_overview_deposit">ប្រាក់បញ្ញើ</string>
  <string name="saving_overview_need">ត្រូវការ</string>
  <string name="saving_overview_spend">ចំណាយ</string>
  <string name="saving_overview_withdraw">ដកប្រាក់</string>
  <string name="saving_deposit">Deposit to saving plan %1$s</string>
  <string name="saving_withdraw_default_note">Withdraw from saving plan %1$s</string>
  <string name="saving_overview_no_data_guide">ចុចប៊ូតុង %1$s ខាងលើ ដើម្បីបន្ថែមគំរោងថ្មី</string>
  <string name="saving_menu_deposit">ប្រាក់បញ្ញើ</string>
  <string name="saving_menu_withdraw">ដកប្រាក់</string>
  <string name="saving_menu_spendon">ចំណាយលើ…</string>
  <string name="saving_add_title">បន្ថែម ការសន្សំ</string>
  <string name="saving_edit_title">កែ គណនីសន្សំ</string>
  <string name="saving_add_name_title">ឈ្មោះ</string>
  <string name="saving_add_start_amount">ចាប់ផ្តើម ចំនួន</string>
  <string name="saving_add_success">បង្កើត គណនីសន្សំ ថ្មី</string>
  <string name="saving_add_error_goal_amount">អ្នកត្រូវតែបញ្ចូល ចំនួនទឹកប្រាក់ តាមគោលបំណង!</string>
  <string name="saving_add_error_name">អ្នកត្រូវដាក់ ឈ្មោះ គណនីសន្សំ!</string>
  <string name="saving_add_error_icon">អ្នកត្រូវ ជ្រើសរើសយក រូបតំណាង!</string>
  <string name="saving_add_cancel_adding">តើអ្នកចង់បញ្ឈប់ ការសន្សំនេះ?</string>
  <string name="saving_add_discard_edit">តើអ្នកចង់បោះបង់ចោល ការផ្លាស់ប្តូរសន្សំនេះ?</string>
  <string name="dialog_select_event_remove">លុប ព្រឹត្តិការណ៍</string>
  <string name="event_add_title">បន្ថែម ព្រឹត្តិការណ៍</string>
  <string name="event_edit_title">កែ ព្រឹត្តិការណ៍</string>
  <string name="event_input_name_error">ដាក់ឈ្មោះ ព្រឹត្តិការណ៍របស់អ្នក</string>
  <string name="event_select_icon_error">កុំភ្លេច រូបតំណាង សំរាប់ព្រឹត្តិការណ៍</string>
  <string name="event_overview_view_transactions">ប្រតិបត្តិការណ៍</string>
  <string name="event_overview_deposit">ប្រាក់បញ្ញើ</string>
  <string name="event_overview_withdraw">ដកប្រាក់</string>
  <string name="event_overview_deposited">បានដាក់ប្រាក់បញ្ញើរ</string>
  <string name="event_overview_finish">រួចរាល់</string>
  <string name="event_overview_no_data_guide">ចុចប៊ូតុង %1$s ខាងលើ ដើម្បីបន្ថែមគំរោងថ្មី</string>
  <string name="event_menu_mark_as_finished">សំគាល់ថា បានបញ្ចប់</string>
  <string name="event_menu_mark_as_unfinish">សំគាល់ថា មិនបានបញ្ចប់</string>
  <string name="interest_rate_title">អត្រា ការប្រាក់</string>
  <string name="interest_rate">អត្រា</string>
  <string name="time_from">ចន្លោះពេល</string>
  <string name="select_type_interest">ប្រភេទ ការប្រាក់</string>
  <string name="date_to_invalid">ថ្ងៃបញ្ចប់ ត្រូវនៅក្រោយ ថ្ងៃចាប់ផ្តើម </string>
  <string name="amount_empty">សូមបញ្ចូល ចំនួន</string>
  <string name="time_mode_interest">ប្រភេទ ពេលវេលា</string>
  <string name="rate_empty">សូមបញ្ចូល អត្រាតំលៃ</string>
  <string name="time_empty">សូមបញ្ចូល ពេលវេលា</string>
  <string name="interest">ចំនួន ការប្រាក់</string>
  <string name="number_of_period">ចំនួន នៃដំណាក់កាល</string>
  <string name="total_amount">ចំនួនសរុប</string>
  <string name="interest_result">លទ្ធផល</string>
  <string name="total_people">ជាមួយ %d នាក់</string>
  <string name="percent_tip">tip %1$s%%</string>
  <string name="total_pay">ចំណាយ សរុប</string>
  <string name="total_tip">ជំនួយ សរុប</string>
  <string name="total_tip_person">ចំនួនអ្នក ជំនួយ</string>
  <string name="total_per_person">ចំនួន ចំពោះម្នាក់ៗ</string>
  <string name="note_it">សំគាល់</string>
  <string name="no_tip">គ្មាន ជំនួយ</string>
  <string name="more_people">ចំនួន មនុស្ស</string>
  <string name="more_tip">ភាគរយ ជំនួយ</string>
  <string name="calculate">គណនា</string>
  <string name="change_review">%1$s%% is better, &lt;b&gt;change?&lt;/b&gt;</string>
  <string name="empty_amount">ចំនួន គឺ ទទេ</string>
  <string name="inapp_purchase">ជំរើស បុព្វលាភ</string>
  <string name="message_purchase_error">ការជាវ មានកំហុស</string>
  <string name="message_purchase_success">ការជាវ បានជោគជ័យ សូមចាប់ផ្តើមប្រតិបត្តិការណ៍ឡើងវិញ</string>
  <string name="purchase_bought">អ្នកបានជាវ</string>
  <string name="reset_app_to_change">ចាប់ផ្តើម កម្មវិធី ឡើងវិញ ដើម្បីអនុវត្តការផ្លាស់ប្តូរថ្មី</string>
  <string name="purchase_buy_all_title">ទៅកាន់ បុព្វលាភបន្ថែម</string>
  <string name="purchase_buy_all_text">បង្កើតបាន កាបូបច្រើន គំរោង គំរោងសន្សំ ព្រឹត្តិការណ៍ផ្សេងៗ\n គ្មានការផ្សព្វផ្សាយពាណិជ្ជកម្ម!</string>
  <string name="purchase_buy_ads_title">លុប ការផ្សព្វផ្សាយពាណិជ្ជកម្ម</string>
  <string name="purchase_buy_ads_text">ចូលរួមក្នុងការប្រើប្រាស់ Money Lover ដោយគ្មាន ការផ្សព្វផ្សាយពាណិជ្ជកម្ម!</string>
  <string name="purchase_input_premium_code_text">បើសិនអ្នកមាន លេខកូដ អញ្ញាបណ្ណ</string>
  <string name="purchase_notice_buy_features">ជំនាន់ប្រើប្រាស់ឥតគិតថ្លៃ អ្នកអាចបង្កើតបាន គំរោងមួយ គណនីសន្សំមួយ និងព្រឹត្តការណ៍មួយតែប៉ុណ្ណោះ ហើយអ្នកមិនអាចប្រើប្រាស់ បានគ្រប់សមត្ថភាព ឡើយ ។​ សូមចូលទៅកាន់ បុព្វលាភ ដើម្បីបង្កើត គំរោង គណនីសន្សំ ព្រឹត្តការណ៍ គ្មានដែនកំណត់ និងមានឱកាសចូលប្រើប្រាស់ គ្រប់សមត្ថភាពទាំងអស់</string>
  <string name="premium_code">បញ្ចូល លេខអញ្ញាបណ្ណ</string>
  <string name="license_code_not_correct">លេខអញ្ញាបណ្ណ មិនត្រឹមត្រូវ</string>
  <string name="license_code_success">លេខអញ្ញាបណ្ណ ត្រឹមត្រូវ ។ លោកអ្នកអាច ប្រើប្រាស់រាល់សមត្ថភាពទាំងអស់ ក្នុង %1$s</string>
  <string name="widget_select_account_empty">អ្នកត្រូវការ កាបូបមួយ មុននឹងបង្កើត វិតហ្គេត</string>
  <string name="widget_simple_light_name">វិតហ្គេត ធម្មតា ភ្លឺ</string>
  <string name="widget_select_account_title">ជ្រើសរើស កាបូប</string>
  <string name="ail_message_empty_image">គ្មាន រូបថត នៅសល់</string>
  <string name="ail_guide_1">អ្នកថតរូបមួយ</string>
  <string name="ail_guide_2">ដូច្នេះ អ្នកអាចបន្ថែម ប្រតិបត្តិការណ៍ លើកក្រោយ</string>
  <string name="migrate_dialog_message">Money Lover នឹងផ្ទេរទិន្នន័យរបស់អ្នក ពីសម័យចាស់ ទៅសម័យថ្មី ។ តើអ្នកចង់បន្ត?</string>
  <string name="migrate_dialog_notice">សំគាល់</string>
  <string name="migrate_dialog_disabled_function">នៅក្នុងកំណែសម័យនេះ សមត្ថភាព វិក័យបត្រនឹងត្រូវបិទបណ្តោះអាសន្ន យ៉ាងណាក៏ដោយ ទិន្នន័យវិក័យបត្ររបស់អ្នក នៅតែត្រូវបានផ្ទេរ ។</string>
  <string name="migrate_dialog_cancel_message">អ្នកនៅតែអាចជ្រើសរើសបញ្ចូល ទៅក្នុង %1$s តែទិន្នន័យថ្មីទាំងអស់របស់អ្នក ចាប់ពីពេលនេះទៅនឹងបាត់បង់ ជានិរន្ត៍</string>
  <string name="migrate_processing_transfer_currencies">កំពុងផ្ទេររូបីយបណ្ណ</string>
  <string name="migrate_processing_transfer_accounts">កំពុងផ្ទេរ គណនីចាស់ ទៅក្នុង កាបូប ក្នុងជំនាន់ថ្មី</string>
  <string name="migrate_processing_transfer_master_categories">កំពុងផ្ទេរ ចំណាត់ថ្នាក់មេ</string>
  <string name="migrate_processing_transfer_categories">កំពុងផ្ទេរ ចំណាត់ថ្នាក់</string>
  <string name="migrate_processing_transfer_transactions">កំពុងផ្ទេរ ប្រតិបត្តិការណ៍</string>
  <string name="migrate_processing_transfer_tagged_people">កំពុងផ្ទេរ ឈ្មោះមនុស្ស</string>
  <string name="migrate_processing_transfer_sub_transactions">កំពុងផ្ទេរ ប្រតិបត្តិការណ៍បន្ទាប់បន្សំ</string>
  <string name="migrate_processing_transfer_interests">កំពុងផ្ទេរ ការប្រាក់</string>
  <string name="migrate_processing_transfer_bills">កំពុងផ្ទេរ វិក័យបត្រ</string>
  <string name="migrate_processing_transfer_budgets">កំពុងផ្ទេរ គំរោង</string>
  <string name="migrate_processing_transfer_campaigns">កំពុងផ្ទេរ គណនីសន្សំ និងព្រឹត្តិការណ៍</string>
  <string name="restore_title">កំណត់ ទិន្នន័យ ឡើងវិញ</string>
  <string name="restore_message_successful">នាំចូល បានជោគជ័យ!</string>
  <string name="restore_message_error">មានកំហុស ពេលកំពុងនាំចូលទិន្នន័យ</string>
  <string name="restore_loading_file_from_dropbox">ទាញយក ឯកសារពី Dropbox…</string>
  <string name="restore_connect_dropbox">ភ្ជាប់ ជាមួយ Dropbox</string>
  <string name="restore_message">ជ្រើសរើស ឯកសារមួយ ខាងក្រោម ដើម្បីកំណត់ទិន្នន័យឡើងវិញ ពី</string>
  <string name="restore_message_edit">ជ្រើសរើស ឯកសារ ដើម្បីលុប</string>
  <string name="restore_empty_file">គ្មាន ឯកសារ</string>
  <string name="restore_disconnect_dropbox">គ្មានតំណ Dropbox</string>
  <string name="restore_disconnect_dropbox_confirm">តើអ្នកពិតជាចង់ ផ្តាច់ពី Dropbox?</string>
  <string name="backup_title">ចំលងទុក ទិន្នន័យ</string>
  <string name="backup_file_name">ចំលងទុក ទៅកាន់ ឯកសារ</string>
  <string name="backup_notice_about_file_ext">From this version, we use the new file extension &lt;b&gt;.mlx&lt;/b&gt; , but you still can import both .money and .mlx file into %1$s</string>
  <string name="backup_success_message">ចម្លងទុក បានជោគជ័យ</string>
  <string name="backup_fail_message">ចម្លងទុក បរាជ័យ</string>
  <string name="navigation_group_support">ជំនួយ</string>
  <string name="navigation_group_setting">ការកំណត់</string>
  <string name="navigation_group_plans">គំរោង</string>
  <string name="navigation_group_others">ផ្សេងៗ</string>
  <string name="navigation_group_tools">ឧបករណ៍</string>
  <string name="widget_account_was_deleted">Wallet was deleted</string>
  <string name="tools_install_go_to_playstore">ទៅកាន់ Play Store</string>
  <string name="tools_shopping_lover_intro">កម្មវិធី ត្រូវបានបង្កើតឡើងតាមតំរូវការអ្នកចូលចិត្តទិញទំនិញ ។ វាអាចជួយ និងជំរុញល្បឿននៃការដើរទិញ និងការពារអ្នកពីកំហុសផ្សេងៗបាន</string>
  <string name="tools_exchanger_intro">អត្រាប្តូរប្រាក់ គឺជាវិធីដ៏ងាយស្រួលមួយ ដើម្បីប្តូរ រូបីយបណ្ណ លើទូរស័ព្ទដៃ &lt;br /&gt;
- រចនាល្អឥតខ្ចោះ &lt;br /&gt;
- ប្រភេទរូបីយបណ្ណ ច្រើនជាង 100 ប្រទេស&lt;br /&gt;
- ផ្លាស់ប្តូរ រូបីយបណ្ណ ជាច្រើន ក្នុងពេលតែមួយ &lt;br /&gt;
- ប្រភេទ ក្រៅបណ្តាញ (មិនត្រូវការភ្ជាប់អ៊ីនធឺណែត)</string>
  <string name="rate_app_dont_show_again">កុំបង្ហាញការរំលឹក ការវាយតំលៃ ម្តងទៀត</string>
  <string name="rate_app_dont_show_again_short">កុំបង្ហាញម្តងទៀត</string>
  <string name="rate_app_config_title">ការកំណត់ ការវាយតំលៃកម្មវិធី</string>
  <string name="delete">លុប</string>
  <string name="restore_delete_message">តើអ្នកចង់លុប ឯកសារទាំងនេះ ជានិរន្ត៍?</string>
  <string name="restore_message_confirm">តើអ្នកចង់ កំណត់ទិន្នន័យឡើងវិញ ពីឯកសារ %1$s? រាល់ទិន្នន័យបច្ចុប្បន្នរបស់អ្នក នឹងត្រូវបានលុប!</string>
  <string name="restore_autobackup_fail">ស្វ័យចម្លងទុក បរាជ័យ ។ ដំណើរការកំណត់ឡើងវិញ មិនអាចបន្ត ។</string>
  <string name="deleting">កំពុងលុប…</string>
  <string name="purchase_error_unknown">កំហុសផ្សេងៗ កើតឡើង</string>
  <string name="purchase_please_wait_until_data_is_loaded">សូមរង់ចាំ ដល់ពេលទិន្នន័យ បានទាញយក</string>
  <string name="announce_update_lost_data_message">&lt;p&gt; យើងខ្ញុំកំពុងតំឡើងសម័យ Money Lover ទៅជំនាន់ថ្មី និងបញ្ចូលទិន្នន័យរបស់អ្នកពីចាស់ ទៅថ្មី ។ ក្នុងពេលដំណើរការ អ្នកអាចមានការបាត់បង់ទិន្នន័យខ្លះ ។ &lt;/p&gt;&lt;p&gt;&lt;b&gt; តាមបច្ចេកទេស ទិន្នន័យរបស់អ្នកនៅតែរក្សាទុកដដែល ទោះបីជាដំណើរការបញ្ចូលមានកំហុសក៏ដោយ &lt;/b&gt;&lt;/p&gt;&lt;p&gt; បើសិនជាមានការបាត់បង់ណាមួយ សូមទំនាក់ទំនងមកយើងខ្ញុំ នោះយើងខ្ញុំនឹងជួយអ្នក ក្នុងការស្វែងរក ទិន្នន័យ ឡើងវិញ&lt;/p&gt; ។</string>
  <string name="announce_update_lost_data_message_title">អំពីការបាត់បង់ ទិន្នន័យ ក្រោយពីការដំឡើងសម័យ</string>
  <string name="cannot_find_my_language">បន្ថែម ភាសា?</string>
  <string name="feedback_language_text">សួស្តី! \nខ្ញុំមានបំណងបកប្រែភាសាដូចខាងក្រោម ៖\n</string>
  <string name="feedback_language_subject">[LANG] មតិយោបល់ សំរាប់ ភាសា</string>
  <string name="message_more_languages">យើងខ្ញុំ កំពុងធ្វើការបកប្រែភាសា Money Lover ជំនាន់ថ្មី ទៅកាន់ភាសាផ្សេងទៀត ហើយដំណើរការនេះអាចនឹងចំណាយពេលវេលាបន្តិច ។ ដូច្នេះយើងខ្ញុំ ពិតជាត្រូវការជំនួយ ពីអ្នកប្រើប្រាស់ទាំងអស់គ្នា ដើម្បីបង្កើនល្បឿននេះ ។</string>
  <string name="message_more_languages_help">សូមជួយយើងខ្ញុំ បើសិនជាអ្នកអាចបកប្រែ ពីភាសា អង់គ្លេស ទៅកាន់ភាសាផ្សេងទៀត ។ អ្នកអាចធ្វើការទំនាក់ទំនងយើងខ្ញុំ សំរាប់ព័ត៌មានបន្ថែម ។</string>
  <string name="languagehelp_ok">បាទ/ចា៎ ខ្ញុំនឹងជួយ!</string>
  <string name="languagehelp_cancel">ទេ សូមអធ្យាស្រ័យ :(</string>
  <string name="languagehelp_title">ជំនួយ បកប្រែ</string>
  <string name="changes_log_title">ប្រវត្តិការផ្លាស់ប្តូរ</string>
  <string name="restore_menu_show_auto_backup">បង្ហាញ ឯកសារស្វ័យចម្លងទុក</string>
  <string name="restore_menu_hide_auto_backup">លាក់ ឯកសារស្វ័យចម្លងទុក</string>
  <string name="restore_menu_edit">ជ្រើសរើស ឯកសារ</string>
  <string name="title_view_web">Web Display</string>
  <string name="title_notification_web">ភ្ជាប់ វេប ភ្ញៀវ</string>
  <string name="turn_on_web">បើក ម៉ាស៊ីនមេ</string>
  <string name="turn_off_web">បិទ ម៉ាស៊ីនមេ</string>
  <string name="tab_to_turn_off_web">ចុច ដើម្បីបិទ វេប</string>
  <string name="budget_detail_error_budget_not_exists">គំរោងនេះ មិនមាន</string>
  <string name="new_expense_category">ចំណាត់ថ្នាក់ ចំណាយថ្មី</string>
  <string name="new_income_category">ចំណាត់ថ្នាក់ ចំណូលថ្មី</string>
  <string name="turn_on_wifi">បើក ​Wi-Fi ជាមុន</string>
  <string name="server_off">ម៉ាស៊ីនមេ បិទ</string>
  <string name="access_link">%1$s</string>
  <string name="previous_web">ពីមុន</string>
  <string name="next_web">បន្ទាប់</string>
  <string name="webdisplay_status_title">ស្ថានភាព</string>
  <string name="webdisplay_menu_help">ជំនួយ</string>
  <string name="webdisplay_menu_advance">ជ្រើសរើស កំរិតខ្ពស់</string>
  <string name="add_web">បន្ថែម</string>
  <string name="cashback_loan_info">ចាប់ពី %1$s</string>
  <string name="webdisplay_turning_on">កំពុងបើក…</string>
  <string name="webdisplay_turned_on">បិទ</string>
  <string name="webdisplay_turning_off">កំពុងបិទ…</string>
  <string name="webdisplay_turned_off">បើក</string>
  <string name="set_as_start_date">កំណត់ ថ្ងៃចាប់ផ្តើម</string>
  <string name="set_as_end_date">កំណត់ ថ្ងៃបញ្ចប់</string>
  <string name="webdisplay_warning_port_over">Port ត្រូវនៅចន្លោះ ពី %1$s ទៅ %2$s</string>
  <string name="webdisplay_warning_port_web">Port នេះជាន់ជាមួយនិង %1$s</string>
  <string name="webdisplay_will_change_port">Port នឹងត្រូវបានផ្លាស់ប្តូរ បន្ទាប់ពីបើក Service ម្តងទៀត</string>
  <string name="webdisplay_open_web_browser">បើក អាស័យដ្ឋាននេះ នៅក្នុងគេហទំព័រ</string>
  <string name="webdisplay_warning_port_exist">Port ត្រូវបានជ្រើសរើស ចូរជ្រើសរើស Port ផ្សេងទៀត</string>
  <string name="webdisplay_change_port">ប្តូរ Port</string>
  <string name="webdisplay_web_actions">សកម្មភាព</string>
  <string name="webdisplay_web_feedback_support">មតិយោបល់ \u0026 ជំនួយ</string>
  <string name="webdisplay_web_add_more">បន្ថែមទៀត</string>
  <string name="reset_data_message">តើអ្នកចង់ រំលាយ ទិន្នន័យទាំងអស់? ទិន្នន័យទាំងអស់មានដូចជា កាបូប ប្រតិបត្តិការណ៍ គំរោង ការសន្សំ ឬព្រឹត្តិការណ៍ផ្សេង នឹងត្រូវលុប ។ សកម្មភាពនេះ មិនអាច បរាជ័យ នោះទេ</string>
  <string name="upload_to_dropbox_success">បញ្ចូល ទៅក្នុង DropBox</string>
  <string name="message_large_spend_amount">ចំនួនទឹកប្រាក់ ដែលបានបញ្ចូល ត្រូវតែតិចជាង ចំនួនទឹកប្រាក់បច្ចុប្បន្នដែលបានរក្សាទុក</string>
  <string name="message_error_select_parent_cate">មិនអាច ជ្រើសរើសខ្លួនឯង ជាមេ</string>
  <string name="translated_by">Translated by %1$s</string>
  <string name="add_transaction_with_suggestion">You can add people who is not in contact by adding a comma ( , ) after their name.</string>
  <string name="msg_add_transaction_first">Do you want to add the very first transaction now?</string>
  <string name="global">Global</string>
  <string name="notification_bank_sms_title">Your %1$s wallet change %2$s</string>
  <string name="custom_range_cashbook">Custom</string>
  <string name="navigation_travel_mode">Travel Mode</string>
  <string name="select_event_title">Select event</string>
  <string name="travel_mode_description">In travel mode, you can select a running event to be auto selected each time you create a transaction.</string>
  <string name="travel_mode_activated_message">Travel mode is on. Happy travelling!</string>
  <string name="travel_mode_turn_off_message">Do you want to turn Travel Mode off?</string>
  <string name="travel_mode_quick_add_notification">Add to event %1$s</string>
  <string name="travel_mode_turned_off_message">Travel mode is off</string>
  <string name="purchase_description">Each purchase is valid for only 100 years.</string>
  <string name="backup_select_one">Select one</string>
  <string name="repeat_transaction_mode_month_same_days">on %1$s each month</string>
  <string name="repeat_transaction_mode_month_this_day">on every %1$s %2$s of month</string>
  <string name="repeat_transaction_times_duration_for_a_number_of_event_shorted">For</string>
  <string name="repeat_transaction_manager">Recurring Transactions</string>
  <string name="recent_transaction_no_transactions">No recent transactions</string>
  <string name="repeat_transaction_next_repeat">Next repeat</string>
  <string name="repeat_transaction_need_specify_repeat">You need to specify repeat options</string>
  <string name="recent_transaction_dialog_list_title">Recent transaction</string>
  <string name="repeat_transaction_message_confirm_delete_template">Do you want to delete this template?</string>
  <string name="repeat_transaction_no_template">There is no repeat templates</string>
  <string name="repeat_transaction_no_repeat">No repeat</string>
  <string name="repeat_transaction_next_repeat_at">Next repeat at %1$s</string>
  <string name="share_need_to_download_before_sharing">This file will be downloaded from DropBox before being shared</string>
  <string name="repeat_transaction_add_template">Add recurring transaction</string>
  <string name="repeat_transaction_edit_template">Edit recurring transaction</string>
  <string name="recent_transaction_show_when_add_transaction">Show this dialog automatically when add transaction</string>
  <string name="message_login_now">After enter promotion code, you could create an Money Lover account to link your account with your Premium status. If you have another device, login Money Lover with your account so Premium status in that device will be automatically activated.</string>
  <string name="recent_transaction_dialog_description">You can import transaction data from these previous ones</string>
  <string name="repeat_transaction_every">Every</string>
  <string name="repeat_transaction_from">From</string>
  <string name="repeat_transaction_at">at</string>
  <string name="repeat_transaction_times">times</string>
  <string name="event_delete_message">Do you want to delete this event?</string>
  <string name="saving_delete_message">Do you want to delete this saving?</string>
  <string name="budget_delete_message">Do you want to delete this budget?</string>
  <string name="transaction_detail_cashback_left">Left</string>
  <string name="transaction_detail_cashback_paid">Paid</string>
  <string name="add_account_error_message_no_currency">Please select one currency for your wallet</string>
  <string name="store_download_fail">Can not download icon at this moment</string>
  <string name="dialog_turn_on_location_service">Do you want turn on location service?</string>
  <string name="set_icon_default_tab">Default</string>
  <string name="set_icon_tab_sdcard">Downloaded</string>
  <string name="set_icon_more_tab">More icon</string>
  <string name="store_preview_icon">Preview</string>
  <string name="store_buy_icon">Buy</string>
  <string name="store_icon_title">Icon Store</string>
  <string name="store_purchase_preview">Preview</string>
  <string name="download">Download</string>
  <string name="do_not_show_again">Don\'t show again</string>
  <string name="new_icon_packs_are_available">Two new icon packs are available for using for category, event and saving. You can create a new category to see them right now!</string>
  <string name="dialog_share_account">Share wallet with</string>
  <string name="share_account_success">Share wallet success</string>
  <string name="dialog_sharing_account">Sharing…</string>
  <string name="email_address_invalid">Email address invalid</string>
  <string name="set_location_get_address_error">Can not load address now, please try again later!</string>
  <string name="cashbook_balance">Balance</string>
  <string name="statistic_trends">Trends</string>
  <string name="sync_transferring_data">Transferring data</string>
  <string name="sync_running">Sync is in progress…</string>
  <string name="trend_criteria_collapsed_time">From &lt;b&gt;%1$s&lt;/b&gt; to &lt;b&gt;%2$s&lt;/b&gt;</string>
  <string name="transaction_detail_set_location">Set location</string>
  <string name="transaction_detail_can_not_download_image">Can not download this image, please try another.</string>
  <string name="user_unauthenticated">You must login first</string>
  <string name="share_account_error">Share wallet failed</string>
  <string name="beta">Beta</string>
  <string name="sync_error">Sync error</string>
  <string name="sync_notification_ticker_text">Syncing data with server</string>
  <string name="sync_notification_content_title">Sync Money Lover</string>
  <string name="login_success">Login successfully</string>
  <string name="login_forgot_password">Forgot password?</string>
  <string name="register_show_password">Show password</string>
  <string name="sync_done">Sync process has done successfully</string>
  <string name="login_fail">Invalid email/password combination. Please try again.</string>
  <string name="connecting">Connecting…</string>
  <string name="sync_account">Sync wallet</string>
  <string name="message_sync_transfer_data">Do you want to transfer data?</string>
  <string name="sync_dialog_transfer_title">Transfer data</string>
  <string name="sync_running_cannot_add_item">Sync process is running, please wait for a moment</string>
  <string name="sync_last_sync">Last sync: %1$s</string>
  <string name="sync_sync_first_time">Tap to sync for the first time</string>
  <string name="icon_xmas_notification_title">Merry Xmas with new icon pack!</string>
  <string name="icon_xmas_notification_content">Holiday is coming: Decorate Money Lover with the beautiful Christmas icon pack today! And it’s free!</string>
  <string name="store_icon_re_download">Download again</string>
  <string name="store_icon_free">Free</string>
  <string name="store_icon_list_empty">No icon packs</string>
  <string name="store_icon_canceled_message">Download for icon package %1$s was canceled</string>
  <string name="store_icon_download_finished_message">Icon package %1$s was downloaded. You can use those new icons when creating category, event or saving.</string>
  <string name="transaction_detail_show_advanced">Add more detail</string>
  <string name="refresh">Refresh</string>
  <string name="navigation_store">Money Lover Store</string>
  <string name="create_category_select_parent_error">Can not choose this category as parent</string>
  <string name="sync_error_timeout">server is maintained</string>
  <string name="sync_error_server_busy">Server is busy</string>
  <string name="sync_register_success">Register successfully</string>
  <string name="transaction_detail_warning_time_not_in_range">This date is not in budget %1$s\' time range (%2$s)</string>
  <string name="notification_message_remind_transaction">You set a notification for a transaction %1$s: %2$s. Tap to view its detail.</string>
  <string name="location_add_new_address">Add %1$s as a place</string>
  <string name="category_none_name">No categories</string>
  <string name="saving_add_startamount_over">Start amount can not large than goal amount</string>
  <string name="share_account_permission">Set this person as OWNER so they can view, add, edit, delete all kind of data in this wallet</string>
  <string name="error_can_not_load_wallet">Can not load wallet or the selected wallet was deleted. Please try again or open application not from shortcut.</string>
  <string name="select_category_tap_to_create_one">Tap to create one</string>
  <string name="error_can_not_change_wallet_transaction_debt_loan">Can not change wallet for debt, loan transaction</string>
  <string name="quick_add_manager_title">Show on status bar</string>
  <string name="account_manager_create_shortcut">Create shortcut</string>
  <string name="budget_no_data">No budgets</string>
  <string name="event_no_data">No events</string>
  <string name="saving_no_data">No savings</string>
  <string name="notification_center_no_data">No notifications</string>
  <string name="recurring_transaction_no_data">No recurring transactions</string>
  <string name="notification_like_fan_page_title">Like us on Facebook</string>
  <string name="notification_like_fan_page_text">keep in touch with us for updates, tips and occasional free stuff</string>
  <string name="share_account_email_target">Email which you want to share with</string>
  <string name="share_account_email_error">This string is not a valid email address</string>
  <string name="monthly_report_other_categories">Other categories</string>
  <string name="transfer_wallet_unknown_error_message">Can not transfer between wallets at this moment, please try again. If you still see this message next time, please contact us so we can help to fix this problem.</string>
  <string name="forgot_password_error_wrong_email">This email is not registered with us, please try again.</string>
  <string name="forgot_pass_success">Please check your email account for further instructions.</string>
  <string name="register_error_email_exists">This email is unavailable. Please choose another one.</string>
  <string name="promote_event_expire">This event is already finished</string>
  <string name="promote_event_error_wrong_code">Invalid promote code. Please try again.</string>
  <string name="register_error_server">Our server encountered an weird error and we\'ve been noticed. Please take a cup of coffee why we\'re fixing it.</string>
  <string name="register_error_entered_info_not_enough">Please fill all information to continue</string>
  <string name="purchase_post_facebook_success">Thanks for sharing</string>
  <string name="promote_event_input_successfully">Promote code is valid. Now you can use all features as a Premium user! Thank you for using %1$s</string>
  <string name="promote_event_share_facebook">Share on Facebook</string>
  <string name="promote_event_login_description">TIP: Register a %1$s account to link your Premium status with that account, so next time you login to %1$s, you will have your Premium status back.</string>
  <string name="promote_event_share_facebook_description">It would be cool to share this code to your friends! Don\'t worry, it won\'t affect your Premium status.</string>
  <string name="notification_center_message_already_logged_in">You\'ve already logged in.</string>
  <string name="congratulation">Congratulation!</string>
  <string name="cashbook_pull_to_add_transaction">Pull to add transaction</string>
  <string name="cashbook_release_to_add_transaction">Release to add transaction</string>
  <string-array name="cashbook_set_timerange_items">
    <item>Day</item>
    <item>Week</item>
    <item>Month</item>
    <item>Quarter</item>
    <item>Year</item>
    <item>All</item>
    <item>Custom</item>
  </string-array>
  <string-array name="delimiters">
    <item>ចុចក្បៀស ( ; )</item>
    <item>ក្បៀស ( , )</item>
    <item>ចូលបន្ទាត់</item>
  </string-array>
  <string-array name="create_budget_array_time_range">
    <item>ខែនេះ</item>
    <item>ត្រីមាសនេះ</item>
    <item>ឆ្នាំនេះ</item>
    <item>ខែក្រោយ</item>
    <item>ត្រីមាសក្រោយ</item>
    <item>ឆ្នាំក្រោយ</item>
    <item>រយៈពេល ផ្សេង</item>
  </string-array>
  <string-array name="budget_overview_titles">
    <item>កំពុងធ្វើការ</item>
    <item>បានបញ្ចប់</item>
  </string-array>
  <string-array name="category_manager_edit_cate_menu">
    <item>@string/edit</item>
    <item>@string/delete</item>
  </string-array>
  <string-array name="debt_overview_titles">
    <item>@string/debt_wallet</item>
    <item>@string/loan_wallet</item>
  </string-array>
  <string-array name="campaign_overview_titles">
    <item>កំពុងធ្វើការ</item>
    <item>បានបញ្ចប់</item>
  </string-array>
  <string-array name="arrays_time_mode">
    <item>ប្រចាំសប្តាហ៍</item>
    <item>រាល់ ១៤ថ្ងៃ</item>
    <item>ប្រចាំខែ</item>
    <item>រាល់ ៣ ខែ</item>
    <item>រាល់ ៦ ខែ</item>
    <item>ប្រចាំឆ្នាំ</item>
  </string-array>
  <string-array name="arrays_type">
    <item>ការប្រាក់ ទោល</item>
    <item>ការប្រាក់ ពហុ</item>
  </string-array>
  <string-array name="repeat_transaction_time_mode">
    <item>Repeat Daily</item>
    <item>Repeat Weekly</item>
    <item>Repeat Monthly</item>
    <item>Repeat Yearly</item>
  </string-array>
  <string-array name="backup_list_file_backup_select_item">
    <item>@string/restore_title</item>
    <item>@string/backup_share</item>
  </string-array>
  <string-array name="repeat_transaction_mode_month_week">
    <item>first</item>
    <item>second</item>
    <item>third</item>
    <item>fourth</item>
    <item>fifth</item>
    <item>sixth</item>
  </string-array>
  <string-array name="repeat_transaction_times_duration">
    <item>Forever</item>
    <item>Until</item>
    <item>For a number of events</item>
  </string-array>
  <string-array name="trend_type">
    <item>@string/expense</item>
    <item>@string/income</item>
    <item>Net Income</item>
  </string-array>
  <string-array name="trend_criteria">
    <item>Overtime</item>
    <item>By Category</item>
  </string-array>
  <plurals name="cashbook_transaction_count">
    <item quantity="other">%d ប្រតិបត្តិការណ៍</item>
  </plurals>
  <plurals name="budget_days_left">
    <item quantity="other">នៅសល់ %d ថ្ងៃ</item>
  </plurals>
  <plurals name="ail_view_photo_title">
    <item quantity="other">នៅសល់ %1$s រូបថត</item>
  </plurals>
  <plurals name="editbar_selected_count">
    <item quantity="other">បានជ្រើសរើស %d ធាតុ</item>
  </plurals>
</resources>
