<?xml version="1.0" encoding="utf-8"?>
<!--Generated by crowdin.net-->
<resources>
  <string name="wpDifferentCurrency">កាបូបដែលអ្នកជ្រើសរើស មិនដូច ឯកតា រូបីយបណ្ណ!!! តើអ្នកចង់ ប្តូរលុយ = </string>
  <string name="downloading">កំពុងទាញយក</string>
  <string name="duplicate">ជាន់គ្នា</string>
  <string name="wpeditAmount"> ឬអ្នកអាចកែ ចំនួនទឹកប្រាក់ ដោយដៃ</string>
  <string name="wpEmptyContent">គ្មានទិន្នន័យបង្ហាញ</string>
  <string name="wpEmptySymbol">: (</string>
  <string name="wpEndDateAfterStartDateError">ថ្ងៃបញ្ចប់ មិនអាចនៅមុនថ្ងៃចាប់ផ្តើម</string>
  <string name="wpEnterName">ឈ្មោះកាបូប របស់អ្នក?</string>
  <string name="wpEnterPass">បញ្ចូល លេខសំងាត់ របស់អ្នក</string>
  <string name="exit">ចាកចេញ</string>
  <string name="wpExpenseColor">ពណ៌ ការចំណាយ</string>
  <string name="wpFeedBackSubject">[W] មតិយោបល់</string>
  <string name="format">ទំរង់</string>
  <string name="For">សំរាប់</string>
  <string name="wpHeaderColor">ពណ៌ ក្បាលទំព័រ</string>
  <string name="wpHelpUsTranslate">ជួយពួកយើង ក្នុងការបកប្រែ</string>
  <string name="wpIncomeColor">ពណ៌ ចំណូល</string>
  <string name="wpInsertAccountAlert">សូមជ្រើសរើស គណនី</string>
  <string name="wpInsertAmountAlert">សូមបញ្ចូល ចំនួនទឹកប្រាក់</string>
  <string name="wpInsertCategoryAlert">សូមជ្រើសរើស ចំណាត់ថ្នាក់មួយ</string>
  <string name="wpInsertCategoryLength">ប្រវែង នៃឈ្មោះចំណាត់ថ្នាក់ ត្រូវតែវែងជាង ២ ឬខ្លីជាង ៣០!</string>
  <string name="wpInsertImageAlert">សូមជ្រើសរើស រូបតំណាង</string>
  <string name="wpInsertNameAlert">សូមបញ្ចូល ឈ្មោះ</string>
  <string name="wpInsertTimeRangeError">សូមជ្រើសរើស ចន្លោះពេលវេលា</string>
  <string name="wpInsertTypeAlert">សូមជ្រើសរើស ប្រភេទ នៃចំណាត់ថ្នាក់</string>
  <string name="items">ធាតុ</string>
  <string name="wpLiveFolderError">មិនអាចទទួល Money Lover ពីប្រអប់នៅលើ SkyDrive របស់អ្នក សូមព្យាយាមម្តងទៀតលើកក្រោយ</string>
  <string name="wpLocationServiceWarning">LocationServiceWarning</string>
  <string name="wpLocationService">សេវាកម្ម ទីតាំង</string>
  <string name="wpMessage3">កំហុស BNS ៖ សកម្មភាព បានបិទ</string>
  <string name="Message2">កំហុស BNS ៖ ចំនួនអតិបរមា ScheduledActions ប្រភេទនេះ មានរួចហើយ </string>
  <string name="wpMessage1">Background agents សំរាប់កម្មវិធីនេះ ត្រូវបានបិទដោយអ្នកប្រើប្រាស់ ។</string>
  <string name="wpMessage">សារ</string>
  <string name="monday">ច័ន្ទ</string>
  <string name="month">ខែ</string>
  <string name="name">ឈ្មោះ</string>
  <string name="navigations">ទាញរក</string>
  <string name="wpDeleteNotify">តើអ្នកចង់លុប ទាំងអស់?</string>
  <string name="wpNotify7">[របាយការណ៍]</string>
  <string name="wpNotify6">[គណនីសន្សំ]</string>
  <string name="wpNotify5">គំរោងថវិកា {0} បានបញ្ចប់</string>
  <string name="wpNotify4">សូមប្រុងប្រយ័ត្ន គំរោង {0} ជិតនឹងបញ្ចប់</string>
  <string name="wpNotify3_2">កម្ចី {0} បានបញ្ចប់</string>
  <string name="wpNotify3_1">ជំពាក់ {0} បានបញ្ចប់</string>
  <string name="wpNotify2">ថ្ងែនេះ អ្នកមិនមានប្រតិបត្តិការណ៍ណាមួយឡើយ បន្ថែមឥឡូវ?</string>
  <string name="wpNotify1">ព័ត៌មានជំនួយ</string>
  <string name="wpNotify0">សូមស្វាគមន៍ មកកាន់ Money Lover លើប្រតិបត្តិការណ៍ Windows Phone ។ ចាប់ពីថ្ងៃនេះទៅ វានឹងជួយអ្នក រៀបចំនិងគ្រប់គ្រងការចំណាយរបស់អ្នក រក្សាទុកនិងបង្កើតរបាយការណ៍ ជាប្រចាំ ។ សូមសំណាងល្អ ជាមួយ កម្មវិធីនេះ ។</string>
  <string name="notifications">ការជូនដំណឹង</string>
  <string name="notification">ជូនដំណឹង</string>
  <string name="wpNoParent">មិនមាន ប្រភេទមេ</string>
  <string name="number">ទេ. </string>
  <string name="other">ផ្សេង</string>
  <string name="Over">ច្រើនជាង</string>
  <string name="wpOverDue">ផុតកំណត់</string>
  <string name="wpOverAmount">ចំនួនទឹកប្រាក់ អ្នកផ្ទេរ ច្រើនជាងចំណូលសរុប! តើអ្នកចង់ កែ ម្តងទៀត?</string>
  <string name="wpPaidHistory">ប្រវត្តិ នៃការបង់ប្រាក់</string>
  <string name="parent">ប្រភេទ មេ</string>
  <string name="wpPasswordProtected">លេខសំងាត់ ត្រូវបានការពារ</string>
  <string name="payment">ការទូទាត់</string>
  <string name="people">នាក់</string>
  <string name="picture">រូបភាព</string>
  <string name="wpPinToStart">PIN ដើម្បីចាប់ផ្តើម</string>
  <string name="place">ទីតាំង</string>
  <string name="wpPlaceFinder">ស្វែងរក ទីតាំង</string>
  <string name="quarter">ត្រីមាស</string>
  <string name="reason">មូលហេតុ</string>
  <string name="reload">ទាញឡើងវិញ</string>
  <string name="wpReminderAddTran">រំលឹក បន្ថែមប្រតិបត្តិការណ៍</string>
  <string name="wpRestartNotify">អ្នកត្រូវតែ បើកកម្មវិធីនេះឡើងវិញ ដើម្បីឃើញការផ្លាស់ប្តូរថ្មី</string>
  <string name="wpRestoreMess">ការកំណត់ទិន្នន័យឡើងវិញ នឹងជំនួសទិន្នន័យបច្ចុប្បន្នរបស់អ្នកដែលបានជ្រើសរើស ។ ទិន្នន័យទាំងអស់ នឹងត្រូវបាត់បង់ ។ តើអ្នកប្រាកដ ពិតជាចង់ កំណត់ទិន្នន័យឡើងវិញ មែនទេ?</string>
  <string name="wpRestoreComplete">ការកំណត់ឡើងវិញ បានបញ្ចប់</string>
  <string name="restore">ការកំណត់ឡើងវិញ</string>
  <string name="running">កំពុងធ្វើការ</string>
  <string name="wpSamplePlaceSearch">ឈ្មោះ ទីតាំង មួយចំនួន</string>
  <string name="wpSelectedCategory">ចំណាត់ថ្នាក់ បានជ្រើសរើស</string>
  <string name="wpSkydriveLogin">ជំរាបសួរ! មុននឹងចាប់ផ្តើម សូមចូលទៅកាន់ SkyDrive របស់អ្នក</string>
  <string name="sort">រៀបចំ</string>
  <string name="wpSpendWith">ចំណាយ ជាមួយ</string>
  <string name="start_month">ថ្ងៃដំបូង នៃខែ</string>
  <string name="start_week">ថ្ងៃដំបូង នៃសប្តាហ៍</string>
  <string name="sunday">អាទិត្យ</string>
  <string name="sure">ប្រាកដ</string>
  <string name="wpSyncDone">សមកាល បានបញ្ចប់</string>
  <string name="wpThemeManager">គ្រប់គ្រង​ ស្បែក</string>
  <string name="wpThisMonth">ខែនេះ</string>
  <string name="wpThisQuarter">ត្រីមាសនេះ</string>
  <string name="wpThisWeek">សប្តាហ៍នេះ</string>
  <string name="wpThisYear">ឆ្នាំនេះ</string>
  <string name="time_format">ទំរង់ ពេលវេលា</string>
  <string name="wpTimeRange">ពេលវេលា ប្រើប្រាស់</string>
  <string name="title">ចំណងជើង</string>
  <string name="wpToAcount">ទៅ គណនី</string>
  <string name="today">ថ្ងៃនេះ</string>
  <string name="tomorrow">ថ្ងៃស្អែក</string>
  <string name="tranfer">ផ្ទេរ</string>
  <string name="wpTranferFail">សូមពិនិត្យ ព័ត៌មានម្តងទៀត! ចំនួនទឹកប្រាក់ផ្ទេរ ត្រូវធំជាង ០</string>
  <string name="wpTranferComplete">ផ្ទេរប្រាក់ ជោគជ័យ!</string>
  <string name="wpTransferFrom">ផ្ទេរប្រាក់ ពី ៖</string>
  <string name="wpTransferMoney">ផ្ទេរប្រាក់</string>
  <string name="wpTranferingException">TranferingException</string>
  <string name="wpTransactionInfo">ព័ត៌មាន ប្រតិបត្តិការណ៍</string>
  <string name="tutorial">ការណែនាំ</string>
  <string name="unfinished">មិនទាន់សំរេច</string>
  <string name="unit">ឯកតា</string>
  <string name="wpUploadCompleted">បញ្ចូល បានសំរេច</string>
  <string name="uploading">កំពុងបញ្ចូល</string>
  <string name="wpUploadSkydrive">បញ្ចូលទៅ SkyDrive</string>
  <string name="wpUseCustomColor">ប្រើប្រាស់ ពណ៌ ដោយកំណត់ខ្លួនឯង</string>
  <string name="used">បានប្រើប្រាស់</string>
  <string name="wpViewMode">ទំរង់ នៃការមើល</string>
  <string name="wpViewOffice">មើលក្នុង Office</string>
  <string name="week">សប្តាហ៍</string>
  <string name="wrong">ខុស</string>
  <string name="wpWrongPass">ខុសលេខសំងាត់</string>
  <string name="year">ឆ្នាំ</string>
  <string name="yesterday">ម្សិលមិញ</string>
  <string name="wpViewTran">មើល ប្រតិបត្តិការណ៍</string>
  <string name="editDebt">កែ ជំពាក់</string>
  <string name="wpTimeAlreadyOver">ពេលវេលា អ្នកជ្រើសរើស បានកន្លងផុត</string>
  <string name="account_all">គណនី ទាំងអស់</string>
  <string name="about_msg_wp">ការរក និងគ្រប់គ្រងថវិកា មិនដូចគ្នាទេ! ការប្រើប្រាស់ថវិកា និងចំណាយគ្មានគំរោង គឺជាបញ្ហាមួយក្នុងក្រុមគ្រួសារ ។ Money Lover នឹងជួយអ្នករៀបចំ ខ្ទង់ចំណាយទាំងអស់របស់អ្នក រក្សាទុកនិងបង្កើតរបាយការណ៍ បើទោះបីវាមិនមែនជាអ្នកឯកទេសក៏ដោយ តែវាជាកម្មវិធីមួយ ជួយសំរួលដល់ការគ្រប់គ្រងហិរញ្ញវត្ថុរបស់គ្រួសារអ្នក ឬ អ្នកផ្ទាល់ផងដែរ ។</string>
  <string name="clear">សំអាត</string>
  <string name="day">ថ្ងៃ</string>
  <string name="interest_rate">អត្រា</string>
  <string name="string_select_all">ជ្រើសរើស ទាំងអស់</string>
  <string name="settings_alarm_group_title">ជូនដំណឹង</string>
  <string name="wpAddAccountFirst">បន្ថែម កាបូប មួយ ជាមុនសិន</string>
  <string name="wpATM">អេ ធី អឹម</string>
  <string name="wpAdd">បន្ថែម</string>
  <string name="wpBank">ធនាគារ</string>
  <string name="wpBackupRestore">ចំលងទុក &amp; កំណត់ឡើងវិញ</string>
  <string name="wpBackup">ចំលងទុក</string>
  <string name="wpCannotEditAccount">មិនអាច កែ គណនីនេះ</string>
  <string name="wpCannotEditTransaction">មិនអាច កែ ប្រតិបត្តិការណ៍នេះ</string>
  <string name="wpConfirmBackCategory">យើងខ្ញុំ មិនទាន់បាន រក្សាទុក ចំណាត់ថ្នាក់របស់អ្នក រួចនៅឡើយទេ តើអ្នកពិតជាចង់ត្រលប់ទៅក្រោយវិញ?</string>
  <string name="wpConfirmBack">យើងខ្ញុំ មិនទាន់បានរក្សាទុក ប្រតិបត្តិការណ៍របស់អ្នក នៅឡើយទេ ។ តើអ្នកពិតជាចង់ ត្រលប់ទៅក្រោយវិញ?</string>
  <string name="wpConfirmBackBudget">យើងខ្ញុំ មិនទាន់បានរក្សាទុក គំរោងរបស់អ្នក នៅឡើយទេ ។ តើអ្នកប្រាកដជាចង់ ត្រលប់ទៅក្រោយវិញ?</string>
  <string name="wpCustomRange">រយៈពេល ផ្សេង</string>
  <string name="wpCustomTimeNullError">រយៈពេល កំណត់ដោយខ្លួនឯង គឺទទេ ។ សូមជ្រើសរើស ចន្លោះនៃរយៈពេល</string>
  <string name="wpDayLeft">ថ្ងៃនៅសល់</string>
  <string name="wpDaysLeft">ថ្ងៃនៅសល់</string>
  <string name="wpDeleteTransaction">អ្នកនឹងបាត់បង់ ទិន្នន័យទាំងអស់ នៃប្រតិបត្តិការណ៍នេះ ។ តើអ្នកចង់បន្ត?</string>
  <string name="wpDeletePin">តើអ្នកចង់លុប PIN ?</string>
  <string name="wpDeleteBudget">អ្នកនឹងបាត់បង់ ទិន្នន័យទាំងអស់ នៃគំរោងការណ៍នេះ ។ តើអ្នកចង់បន្ត?</string>
  <string name="wpDeleteAcc">អ្នកនឹងបាត់បង់ ទិន្នន័យទាំងអស់ នៃគណនីនេះ ។ តើអ្នកចង់បន្ត?</string>
  <string name="wpDeleteCategory">អ្នកនឹងបាត់បង់ ទិន្នន័យ និងប្រតិបត្តិការណ៍ទាំងអស់ ក្នុងចំណាត់ថ្នាក់នេះ ។ តើអ្នកចង់បន្ត?</string>
  <string name="wpAuto">ស្វ័យប្រវត្តិ</string>
  <string name="rate">ផ្តល់អោយយើងខ្ញុំ ៥ ផ្កាយ</string>
  <string name="wp_warning_addtran_from_pin_message">ប្រតិបត្តិការណ៍ បានបន្ថែមជោគជ័យ ។ តើអ្នកចង់ត្រលប់ទៅកាន់ ទំព័រមុខ នៃកាបូប?</string>
  <string name="navigation_group_policy">Policy</string>
  <string name="wpNotify8">Congratulations, you updated completely. Do you want to know the changes in new version? Please tap to see!</string>
</resources>
