<?xml version="1.0" encoding="utf-8"?>
<!--Generated by crowdin.net-->
<resources>
  <string name="AGO">sedan</string>
  <string name="DAY">en dag</string>
  <string name="DAYS">%1$s dagar</string>
  <string name="HOUR">ca en timme</string>
  <string name="HOURS">%1$s timmar</string>
  <string name="MINUTE">ca en minut</string>
  <string name="MINUTES">%1$s minuter</string>
  <string name="MONTH">ca en månad</string>
  <string name="MONTHS">%1$s månader</string>
  <string name="SECONDS">mindre än en minut</string>
  <string name="SUFFIX_FROM_NOW">från nu</string>
  <string name="YEAR">ca ett år</string>
  <string name="YEARS">%1$s år</string>
</resources>
