<?xml version="1.0" encoding="utf-8"?>
<!--Generated by crowdin.net-->
<resources>
  <string name="notice">Avisering</string>
  <string name="error">Fel</string>
  <string name="close">Stäng</string>
  <string name="cancel">Avbryt</string>
  <string name="save">Spara</string>
  <string name="done">Färdig</string>
  <string name="yes">Ja</string>
  <string name="submit">Submit</string>
  <string name="sorry">Förlåt</string>
  <string name="ok">OK</string>
  <string name="search">Sök</string>
  <string name="no">Nej</string>
  <string name="confirm">Bekräfta</string>
  <string name="today">Idag</string>
  <string name="tomorrow">I morgon</string>
  <string name="yesterday">Igår</string>
  <string name="thisweek">Denna vecka</string>
  <string name="nextweek">Nästa vecka</string>
  <string name="lastweek">Förra veckan</string>
  <string name="thismonth">Denna månad</string>
  <string name="nextmonth">Nästa månad</string>
  <string name="lastmonth">Förra månaden</string>
  <string name="thisquarter">Detta kvartal</string>
  <string name="nextquarter">Nästa kvartal</string>
  <string name="lastquarter">Förra kvartalet</string>
  <string name="thisyear">Detta år</string>
  <string name="nextyear">Nästa år</string>
  <string name="lastyear">Förra året</string>
  <string name="quarter_shorten">Q</string>
</resources>
