<?xml version="1.0" encoding="utf-8"?>
<!--Generated by crowdin.net-->
<resources>
  <string name="second">sekund</string>
  <string name="minute">minut</string>
  <plurals name="days_left">
    <item quantity="one">%d dag kvar</item>
    <item quantity="other">%d dagar kvar</item>
  </plurals>
  <plurals name="hour_left">
    <item quantity="one">%d timme kvar</item>
    <item quantity="other">%d timmar kvar</item>
  </plurals>
  <plurals name="minute_left">
    <item quantity="one">%d minut kvar</item>
    <item quantity="other">%d minuter kvar</item>
  </plurals>
  <plurals name="second_left">
    <item quantity="one">%d sekund kvar</item>
    <item quantity="other">%d sekunder kvar</item>
  </plurals>
</resources>
