<?xml version="1.0" encoding="utf-8"?>
<!--Generated by crowdin.net-->
<resources>
  <string name="search_over">Över</string>
  <string name="search_under">Under</string>
  <string name="search_time_over">Efter</string>
  <string name="search_time_under">Före</string>
  <string name="search_between">Mellan</string>
  <string name="search_exact">Exakt</string>
  <string name="search_remove">Ta bort</string>
  <string name="search_none">Ingen</string>
  <string name="search_all">Alla</string>
  <string name="search_select">Välj</string>
  <string name="start">Början</string>
  <string name="end">Slut</string>
  <string name="from">Slut</string>
  <string name="to">Till</string>
  <string-array name="arr_amount">
    <item>@string/search_all</item>
    <item>@string/search_over</item>
    <item>@string/search_under</item>
    <item>@string/search_between</item>
    <item>@string/search_exact</item>
  </string-array>
  <string-array name="arr_type">
    <item>Alla</item>
    <item>Inkomst</item>
    <item>Utgift</item>
  </string-array>
  <string-array name="arr_time">
    <item>@string/search_all</item>
    <item>@string/search_time_over</item>
    <item>@string/search_time_under</item>
    <item>@string/search_between</item>
    <item>@string/search_exact</item>
  </string-array>
</resources>
