<?xml version="1.0" encoding="utf-8"?>
<!--Generated by crowdin.net-->
<resources>
  <string name="notification_message_take_photo_title">Tryck för att lägga till transaktion från &lt;b&gt;Add-it-Later (Lägg till senare) &lt;/b&gt; foto</string>
  <string name="notification_message_daily_alarm_title">Tryck på för att lägga till transaktion för &lt;b&gt;%1$s&lt;/b&gt;</string>
  <string name="notification_message_monthly_remind">Visa månatlig rapport för &lt;b&gt;%1$s&lt;/b&gt;</string>
  <string name="notification_message_no_expense_today">Inga utgifter idag, uppdatera nu?</string>
  <string name="notification_message_remind_debt">Du är fortfarande skyldig &lt;b&gt;%1$s&lt;/b&gt; %2$s, uppdatera nu?</string>
  <string name="notification_message_remind_loan">&lt;b&gt;%1$s&lt;/b&gt; är fortfarande skyldig dig %2$s, uppdatera nu?</string>
  <string name="budget_notification_budget_warning_title">Budgeten har nått %1$s%%</string>
  <string name="budget_notification_budget_warning_category_text">%1$s kvar i &lt;b&gt;%2$s&lt;/b&gt;</string>
  <string name="budget_notification_budget_warning_account_text">%1$s kvar i &lt;b&gt;%2$s&lt;/b&gt;</string>
  <string name="budget_notification_budget_100percent_category_text">i &lt;b&gt;%1$s&lt;/b&gt;</string>
  <string name="budget_notification_budget_100percent_account_text">i &lt;b&gt;%1$s&lt;/b&gt;</string>
  <string name="budget_notification_budget_exceeded_title">Överskriden med %1$s</string>
  <string name="budget_notification_budget_exceeded_category_text">i &lt;b&gt;%1$s&lt;/b&gt;</string>
  <string name="budget_notification_budget_exceeded_account_text">i &lt;b&gt;%1$s&lt;/b&gt;</string>
  <string name="ail_notification_title">Tryck för att ta foto</string>
  <string name="ail_notification_text">Du kan lägga till transaktionen senare</string>
  <string name="ail_notification_cancel_message">Du kan visa detta meddelande igen i inställningar</string>
  <string name="notification_monthly_alarm_title">Tryck för att visa rapport för</string>
  <string name="notification_monthly_alarm_text">%1$s</string>
  <string name="notification_message_auto_backup">Visa filen backup från &lt;b&gt;%1$s&lt;/b&gt;</string>
  <string name="notification_message_repeat_transaction">En ny transaktions lades till på &lt;b&gt;%1$s&lt;/b&gt;</string>
</resources>
