<?xml version="1.0" encoding="utf-8"?>
<!--Generated by crowdin.net-->
<resources>
  <string name="cate_salary">Lön</string>
  <string name="cate_award">Belöning</string>
  <string name="cate_selling">Säljer</string>
  <string name="cate_give">Ge</string>
  <string name="cate_interest">Räntepengar</string>
  <string name="cate_debt">Skuld</string>
  <string name="cate_income_other">Annat</string>
  <string name="cate_food">Mat &amp; Dryck</string>
  <string name="cate_entertainment">Underhållning</string>
  <string name="cate_travel">Resor</string>
  <string name="cate_education">Utbildning</string>
  <string name="cate_transport">Transport</string>
  <string name="cate_friend">Vänner &amp; Älskare</string>
  <string name="cate_family">Familj</string>
  <string name="cate_medical">Hälsa</string>
  <string name="cate_shopping">Shopping</string>
  <string name="cate_loan">Lån</string>
  <string name="cate_invest">Investera</string>
  <string name="cate_expense_other">Annat</string>
</resources>
