<?xml version="1.0" encoding="utf-8"?>
<!--Generated by crowdin.net-->
<resources>
  <string name="account">Plånbok</string>
  <string name="amount">Belopp</string>
  <string name="budget">Budget</string>
  <string name="event_title">Händelse</string>
  <string name="category">Kategori</string>
  <string name="earned_from">Tjänat från</string>
  <string name="end_date">Slutdatum</string>
  <string name="expense">Utgift</string>
  <string name="goto_today">Hoppa till idag</string>
  <string name="goto_thismonth">Hoppa till denna månad</string>
  <string name="income">Inkomst</string>
  <string name="migrate">Flytta</string>
  <string name="select_category">Välj kategori</string>
  <string name="spent_on">Spenderat på</string>
  <string name="start_date">Startdatum</string>
  <string name="time">Tid</string>
  <string name="time_range">%1$s - %2$s</string>
  <string name="loading_more">Laddar mer…</string>
  <string name="goal">Mål</string>
  <string name="edit">Edit</string>
  <string name="saved">Sparad</string>
  <string name="search_go">Gå</string>
  <string name="buy_app">Skaffa Premium</string>
  <string name="undobar_message">%1$s har raderats</string>
  <string name="backup_share">Dela</string>
  <string name="version">Version %1$s</string>
  <string name="loading">Laddar…</string>
  <string name="total">Totalt</string>
  <string name="splashscreen_create_account">Skapa första plånbok</string>
  <string name="splash_screen_use_cloud">Go Cloud (kommer snart)</string>
  <string name="splash_screen_use_cloud_info">Synka och dela transaktioner enkelt</string>
  <string name="splash_screen_use_right_away">Endast för den här enheten</string>
  <string name="splash_screen_use_right_away_info">Genast!</string>
  <string name="welcome_message_title">Hur vill du använda?</string>
  <string name="welcome_message">Du kan ändra dig när som helst senare</string>
  <string name="login_hint_email">E-post</string>
  <string name="login_hint_password">Lösenord</string>
  <string name="login_facebook">Logga in med Facebook</string>
  <string name="login_money_lover">Logga in med Money Lover-konto</string>
  <string name="login_title">Login</string>
  <string name="register_title">Registrera dig</string>
  <string name="register_register">Registrera dig</string>
  <string name="cashbook_earning">Tjäna</string>
  <string name="cashbook_spending">Spendera</string>
  <string name="cashbook_all_transactions">Alla transaktioner</string>
  <string name="cashbook_delete_transaction_message">Vill du ta bort denna transaktion?</string>
  <string name="cashbook_left">%1$s kvar</string>
  <string name="cashbook_no_data_guide">Tryck på %1$s knappen nedan för att lägga till några</string>
  <string name="cashbook_no_data_swipe_down">Svep nedåt och</string>
  <string name="cashbook_no_data_faq_tip">För svår att använda? Tryck på %1$s för att få hjälp</string>
  <string name="cashbook_no_data_earning">Inga inkomster</string>
  <string name="cashbook_no_data_spending">Inga utgifter</string>
  <string name="cashbook_no_data">Inga transaktioner</string>
  <string name="cashbook_selected_account_not_existed">Vald plånbok finns inte, standardplånbok väljs.</string>
  <string name="cashbook_contentdescription_help_support">Hjälp &amp; Support</string>
  <string name="cashbook_contentdescription_select_time_range_to_view">Välj visningsläge</string>
  <string name="cashbook_contentdescription_delete_transaction">Radera transaktion</string>
  <string name="cashbook_contentdescription_sort_transaction">Sortera transaktioner</string>
  <string name="cashbook_contentdescription_search_transaction">Sök efter transaktion</string>
  <string name="cashbook_contentdescription_viewmode_transaction">Visa via transaktion</string>
  <string name="cashbook_contentdescription_viewmode_category">Visa via kategori</string>
  <string name="cashbook_contentdescription_transfer_money">Överför pengar</string>
  <string name="with_person">med %1$s</string>
  <string name="with_two_person">med %1$s &amp; %2$s</string>
  <string name="with_many_person">med %1$s &amp; %2$s andra människor</string>
  <string name="press_back_one_more_time_to_exit">Tryck på tillbaka-knappen igen för att avsluta</string>
  <string name="paid">Återbetalning</string>
  <string name="cashbook_cashback_info">till %1$s</string>
  <string name="add_transaction_amount_friendly_title">Hur mycket?</string>
  <string name="add_transaction_title_add">Lägg till transaktion</string>
  <string name="add_transaction_title_edit">Redigera transaktion</string>
  <string name="add_transaction_title_view">Transaktionsdetaljer</string>
  <string name="add_transaction_note_title_normal">Observera</string>
  <string name="add_transaction_note_hint">Tom</string>
  <string name="add_transaction_cancel_adding">Vill du att avfärda denna transaktion</string>
  <string name="add_transaction_discard_edit">Vill du ignorera ändringarna för den här transaktionen</string>
  <string name="add_transaction_account_alert_currency_change">Valutan på det inmatade beloppet kommer att ändras från %1$s %2$s. Vill du gå vidare?</string>
  <string name="add_transaction_account_alert_currency_change_start">Valutan på det inmatade beloppet kommer att ändras från</string>
  <string name="add_transaction_account_alert_currency_change_middle">till</string>
  <string name="add_transaction_account_alert_currency_change_end">Vill du fortfarande gå vidare?</string>
  <string name="add_transaction_add_success">Lägga till transaktion lyckades!</string>
  <string name="add_transaction_category_hint">Välj en</string>
  <string name="add_transaction_with_title">Med?</string>
  <string name="add_transaction_with_hint">t. ex. Jon Snow, Arya Stark…</string>
  <string name="add_transaction_reminder_empty">Ingen påminnelse</string>
  <string name="add_transaction_subtransaction_title">Återbetalning</string>
  <string name="add_transaction_timecreated_title">Datum</string>
  <string name="add_transaction_reminder_title">Påminnelse</string>
  <string name="add_transaction_error_amount">Du måste fylla i beloppsfältet</string>
  <string name="add_transaction_error_category">Du måste välja en kategori för utgift/inkomst</string>
  <string name="debtor">Betalningsskyldig</string>
  <string name="lender">Långivare</string>
  <string name="for_reason">För %1$s</string>
  <string name="someone">någon</string>
  <string name="someone_hint">Någon</string>
  <string name="add_transaction_note_spend_from_saving">Spenderat av sparplanen %1$s</string>
  <string name="add_transaction_no_category_found">Ingen matchning</string>
  <string name="warning_big_amount_message">Detta transaktionsbelopp verkar vara för stort. Är du säker på att det stämmer?</string>
  <string name="warning_big_amount_dont_show_again">Visa inte igen</string>
  <string name="im_wrong">Jag har fel</string>
  <string name="add_note">Skriv anteckning</string>
  <string name="set_reminder_remove_reminder">Stäng av</string>
  <string name="convert_currency_title_dialog">Ange annan valuta</string>
  <string name="convert_currency_message_convert_complete">Konvertera till</string>
  <string name="convert_currency_message_convert_error">Konverteringsfel</string>
  <string name="convert_currency_message_converting">Konverterar...</string>
  <string name="edit_transaction_confirm_change_category_for_debtloan">Är du säker på att du vill ändra kategori? Det tar bort alla tidigare transaktioner.</string>
  <string name="edit_transaction_mark_remove">Kommer att tas bort</string>
  <string name="edit_transaction_mark_remove_message">Alla sub-transaktioner för den här transaktionen tas bort</string>
  <string name="delete_sub_transaction">Ta bort denna transaktion</string>
  <string name="sub_transaction_title">Återbetalningshistoria</string>
  <string name="quick_add_transaction_dialog_title">Ny transaktion</string>
  <string name="quick_add_notification_ticker">Redo att lägga till ny transaktion</string>
  <string name="quick_add_transaction_title">Lägg till i %1$s</string>
  <string name="quick_add_transaction_notification_text">Tryck för att gå till plånbok</string>
  <string name="add_account_title_add">Lägg till plånbok</string>
  <string name="add_account_title_edit">Redigera plånbok</string>
  <string name="add_account_name_title">Namn</string>
  <string name="add_account_currency_title">Valuta</string>
  <string name="add_account_start_balance_title">Ursprunglig summa</string>
  <string name="add_account_error_accountname_exists">En annan plånbok har redan detta namn.</string>
  <string name="add_account_error_accountname_length_invalid">Plånbokens namn måste vara mellan %1$s %2$s tecken.</string>
  <string name="add_account_discard_changed">Vill du avfärda alla ändringar i denna plånbok?</string>
  <string name="add_account_note_for_initial_balance">Ursprunglig Summa</string>
  <string name="add_account_shortcut_title">Lägg till genväg för startskärmen</string>
  <string name="add_account_shortcut_success">Skapa genväg lyckades</string>
  <string name="account_manager_title">Plånbokshanterare</string>
  <string name="account_manager_confirm_delete_account">Vill du ta bort plånboken %1$s?</string>
  <string name="time_picker_dialog_title">Välj tid</string>
  <string name="navigation_cashbook">Transactions</string>
  <string name="navigation_budget">Budgetar</string>
  <string name="navigation_campaign">Besparingar</string>
  <string name="navigation_event">Händelser</string>
  <string name="navigation_category_manager">Kategorier</string>
  <string name="navigation_statistic">Statistik</string>
  <string name="navigation_settings">Inställningar</string>
  <string name="navigation_feedback">Feedback</string>
  <string name="navigation_debt_manager">Skulder</string>
  <string name="navigation_tools">Verktyg</string>
  <string name="navigation_about">Om</string>
  <string name="navigation_sync">Sync</string>
  <string name="navigation_logout">Logga ut</string>
  <string name="navigation_login">Använd Molnet</string>
  <string name="navigation_database">Databas</string>
  <string name="navigation_copyright">© 2013 Zoo Studio. Alla rättigheter reserverade.</string>
  <string name="tools_interest_rate">Ränta</string>
  <string name="tools_export_csv">Exportera CSV</string>
  <string name="tools_export_excel">Exportera Excel</string>
  <string name="tools_tip_calculator">Dricksberäknare</string>
  <string name="tools_find_atm">Hitta Bankomat</string>
  <string name="tools_find_bank">Hitta Bank</string>
  <string name="tools_install_app">Installationsverktyg</string>
  <string name="tools_install_app_message">Vill du installera &lt;b&gt;%1$s&lt;/b&gt; från Google Play-butiken?</string>
  <string name="statistic_monthly_report">Månadsrapport</string>
  <string name="bank_finder">Hitta Bank</string>
  <string name="bank_finder_hint">ex. Nordea, SEB, Avanza…</string>
  <string name="bank_finder_input_bank_name">Ange bankens namn</string>
  <string name="open_file">Öppna fil</string>
  <string name="export_fail">Tyvärr, exportprocessen påträffade ett fel och kan inte fortsätta</string>
  <string name="export_success">Export lyckades</string>
  <string name="select_account">Välj plånbok</string>
  <string name="export_csv">Exportera CSV</string>
  <string name="export_excel">Exportera EXCEL</string>
  <string name="attach_to_email">Bifoga i e-post</string>
  <string name="delimiter">Avgränsare</string>
  <string name="atm_finder">Hitta Bankomat</string>
  <string name="change">Ändra</string>
  <string name="send_mail">Skicka e-post</string>
  <string name="contact_me">Kontakta oss</string>
  <string name="about_thanks">&lt; b &gt; särskilda tack till &lt; /b &gt;&lt; br / &gt; Andreas Krings, Jake Wharton, Jeremy Feinstein, Roman Nurik, Simon Vig Therkildsen, Soarcn, Tjerk Wolterink för deras awesome bibliotek. &lt; br / &gt; Brankic1979 och Nick Frost för sina vackra ikon förpackningar. &lt; br / &gt; och alla våra volontärer som hjälper oss översätta Money Lover till många andra språk.</string>
  <string name="about_developed">av ZooStudio</string>
  <string name="about_view_profile_facebook">Besök vår profil</string>
  <string name="budget_overspent">Överskriden</string>
  <string name="budget_finished">Färdig</string>
  <string name="budget_spent">Spenderat</string>
  <string name="budget_all_category">Alla kategorier</string>
  <string name="create_budget_title_add">Lägg till budget</string>
  <string name="create_budget_title_edit">Redigera budget</string>
  <string name="create_budget_create_for">Lägg till för</string>
  <string name="create_budget_time_range">Tidsintervall</string>
  <string name="budget_detail_delete_confirm_message">Vill du ta bort denna budget?</string>
  <string name="create_budget_message_select_day_error">Slutdatum måste komma efter startdatum</string>
  <string name="create_budget_message_duplicate_DB">Budget för den här tidpunkten skapades, vill du ta bort den gamla?</string>
  <string name="create_budget_message_warning_enter_amount">Budgetbeloppet är mindre än 0!</string>
  <string name="create_budget_message_error_category">Du måste välja kategori</string>
  <string name="create_budget_message_error_time">Du måste välja en tid för din budget</string>
  <string name="budget_overview_monthly">Månatlig budgetplan</string>
  <string name="budget_overview_custom">Anpassade budgetplaner</string>
  <string name="budget_overview_no_data_guide">Tryck på %1$s-knappen ovan för att lägga till en ny budgetplan</string>
  <string name="budget_detail_category">%1$s budget</string>
  <string name="budget_detail_account_detail_emptyview_message">Tryck för att lägga till budget</string>
  <string name="budget_detail_list_transactions_title">Transaktionslista</string>
  <string name="clear_template">Rensa mall</string>
  <string name="budget_template">Mall</string>
  <string name="dialog_enter_amount_title">Ange belopp</string>
  <string name="security_pin_title_create">Ange lösenord</string>
  <string name="security_pin_title_confirm">Bekräfta lösenord</string>
  <string name="security_pin_title_open">Ange lösenord</string>
  <string name="security_pin_message_remove">för att inaktivera säkert läge med lösenord</string>
  <string name="security_pin_title_wrong_password">Fel lösenord!</string>
  <string name="security_pin_message_try_again">Försök igen</string>
  <string name="is_latest_version">Nuvarande version är uppdaterad.</string>
  <string name="update">Uppdatera</string>
  <string name="has_new_version">Ny version släppt, vänligen uppdatera nu!</string>
  <string name="no_internet">Ingen internet-anslutning. Vänligen försök igen!</string>
  <string name="check_update">Kontrollera uppdatering</string>
  <string name="thanks_feedback">Tack för din feedback.</string>
  <string name="add_sub_transaction_input_more_than_left">Inmatat belopp överskrider det obetalda beloppet</string>
  <string name="warning">Varning</string>
  <string name="process">bearbetar…</string>
  <string name="error_no_google_map">Installera Google Maps för att använda funktionen</string>
  <string name="set">Ange</string>
  <string name="category_manager_title">Kategorihanterare</string>
  <string name="category_manager_notice_cannot_edit_default_category">Kan inte redigera speciell kategori</string>
  <string name="category_manager_confirm_delete_category">Vill du ta bort kategorin %1$s? Alla transaktioner som tillhör denna kategori kommer också att försvinna.</string>
  <string name="category_manager_delete_success_message">Kategorin %1$s har tagits bort</string>
  <string name="create_category_title">Ny kategori</string>
  <string name="edit_category_title">Redigera kategori</string>
  <string name="create_category_name_title">Namn</string>
  <string name="create_category_select_icon_title">Ikon</string>
  <string name="create_category_default_parent_category">Förälder</string>
  <string name="create_category_parent_category">Överordnad kategori</string>
  <string name="create_category_hint_name_review">Kategorinamn</string>
  <string name="create_category_message_duplicate_DB">Denna kategori har funnits</string>
  <string name="create_category_select_type_error">Du måste välja kategorityp</string>
  <string name="create_category_input_name_error">Mata in namnet på kategorin</string>
  <string name="create_category_select_icon_error">Glöm inte ikonen för kategorin</string>
  <string name="select_parent_category_title">Välj överordnad kategori</string>
  <string name="message_transfer_successful">Överföring lyckad!</string>
  <string name="title_dialog_transfer">Från %1$s</string>
  <string name="back">Tillbaka</string>
  <string name="message_currency_error">Vill du ändra från %1$s %2$s?</string>
  <string name="note_income_transfer">Fått från %1$s</string>
  <string name="message_amount_zero">Överföringsbelopp bör vara större än 0</string>
  <string name="default_note_transfer">Överfört till %1$s</string>
  <string name="monthly_report_start_balance">Startsaldo</string>
  <string name="monthly_report_this_month_balance">Nettoinkomst</string>
  <string name="monthly_report_end_balance">Slutsaldo</string>
  <string name="monthly_report_compare_to_previous_month">Månatlig jämförelse</string>
  <string name="monthly_report_largest_expense">Största utgift</string>
  <string name="monthly_report_expense_by_category">Utgifter per kategori</string>
  <string name="monthly_report_nodata">Ingen rapport för denna månad</string>
  <string name="monthly_report_nodata_guide">Månatliga rapporter visas automatiskt i början på varje månad</string>
  <string name="search_result">Sökresultat</string>
  <string name="type">Typ</string>
  <string name="with">Med</string>
  <string name="select_time">Välj tid</string>
  <string name="notification_center_message_empty_notification">Inga aviseringar</string>
  <string name="notification_center_title">Aviseringscenter</string>
  <string name="notification_center_delete_read_notifications">Ta bort lästa meddelanden</string>
  <string name="notification_center_mark_all_as_read">Markera alla som lästa</string>
  <string name="debt_manager_title">Skulder</string>
  <string name="debt_wallet">Betalningsbar</string>
  <string name="loan_wallet">Mottagbar</string>
  <string name="now">Obetald</string>
  <string name="past">Betald</string>
  <string name="note_transaction_saving">Ta ut från besparing %1$s</string>
  <string name="saving_overview_title">Besparingar</string>
  <string name="saving_overview_deposit">Insättning</string>
  <string name="saving_overview_need">Behöver</string>
  <string name="saving_overview_spend">Spendera</string>
  <string name="saving_overview_withdraw">Ta ut</string>
  <string name="saving_deposit">Sätt in i sparplan %1$s</string>
  <string name="saving_withdraw_default_note">Ta ut från sparplan %1$s</string>
  <string name="saving_overview_no_data_guide">Tryck på %1$s-knappen ovan för att lägga till ny händelseplan</string>
  <string name="saving_menu_deposit">Insättning</string>
  <string name="saving_menu_withdraw">Dra tillbaka</string>
  <string name="saving_menu_spendon">Spendera på…</string>
  <string name="saving_add_title">Lägg till besparing</string>
  <string name="saving_edit_title">Redigera besparing</string>
  <string name="saving_add_name_title">Namn</string>
  <string name="saving_add_start_amount">Startbelopp</string>
  <string name="saving_add_success">Skapat nytt sparmål</string>
  <string name="saving_add_error_goal_amount">Du måste ange målbelopp!</string>
  <string name="saving_add_error_name">Du måste ange namn för sparmål!</string>
  <string name="saving_add_error_icon">Du måste välja ikon!</string>
  <string name="saving_add_cancel_adding">Vill du att avfärda denna besparing?</string>
  <string name="saving_add_discard_edit">Vill du ignorera ändringar av denna besparing?</string>
  <string name="dialog_select_event_remove">Ta bort händelse</string>
  <string name="event_add_title">Ny händelse</string>
  <string name="event_edit_title">Redigera händelse</string>
  <string name="event_input_name_error">Ange din händelses namn</string>
  <string name="event_select_icon_error">Glöm inte en ikon för händelsen</string>
  <string name="event_overview_view_transactions">Transaktioner</string>
  <string name="event_overview_deposit">Insättning</string>
  <string name="event_overview_withdraw">Uttag</string>
  <string name="event_overview_deposited">Insatt</string>
  <string name="event_overview_finish">Slutför</string>
  <string name="event_overview_no_data_guide">Knacka på %1$s-knappen ovan för att lägga till ny händelseplan</string>
  <string name="event_menu_mark_as_finished">Markera som färdig</string>
  <string name="event_menu_mark_as_unfinish">Markera som ofärdig</string>
  <string name="interest_rate_title">Ränta</string>
  <string name="interest_rate">Kurs</string>
  <string name="time_from">Tidsperiod</string>
  <string name="select_type_interest">Räntetyp</string>
  <string name="date_to_invalid">Slutdatum innan ogiltig </string>
  <string name="amount_empty">Ange belopp</string>
  <string name="time_mode_interest">Tidsläge</string>
  <string name="rate_empty">Ange ränta</string>
  <string name="time_empty">Ange tid</string>
  <string name="interest">Räntebelopp</string>
  <string name="number_of_period">Antal perioder</string>
  <string name="total_amount">Totalt belopp</string>
  <string name="interest_result">Resultat</string>
  <string name="total_people">med %d personer</string>
  <string name="percent_tip">ge %1$s%% i dricks</string>
  <string name="total_pay">Totalt att betala</string>
  <string name="total_tip">Total dricks</string>
  <string name="total_tip_person">Total dricks per person</string>
  <string name="total_per_person">Belopp per person</string>
  <string name="note_it">Notera det</string>
  <string name="no_tip">ingen dricks</string>
  <string name="more_people">Antal personer</string>
  <string name="more_tip">Procent i dricks</string>
  <string name="calculate">Beräkna</string>
  <string name="change_review">%1$s%% är bättre, &lt;b&gt; ändra?&lt;/b&gt;</string>
  <string name="empty_amount">Belopp ej ifyllt</string>
  <string name="inapp_purchase">Premiumalternativ</string>
  <string name="message_purchase_error">Fel vid köp</string>
  <string name="message_purchase_success">Köp lyckades. Starta om program för att tillämpa ändringarna.</string>
  <string name="purchase_bought">Du köpte denna</string>
  <string name="reset_app_to_change">Starta om programmet för att tillämpa ändringar</string>
  <string name="purchase_buy_all_title">Skaffa Premium</string>
  <string name="purchase_buy_all_text">Få tillgång till mer än en plånbok, budgetplan, sparplan och händelseplan. \nSlipp reklam!</string>
  <string name="purchase_buy_ads_title">Ta bort reklam</string>
  <string name="purchase_buy_ads_text">Njut av den grundläggande Money Lover utan reklam!</string>
  <string name="purchase_input_premium_code_text">Om du har en licenskod</string>
  <string name="purchase_notice_buy_features">Gratisversionen låter dig enbart skapa en budget, en sparplan och en händelse och du kan inte använda alla funktioner. Skaffa Premium för att skapa obegränsade budgetar, sparplaner, händelser och få tillgång till alla funktioner</string>
  <string name="premium_code">Skriv in din licenskod</string>
  <string name="license_code_not_correct">Licenskoden är felaktig</string>
  <string name="license_code_success">Licenskoden är giltig! Nu har du tillgång till alla funktioner i %1$s</string>
  <string name="widget_select_account_empty">Du behöver en plånbok innan du kan skapa en widget</string>
  <string name="widget_simple_light_name">Enkel widget (ljus)</string>
  <string name="widget_select_account_title">Välj plånbok</string>
  <string name="ail_message_empty_image">Inga foton kvar</string>
  <string name="ail_guide_1">Ta ett foto av något</string>
  <string name="ail_guide_2">Du kan lägga till en transaktion om det senare</string>
  <string name="migrate_dialog_message">Money Lover kommer att föra över din data från den gamla versionen till en ny. Vill du fortsätta?</string>
  <string name="migrate_dialog_notice">Meddelande</string>
  <string name="migrate_dialog_disabled_function">I denna version inaktiverades faktureringsfunktionen tillfälligt men faktureringsdatan kommer fortfarande att överföras.</string>
  <string name="migrate_dialog_cancel_message">Om du ändrar dig senare kan du fortfarande välja att migrera i %1$s. Men all ny data från och med nu till och med det ögonblicket kommer att förloras permanent.</string>
  <string name="migrate_processing_transfer_currencies">Överföra valutor</string>
  <string name="migrate_processing_transfer_accounts">Överföra och konvertera gamla konton till plånböcker</string>
  <string name="migrate_processing_transfer_master_categories">Överföra föräldrakategorier</string>
  <string name="migrate_processing_transfer_categories">Överföra kategorier</string>
  <string name="migrate_processing_transfer_transactions">Överföra transaktioner</string>
  <string name="migrate_processing_transfer_tagged_people">Överföra taggade människor</string>
  <string name="migrate_processing_transfer_sub_transactions">Överföra subtransaktioner</string>
  <string name="migrate_processing_transfer_interests">Överföra räntor</string>
  <string name="migrate_processing_transfer_bills">Överföra räkningar</string>
  <string name="migrate_processing_transfer_budgets">Överföra budgetar</string>
  <string name="migrate_processing_transfer_campaigns">Överföra kampanjer</string>
  <string name="restore_title">Återställa data</string>
  <string name="restore_message_successful">Importering lyckades!</string>
  <string name="restore_message_error">Ett fel uppstod när data importerades</string>
  <string name="restore_loading_file_from_dropbox">Laddar fil från Dropbox…</string>
  <string name="restore_connect_dropbox">Anslut med Dropbox</string>
  <string name="restore_message">Markera en fil nedan att återställa data från</string>
  <string name="restore_message_edit">Välj fil att ta bort</string>
  <string name="restore_empty_file">Inga filer</string>
  <string name="restore_disconnect_dropbox">Avlänka Dropbox</string>
  <string name="restore_disconnect_dropbox_confirm">Vill du verkligen avlänka Dropbox?</string>
  <string name="backup_title">Säkerhetskopiera data</string>
  <string name="backup_file_name">Säkerhetskopiera till fil</string>
  <string name="backup_notice_about_file_ext">Från denna version och upp, använder vi den nya filändelsen &lt;b&gt; .mlx &lt;/b&gt;, men du kan fortfarande importera både .money- och .mlx-filer till %1$s</string>
  <string name="backup_success_message">Säkerhetskopiering lyckades</string>
  <string name="backup_fail_message">Säkerhetskopieringen misslyckades</string>
  <string name="navigation_group_support">Support</string>
  <string name="navigation_group_setting">Inställning</string>
  <string name="navigation_group_plans">Planering</string>
  <string name="navigation_group_others">Andras</string>
  <string name="navigation_group_tools">Verktyg</string>
  <string name="widget_account_was_deleted">Plånboken raderades</string>
  <string name="tools_install_go_to_playstore">Gå till Play Store</string>
  <string name="tools_shopping_lover_intro">Programmet är byggt efter en shoppares vanor. Det ökar effektiviteten och hastigheten för din shoppingupplevelse och förhindrar också onödiga misstag.</string>
  <string name="tools_exchanger_intro">Exchanger är ett enkelt sätt att konvertera valuta i mobilen&lt;br /&gt;
- Snygg, platt design&lt;br /&gt;
- 100+ av världens valutor&lt;br /&gt;
- Konvertera flera valutor samtidigt&lt;br /&gt;
- Offline-läge (ingen internetanslutning krävs)</string>
  <string name="rate_app_dont_show_again">Be mig inte att betygsätta appen igen</string>
  <string name="rate_app_dont_show_again_short">Visa inte igen</string>
  <string name="rate_app_config_title">Betygsätt app-inställning</string>
  <string name="delete">Ta bort</string>
  <string name="restore_delete_message">Vill du ta bort dessa filer permanent?</string>
  <string name="restore_message_confirm">Vill du återställa data från filen %1$s? Alla dina nuvarande data kommer att raderas!</string>
  <string name="restore_autobackup_fail">Automatisk säkerhetskopiering misslyckades. Återställningsprocessen kan inte fortsätta.</string>
  <string name="deleting">Tar bort…</string>
  <string name="purchase_error_unknown">Ett okänt fel har uppstått.</string>
  <string name="purchase_please_wait_until_data_is_loaded">Vänta tills data har laddats.</string>
  <string name="announce_update_lost_data_message">&lt;p&gt; Vi uppgraderar Money Lover till en ny version och migrerar din data från den gamla versionen till den nya. Under processen kan du uppleva att viss information försvinner, ibland all data, tyvärr.  &lt;/p&gt;&lt;p&gt;&lt;b&gt; Tekniskt sett så är din data fortfarande där eftersom vi inte raderar något om migrationsprocessen misslyckas. &lt;/b&gt;&lt;/p&gt;&lt;p&gt; Om du hamnar i denna situation, vänligen kontakta oss så hjälper vi dig att hitta informationen igen. &lt;/p&gt;</string>
  <string name="announce_update_lost_data_message_title">Om att förlora data efter uppdatering</string>
  <string name="cannot_find_my_language">Fler språk?</string>
  <string name="feedback_language_text">Hej, \nI jag vill översätta följande språk: \n</string>
  <string name="feedback_language_subject">[LANG] FEEDBACK FÖR SPRÅK</string>
  <string name="message_more_languages">Vi arbetar på att översätta den nya versionen av Money Lover till andra språk, men denna process kan ta ett stund, så vi uppskattar all hjälp vi kan få från våra användare för att snabba på processen. Tack!</string>
  <string name="message_more_languages_help">Snälla hjälp oss om kan du översätta från engelska till andra språk. Du kan kontakta oss för ytterligare information.</string>
  <string name="languagehelp_ok">Ja, jag vill hjälpa till!</string>
  <string name="languagehelp_cancel">Nej, kanske senare :(</string>
  <string name="languagehelp_title">Hjälp till med översättning</string>
  <string name="changes_log_title">Ändringsloggar</string>
  <string name="restore_menu_show_auto_backup">Visa automatiskt säkerhetskopierade filer</string>
  <string name="restore_menu_hide_auto_backup">Dölj automatiskt säkerhetskopierade filer</string>
  <string name="restore_menu_edit">Välj filer</string>
  <string name="title_view_web">Webbdisplay</string>
  <string name="title_notification_web">Ansluter till webbklient</string>
  <string name="turn_on_web">Slå på servern</string>
  <string name="turn_off_web">Stäng av servern</string>
  <string name="tab_to_turn_off_web">Tryck på för att stänga av web</string>
  <string name="budget_detail_error_budget_not_exists">Denna budget finns inte längre</string>
  <string name="new_expense_category">Ny utgiftskategori</string>
  <string name="new_income_category">Ny inkomstkategori</string>
  <string name="turn_on_wifi">Slå på wifi först</string>
  <string name="server_off">Server av</string>
  <string name="access_link">%1$s</string>
  <string name="previous_web">Föregående</string>
  <string name="next_web">Nästa</string>
  <string name="webdisplay_status_title">Status</string>
  <string name="webdisplay_menu_help">Hjälp</string>
  <string name="webdisplay_menu_advance">Avancerade alternativ</string>
  <string name="add_web">Lägg till</string>
  <string name="cashback_loan_info">från %1$s</string>
  <string name="webdisplay_turning_on">Slår på…</string>
  <string name="webdisplay_turned_on">Stäng av</string>
  <string name="webdisplay_turning_off">Stänger av…</string>
  <string name="webdisplay_turned_off">Slå på</string>
  <string name="set_as_start_date">Ange som startdatum</string>
  <string name="set_as_end_date">Ange som slutdatum</string>
  <string name="webdisplay_warning_port_over">Port måste vara mellan %1$s %2$s</string>
  <string name="webdisplay_warning_port_web">Denna port är dubblerad med %1$s</string>
  <string name="webdisplay_will_change_port">Porten kommer att ändras efter att tjänsten har satt igång igen.</string>
  <string name="webdisplay_open_web_browser">Öppna denna adress i webbläsaren</string>
  <string name="webdisplay_warning_port_exist">Denna port har tagits över av en annan tjänst. Välj en annan port.</string>
  <string name="webdisplay_change_port">Ändra port</string>
  <string name="webdisplay_web_actions">Åtgärder</string>
  <string name="webdisplay_web_feedback_support">Feedback \u0026 Support</string>
  <string name="webdisplay_web_add_more">Lägg till fler</string>
  <string name="reset_data_message">Vill du återställa all data? All data så som plånböcker, transaktioner, budgetar, besparingar eller händelser tas bort. Åtgärden KAN INTE ångras.</string>
  <string name="upload_to_dropbox_success">Uppladdad till DropBox</string>
  <string name="message_large_spend_amount">Inmatat belopp måste vara mindre än nuvarande sparat beloppet.</string>
  <string name="message_error_select_parent_cate">Kan inte välja sig själv som förälder</string>
  <string name="translated_by">Översatt av %1$s</string>
  <string name="add_transaction_with_suggestion">Du kan lägga till personer som inte är i kontaktlistan genom att lägga till ett komma (,) efter namnet.</string>
  <string name="msg_add_transaction_first">Vill du lägga till den första transaktionen nu?</string>
  <string name="global">Global</string>
  <string name="notification_bank_sms_title">Din plånbok %1$s ändrar %2$s</string>
  <string name="custom_range_cashbook">Anpassad</string>
  <string name="navigation_travel_mode">Reseläge</string>
  <string name="select_event_title">Välj händelse</string>
  <string name="travel_mode_description">I resläge kan du välja en pågående händelse som automarkeras varje gång du skapar en transaktion.</string>
  <string name="travel_mode_activated_message">Resläge är på. Trevlig resa!</string>
  <string name="travel_mode_turn_off_message">Vill du inaktivera Resläge?</string>
  <string name="travel_mode_quick_add_notification">Lägg till händelsen %1$s</string>
  <string name="travel_mode_turned_off_message">Resläge är inaktiverat</string>
  <string name="purchase_description">Varje köp är endast giltigt i 100 år.</string>
  <string name="backup_select_one">Välj en</string>
  <string name="repeat_transaction_mode_month_same_days">på %1$s varje månad</string>
  <string name="repeat_transaction_mode_month_this_day">på den %1$s %2$s under månad</string>
  <string name="repeat_transaction_times_duration_for_a_number_of_event_shorted">För</string>
  <string name="repeat_transaction_manager">Återkommande transaktioner</string>
  <string name="recent_transaction_no_transactions">Inga transaktioner har gjorts nyligen</string>
  <string name="repeat_transaction_next_repeat">Next repeat</string>
  <string name="repeat_transaction_need_specify_repeat">You need to specify repeat options</string>
  <string name="recent_transaction_dialog_list_title">Recent transaction</string>
  <string name="repeat_transaction_message_confirm_delete_template">Do you want to delete this template?</string>
  <string name="repeat_transaction_no_template">There is no repeat templates</string>
  <string name="repeat_transaction_no_repeat">No repeat</string>
  <string name="repeat_transaction_next_repeat_at">Next repeat at %1$s</string>
  <string name="share_need_to_download_before_sharing">This file will be downloaded from DropBox before being shared</string>
  <string name="repeat_transaction_add_template">Add recurring transaction</string>
  <string name="repeat_transaction_edit_template">Edit recurring transaction</string>
  <string name="recent_transaction_show_when_add_transaction">Show this dialog automatically when add transaction</string>
  <string name="message_login_now">After enter promotion code, you could create an Money Lover account to link your account with your Premium status. If you have another device, login Money Lover with your account so Premium status in that device will be automatically activated.</string>
  <string name="recent_transaction_dialog_description">You can import transaction data from these previous ones</string>
  <string name="repeat_transaction_every">Every</string>
  <string name="repeat_transaction_from">From</string>
  <string name="repeat_transaction_at">at</string>
  <string name="repeat_transaction_times">times</string>
  <string name="event_delete_message">Do you want to delete this event?</string>
  <string name="saving_delete_message">Do you want to delete this saving?</string>
  <string name="budget_delete_message">Do you want to delete this budget?</string>
  <string name="transaction_detail_cashback_left">Left</string>
  <string name="transaction_detail_cashback_paid">Paid</string>
  <string name="add_account_error_message_no_currency">Please select one currency for your wallet</string>
  <string name="store_download_fail">Can not download icon at this moment</string>
  <string name="dialog_turn_on_location_service">Do you want turn on location service?</string>
  <string name="set_icon_default_tab">Default</string>
  <string name="set_icon_tab_sdcard">Downloaded</string>
  <string name="set_icon_more_tab">More icon</string>
  <string name="store_preview_icon">Preview</string>
  <string name="store_buy_icon">Buy</string>
  <string name="store_icon_title">Icon Store</string>
  <string name="store_purchase_preview">Preview</string>
  <string name="download">Download</string>
  <string name="do_not_show_again">Don\'t show again</string>
  <string name="new_icon_packs_are_available">Two new icon packs are available for using for category, event and saving. You can create a new category to see them right now!</string>
  <string name="dialog_share_account">Share wallet with</string>
  <string name="share_account_success">Share wallet success</string>
  <string name="dialog_sharing_account">Sharing…</string>
  <string name="email_address_invalid">Email address invalid</string>
  <string name="set_location_get_address_error">Can not load address now, please try again later!</string>
  <string name="cashbook_balance">Balance</string>
  <string name="statistic_trends">Trends</string>
  <string name="sync_transferring_data">Transferring data</string>
  <string name="sync_running">Sync is in progress…</string>
  <string name="trend_criteria_collapsed_time">From &lt;b&gt;%1$s&lt;/b&gt; to &lt;b&gt;%2$s&lt;/b&gt;</string>
  <string name="transaction_detail_set_location">Set location</string>
  <string name="transaction_detail_can_not_download_image">Can not download this image, please try another.</string>
  <string name="user_unauthenticated">You must login first</string>
  <string name="share_account_error">Share wallet failed</string>
  <string name="beta">Beta</string>
  <string name="sync_error">Sync error</string>
  <string name="sync_notification_ticker_text">Syncing data with server</string>
  <string name="sync_notification_content_title">Sync Money Lover</string>
  <string name="login_success">Login successfully</string>
  <string name="login_forgot_password">Forgot password?</string>
  <string name="register_show_password">Show password</string>
  <string name="sync_done">Sync process has done successfully</string>
  <string name="login_fail">Invalid email/password combination. Please try again.</string>
  <string name="connecting">Connecting…</string>
  <string name="sync_account">Sync wallet</string>
  <string name="message_sync_transfer_data">Do you want to transfer data?</string>
  <string name="sync_dialog_transfer_title">Transfer data</string>
  <string name="sync_running_cannot_add_item">Sync process is running, please wait for a moment</string>
  <string name="sync_last_sync">Last sync: %1$s</string>
  <string name="sync_sync_first_time">Tap to sync for the first time</string>
  <string name="icon_xmas_notification_title">Merry Xmas with new icon pack!</string>
  <string name="icon_xmas_notification_content">Holiday is coming: Decorate Money Lover with the beautiful Christmas icon pack today! And it’s free!</string>
  <string name="store_icon_re_download">Download again</string>
  <string name="store_icon_free">Free</string>
  <string name="store_icon_list_empty">No icon packs</string>
  <string name="store_icon_canceled_message">Download for icon package %1$s was canceled</string>
  <string name="store_icon_download_finished_message">Icon package %1$s was downloaded. You can use those new icons when creating category, event or saving.</string>
  <string name="transaction_detail_show_advanced">Add more detail</string>
  <string name="refresh">Refresh</string>
  <string name="navigation_store">Money Lover Store</string>
  <string name="create_category_select_parent_error">Can not choose this category as parent</string>
  <string name="sync_error_timeout">server is maintained</string>
  <string name="sync_error_server_busy">Server is busy</string>
  <string name="sync_register_success">Register successfully</string>
  <string name="transaction_detail_warning_time_not_in_range">This date is not in budget %1$s\' time range (%2$s)</string>
  <string name="notification_message_remind_transaction">You set a notification for a transaction %1$s: %2$s. Tap to view its detail.</string>
  <string name="location_add_new_address">Add %1$s as a place</string>
  <string name="category_none_name">No categories</string>
  <string name="saving_add_startamount_over">Start amount can not large than goal amount</string>
  <string name="share_account_permission">Set this person as OWNER so they can view, add, edit, delete all kind of data in this wallet</string>
  <string name="error_can_not_load_wallet">Can not load wallet or the selected wallet was deleted. Please try again or open application not from shortcut.</string>
  <string name="select_category_tap_to_create_one">Tap to create one</string>
  <string name="error_can_not_change_wallet_transaction_debt_loan">Can not change wallet for debt, loan transaction</string>
  <string name="quick_add_manager_title">Show on status bar</string>
  <string name="account_manager_create_shortcut">Create shortcut</string>
  <string name="budget_no_data">No budgets</string>
  <string name="event_no_data">No events</string>
  <string name="saving_no_data">No savings</string>
  <string name="notification_center_no_data">No notifications</string>
  <string name="recurring_transaction_no_data">No recurring transactions</string>
  <string name="notification_like_fan_page_title">Like us on Facebook</string>
  <string name="notification_like_fan_page_text">keep in touch with us for updates, tips and occasional free stuff</string>
  <string name="share_account_email_target">Email which you want to share with</string>
  <string name="share_account_email_error">This string is not a valid email address</string>
  <string name="monthly_report_other_categories">Other categories</string>
  <string name="transfer_wallet_unknown_error_message">Can not transfer between wallets at this moment, please try again. If you still see this message next time, please contact us so we can help to fix this problem.</string>
  <string name="forgot_password_error_wrong_email">This email is not registered with us, please try again.</string>
  <string name="forgot_pass_success">Please check your email account for further instructions.</string>
  <string name="register_error_email_exists">This email is unavailable. Please choose another one.</string>
  <string name="promote_event_expire">This event is already finished</string>
  <string name="promote_event_error_wrong_code">Invalid promote code. Please try again.</string>
  <string name="register_error_server">Our server encountered an weird error and we\'ve been noticed. Please take a cup of coffee why we\'re fixing it.</string>
  <string name="register_error_entered_info_not_enough">Please fill all information to continue</string>
  <string name="purchase_post_facebook_success">Thanks for sharing</string>
  <string name="promote_event_input_successfully">Promote code is valid. Now you can use all features as a Premium user! Thank you for using %1$s</string>
  <string name="promote_event_share_facebook">Share on Facebook</string>
  <string name="promote_event_login_description">TIP: Register a %1$s account to link your Premium status with that account, so next time you login to %1$s, you will have your Premium status back.</string>
  <string name="promote_event_share_facebook_description">It would be cool to share this code to your friends! Don\'t worry, it won\'t affect your Premium status.</string>
  <string name="notification_center_message_already_logged_in">You\'ve already logged in.</string>
  <string name="congratulation">Congratulation!</string>
  <string name="cashbook_pull_to_add_transaction">Pull to add transaction</string>
  <string name="cashbook_release_to_add_transaction">Release to add transaction</string>
  <string-array name="cashbook_set_timerange_items">
    <item>Day</item>
    <item>Week</item>
    <item>Month</item>
    <item>Quarter</item>
    <item>Year</item>
    <item>All</item>
    <item>Custom</item>
  </string-array>
  <string-array name="delimiters">
    <item>Semikolon (;)</item>
    <item>Kommatecken (,)</item>
    <item>Flik</item>
  </string-array>
  <string-array name="create_budget_array_time_range">
    <item>Denna månad</item>
    <item>Detta kvartal</item>
    <item>Detta år</item>
    <item>Nästa månad</item>
    <item>Nästa kvartal</item>
    <item>Nästa år</item>
    <item>Anpassat intervall</item>
  </string-array>
  <string-array name="budget_overview_titles">
    <item>Körs</item>
    <item>Färdig</item>
  </string-array>
  <string-array name="category_manager_edit_cate_menu">
    <item>@string/edit</item>
    <item>@string/delete</item>
  </string-array>
  <string-array name="debt_overview_titles">
    <item>@string/debt_wallet</item>
    <item>@string/loan_wallet</item>
  </string-array>
  <string-array name="campaign_overview_titles">
    <item>Körs</item>
    <item>Färdig</item>
  </string-array>
  <string-array name="arrays_time_mode">
    <item>Veckovis</item>
    <item>Varje 14 dagar</item>
    <item>Månatlig</item>
    <item>Var 3:e månad</item>
    <item>Var 6:e månad</item>
    <item>Årligen</item>
  </string-array>
  <string-array name="arrays_type">
    <item>Enkel ränta</item>
    <item>Ränta på ränta</item>
  </string-array>
  <string-array name="repeat_transaction_time_mode">
    <item>Repeat Daily</item>
    <item>Repeat Weekly</item>
    <item>Repeat Monthly</item>
    <item>Repeat Yearly</item>
  </string-array>
  <string-array name="backup_list_file_backup_select_item">
    <item>@string/restore_title</item>
    <item>@string/backup_share</item>
  </string-array>
  <string-array name="repeat_transaction_mode_month_week">
    <item>first</item>
    <item>second</item>
    <item>third</item>
    <item>fourth</item>
    <item>fifth</item>
    <item>sixth</item>
  </string-array>
  <string-array name="repeat_transaction_times_duration">
    <item>Forever</item>
    <item>Until</item>
    <item>For a number of events</item>
  </string-array>
  <string-array name="trend_type">
    <item>@string/expense</item>
    <item>@string/income</item>
    <item>Net Income</item>
  </string-array>
  <string-array name="trend_criteria">
    <item>Overtime</item>
    <item>By Category</item>
  </string-array>
  <plurals name="cashbook_transaction_count">
    <item quantity="one">%d transaktion</item>
    <item quantity="other">%d transaktioner</item>
  </plurals>
  <plurals name="budget_days_left">
    <item quantity="one">%d dag kvar</item>
    <item quantity="other">%d dagar kvar</item>
  </plurals>
  <plurals name="ail_view_photo_title">
    <item quantity="one">%1$s foto kvar</item>
    <item quantity="other">%1$s foton kvar</item>
  </plurals>
  <plurals name="editbar_selected_count">
    <item quantity="one">%d objekt markerat</item>
    <item quantity="other">%d objekt markerade</item>
  </plurals>
</resources>
