<?xml version="1.0" encoding="utf-8"?>
<!--Generated by crowdin.net-->
<resources>
  <string name="settings_group_display">Display</string>
  <string name="settings_group_alarm_title">Alarm</string>
  <string name="settings_group_system">System</string>
  <string name="settings_group_database">Databas</string>
  <string name="settings_group_about">Om</string>
  <string name="settings_select_date_format">Välj datumformat</string>
  <string name="settings_set_first_day_week">Bestäm veckans första dag</string>
  <string name="settings_set_first_day_month">Bestäm månadens första dag</string>
  <string name="settings_enable_pin">Aktivera lösenord</string>
  <string name="settings_connect_dropbox">Anslut med Dropbox</string>
  <string name="settings_connect_dropbox_connected">Ansluten</string>
  <string name="settings_select_language">Välj språk</string>
  <string name="settings_alarm">Daglig påminnelse om att lägga till transaktion</string>
  <string name="settings_auto_check_update">Automatisk sökning efter uppdatering</string>
  <string name="settings_show_ail_notification_title">Visa lägg-till-senare notifikation</string>
  <string name="pref_show_ail_summary">Ta ett foto för påminnelse först, så du kan lägga till transaktion senare</string>
  <string name="settings_about">Om Money Lover</string>
  <string name="settings_changes_log_title">Ändringsloggar</string>
  <string name="settings_amount_text_display_title">Mängd text visningsstil</string>
  <string name="pref_amount_text_decimal_separator_title">Decimalseparator</string>
  <string name="pref_amount_text_decimal_separator_imperial">1,999.95</string>
  <string name="pref_amount_text_decimal_separator_international">1.999,95</string>
  <string name="pref_amount_text_show_currency_title">Visa valuta</string>
  <string name="pref_amount_text_minus_style_title">Positiv/negativ stil</string>
  <string name="pref_amount_text_minus_style_color">Standard med färg</string>
  <string name="pref_amount_text_minus_style_sign">Med +/- tecken</string>
  <string name="pref_amount_text_minus_style_bracket">With a ( ) sign</string>
  <string name="pref_amount_text_shorten_title">Förkorta belopp</string>
  <string name="pref_using_location">Använder plats</string>
  <string name="settings_reset_data">Återställ data</string>
  <string name="auto_backup_no">Ingen automatisk backup</string>
  <string name="auto_backup">Automatisk backup</string>
  <string name="auto_backup_every_day">Varje dag</string>
  <string name="auto_backup_every_week">Varje vecka</string>
  <string name="auto_backup_every_month">Varje månad</string>
  <string name="auto_backup_every_year">Varje år</string>
  <string name="auto_backup_test">2 phút</string>
  <string name="settings_quick_add_notification_title"></string>
  <string-array name="first_day_of_week_display">
    <item>Söndag</item>
    <item>Måndag</item>
    <item>Tisdag</item>
    <item>Onsdag</item>
    <item>Torsdag</item>
    <item>Fredag</item>
    <item>Lördag</item>
  </string-array>
  <string-array name="first_day_of_month_display">
    <item>1:a</item>
    <item>2:a</item>
    <item>3:e</item>
    <item>4:e</item>
    <item>5:e</item>
    <item>6:e</item>
    <item>7:e</item>
    <item>8:e</item>
    <item>9:e</item>
    <item>10:e</item>
    <item>11:e</item>
    <item>12:e</item>
    <item>13:e</item>
    <item>14:e</item>
    <item>15:e</item>
    <item>16:e</item>
    <item>17:e</item>
    <item>18:e</item>
    <item>19:e</item>
    <item>20:e</item>
    <item>21:a</item>
    <item>22:e</item>
    <item>23:e</item>
    <item>24:e</item>
    <item>25:e</item>
    <item>26:e</item>
    <item>27:e</item>
    <item>28:e</item>
  </string-array>
  <string-array name="alarm_time_display">
    <item>17:00</item>
    <item>18:00</item>
    <item>19:00</item>
    <item>20:00</item>
    <item>21:00</item>
    <item>22:00</item>
    <item>23:00</item>
    <item>Inga alarm</item>
  </string-array>
  <string-array name="auto_backup_repeat">
    <item>@string/auto_backup_every_day</item>
    <item>@string/auto_backup_every_week</item>
    <item>@string/auto_backup_every_month</item>
    <item>@string/auto_backup_every_year</item>
    <item>@string/auto_backup_no</item>
  </string-array>
</resources>
