<?xml version="1.0" encoding="utf-8"?>
<!--Generated by crowdin.net-->
<resources>
  <string name="wpDifferentCurrency">De konton du valde inte är av samma valuta! Vill du växla summan = </string>
  <string name="downloading">Laddar ner</string>
  <string name="duplicate">Kopiera</string>
  <string name="wpeditAmount"> Eller så kan du redigera beloppet manuellt.</string>
  <string name="wpEmptyContent">Ingen data att visa</string>
  <string name="wpEmptySymbol">: (</string>
  <string name="wpEndDateAfterStartDateError">Slutdatum kan inte vara före startdatumet.</string>
  <string name="wpEnterName">Plånbokens namn?</string>
  <string name="wpEnterPass">Ange ditt lösenord</string>
  <string name="exit">Avsluta</string>
  <string name="wpExpenseColor">Utgiftsfärg</string>
  <string name="wpFeedBackSubject">[W] Feedback</string>
  <string name="format">Utseende</string>
  <string name="For">För</string>
  <string name="wpHeaderColor">Sidhuvudets färg</string>
  <string name="wpHelpUsTranslate">Hjälp oss översätta</string>
  <string name="wpIncomeColor">Färg på inkomst</string>
  <string name="wpInsertAccountAlert">Välj konto</string>
  <string name="wpInsertAmountAlert">Skriv in en summa</string>
  <string name="wpInsertCategoryAlert">Vänligen välj en kategori</string>
  <string name="wpInsertCategoryLength">Längden på kategorinamn måste vara större än 2 och mindre än 30!</string>
  <string name="wpInsertImageAlert">Välj bildikon</string>
  <string name="wpInsertNameAlert">Ange namn</string>
  <string name="wpInsertTimeRangeError">Välj tidsintervall</string>
  <string name="wpInsertTypeAlert">Välj typ av kategori</string>
  <string name="items">Objekt</string>
  <string name="wpLiveFolderError">Kan inte skapa Money Lover-mapp på SkyDrive. Försök igen senare.</string>
  <string name="wpLocationServiceWarning">LocationServiceWarning</string>
  <string name="wpLocationService">Platsstjänst</string>
  <string name="wpMessage3">BNS-fel: Funktionen är inaktiverad</string>
  <string name="Message2">BNS-fel: Det maximala antalet ScheduledActions av denna typ finns redan. </string>
  <string name="wpMessage1">Användaren har inaktiverat möjligheten för programmet att köras i bakgrunden.</string>
  <string name="wpMessage">Meddelande</string>
  <string name="monday">Måndag</string>
  <string name="month">Månad</string>
  <string name="name">Namn</string>
  <string name="navigations">Navigeringar</string>
  <string name="wpDeleteNotify">Vill du ta bort alla?</string>
  <string name="wpNotify7">[Rapportera]</string>
  <string name="wpNotify6">[Sparar]</string>
  <string name="wpNotify5">Budgeten {0} är överskriden.</string>
  <string name="wpNotify4">Var försiktig, budget {0} är nästan överskriden.</string>
  <string name="wpNotify3_2">Lån {0} är klar.</string>
  <string name="wpNotify3_1">Skulden {0} är klar.</string>
  <string name="wpNotify2">Du har inte lagt till några transaktioner idag. Lägg till en nu?</string>
  <string name="wpNotify1">Tips</string>
  <string name="wpNotify0">Välkommen till Money Lover på Windows Phone. Från och med idag hjälper den dig att planera och spåra alla dina utgifter, lagra informationen och generera rapporter periodvis. Vi hoppas att upplevelsen är trevlig.</string>
  <string name="notifications">Meddelanden</string>
  <string name="notification">Meddelande</string>
  <string name="wpNoParent">Ingen förälder</string>
  <string name="number">Nej. </string>
  <string name="other">Annat</string>
  <string name="Over">Över</string>
  <string name="wpOverDue">Försenad</string>
  <string name="wpOverAmount">Det belopp du överföra är större än det totala beloppet! Vill du redigera igen?</string>
  <string name="wpPaidHistory">Betalningshistorik</string>
  <string name="parent">Förälder</string>
  <string name="wpPasswordProtected">Lösenordsskyddad</string>
  <string name="payment">Betalning</string>
  <string name="people">Människor</string>
  <string name="picture">Bild</string>
  <string name="wpPinToStart">Fäst vid start</string>
  <string name="place">Plats</string>
  <string name="wpPlaceFinder">Platshittare</string>
  <string name="quarter">Kvartal</string>
  <string name="reason">Anledning</string>
  <string name="reload">Ladda om</string>
  <string name="wpReminderAddTran">Påminnelse att lägga till transaktion</string>
  <string name="wpRestartNotify">Du måste starta om appen för att se ändringarna.</string>
  <string name="wpRestoreMess">Att återställa databasen kommer att ersätta din nuvarande databas med den du valt. All data kommer att förloras. Är du säker på att du vill återställa databasen?</string>
  <string name="wpRestoreComplete">Återställningen har slutförts.</string>
  <string name="restore">Återställ</string>
  <string name="running">Körs</string>
  <string name="wpSamplePlaceSearch">Namnge ett par platser</string>
  <string name="wpSelectedCategory">Vald kategori</string>
  <string name="wpSkydriveLogin">Hejsan, innan du fortsätter behöver du logga in på SkyDrive.</string>
  <string name="sort">Sortera</string>
  <string name="wpSpendWith">Spendera med</string>
  <string name="start_month">Första dagen i månaden</string>
  <string name="start_week">Första dagen i veckan</string>
  <string name="sunday">Söndag</string>
  <string name="sure">Säker</string>
  <string name="wpSyncDone">Synkronisering slutförd.</string>
  <string name="wpThemeManager">Temahanterare</string>
  <string name="wpThisMonth">Denna månad</string>
  <string name="wpThisQuarter">Detta kvartal</string>
  <string name="wpThisWeek">Denna vecka</string>
  <string name="wpThisYear">Detta år</string>
  <string name="time_format">Tidsformat</string>
  <string name="wpTimeRange">Tidsintervall</string>
  <string name="title">Titel</string>
  <string name="wpToAcount">Till konto</string>
  <string name="today">Idag</string>
  <string name="tomorrow">I morgon</string>
  <string name="tranfer">Flytt</string>
  <string name="wpTranferFail">Kontrollera gärna information igen! Det belopp du överför måste vara större än 0.</string>
  <string name="wpTranferComplete">Överföring lyckades!</string>
  <string name="wpTransferFrom">Överför från:</string>
  <string name="wpTransferMoney">Överför pengar</string>
  <string name="wpTranferingException">TranferingException</string>
  <string name="wpTransactionInfo">Transaktionsinformation</string>
  <string name="tutorial">Handledning</string>
  <string name="unfinished">Ofärdiga</string>
  <string name="unit">Enhet</string>
  <string name="wpUploadCompleted">Uppladdning färdig.</string>
  <string name="uploading">Uppladdning</string>
  <string name="wpUploadSkydrive">Ladda upp till SkyDrive</string>
  <string name="wpUseCustomColor">Använd egen färg</string>
  <string name="used">Använd</string>
  <string name="wpViewMode">Visningsläge</string>
  <string name="wpViewOffice">Visa i Office</string>
  <string name="week">Vecka</string>
  <string name="wrong">Fel</string>
  <string name="wpWrongPass">Fel lösenord.</string>
  <string name="year">År</string>
  <string name="yesterday">Igår</string>
  <string name="wpViewTran">Visa transaktioner</string>
  <string name="editDebt">Redigera skuld</string>
  <string name="wpTimeAlreadyOver">Den tid som du har valt har redan varit.</string>
  <string name="account_all">Alla konton</string>
  <string name="about_msg_wp">Att tjäna och hantera pengar är inte samma sak! Slarviga och obudgeterade utgifter är problem för familjer över hela världen. Money Lover hjälper dig att planera och spåra alla dina utgifter, lagra allt och generera rapporter periodvis. Det är inte ett fullfjädrat redovisningsverktyg men det är användbart för dig eller din familj för att hålla reda på finanserna enkelt.</string>
  <string name="clear">Rensa</string>
  <string name="day">Dag</string>
  <string name="interest_rate">Ränta</string>
  <string name="string_select_all">Markera alla</string>
  <string name="settings_alarm_group_title">Alarm</string>
  <string name="wpAddAccountFirst">Lägg till en plånbok först!</string>
  <string name="wpATM">Bankomat</string>
  <string name="wpAdd">Lägg till</string>
  <string name="wpBank">Bank</string>
  <string name="wpBackupRestore">Säkerhetskopiera &amp; återställ</string>
  <string name="wpBackup">Säkerhetskopiera</string>
  <string name="wpCannotEditAccount">Kan inte redigera detta konto.</string>
  <string name="wpCannotEditTransaction">Kan inte redigera denna transaktion.</string>
  <string name="wpConfirmBackCategory">Vi har inte sparat din kategori ännu, är du säker på att du vill gå tillbaka?</string>
  <string name="wpConfirmBack">Vi har inte sparat din transaktion ännu, är du säker på att du vill gå tillbaka?</string>
  <string name="wpConfirmBackBudget">Vi har inte sparat din budget ännu, är du säker på att du vill gå tillbaka?</string>
  <string name="wpCustomRange">Anpassad intervall</string>
  <string name="wpCustomTimeNullError">Den valda tiden är inte giltig. Välj tidsintervall.</string>
  <string name="wpDayLeft">dag kvar</string>
  <string name="wpDaysLeft">dagar kvar</string>
  <string name="wpDeleteTransaction">Du kommer att förlora all data för den här transaktionen. Vill du fortsätta?</string>
  <string name="wpDeletePin">Vill du ta bort PIN-koden?</string>
  <string name="wpDeleteBudget">Du kommer att förlora all data för denna budget. Vill du fortsätta?</string>
  <string name="wpDeleteAcc">Du kommer att förlora all data för denna budget. Vill du fortsätta?</string>
  <string name="wpDeleteCategory">Kommer du förlora all data för denna kategori och alla transaktioner i den. Vill du fortsätta?</string>
  <string name="wpAuto">Automatiskt</string>
  <string name="rate">taxa</string>
  <string name="wp_warning_addtran_from_pin_message">Transaktionen har lagts till. Vill du återgå till skärmen för plånböcker?</string>
  <string name="navigation_group_policy">Policy</string>
  <string name="wpNotify8">Gratulerar, uppdateringen lyckades. Vill du se ändringarna som gjorts i den nya versionen? Tryck för att visa ändringsloggen.</string>
</resources>
