<?xml version="1.0" encoding="utf-8"?>
<!--Generated by crowdin.net-->
<resources>
  <string name="AGO"> </string>
  <string name="DAY">fa un dia</string>
  <string name="DAYS">fa %1$s dies</string>
  <string name="HOUR">fa cosa d\'una hora</string>
  <string name="HOURS">fa %1$s hores</string>
  <string name="MINUTE">fa cosa d\'un minut</string>
  <string name="MINUTES">fa %1$s minuts</string>
  <string name="MONTH">fa cosa d\'un mes</string>
  <string name="MONTHS">fa %1$s mesos</string>
  <string name="SECONDS">fa menys d\'un minut</string>
  <string name="SUFFIX_FROM_NOW">des d\'ara</string>
  <string name="YEAR">fa cosa d\'un any</string>
  <string name="YEARS">fa %1$s anys</string>
</resources>
