<?xml version="1.0" encoding="utf-8"?>
<!--Generated by crowdin.net-->
<resources>
  <string name="second">segon</string>
  <string name="minute">minut</string>
  <plurals name="days_left">
    <item quantity="one">Queda %d dia</item>
    <item quantity="other">Queden %d dies</item>
  </plurals>
  <plurals name="hour_left">
    <item quantity="one">queda %d hora</item>
    <item quantity="other">queden %d hores</item>
  </plurals>
  <plurals name="minute_left">
    <item quantity="one">queda %d minut</item>
    <item quantity="other">queden %d minuts</item>
  </plurals>
  <plurals name="second_left">
    <item quantity="one">queda %d segon</item>
    <item quantity="other">queden %d segons</item>
  </plurals>
</resources>
