<?xml version="1.0" encoding="utf-8"?>
<!--Generated by crowdin.net-->
<resources>
  <string name="notice">Avís</string>
  <string name="error">Error</string>
  <string name="close">Tanca</string>
  <string name="cancel">Canceŀla</string>
  <string name="save">Desa</string>
  <string name="done">Fet</string>
  <string name="yes">Sí</string>
  <string name="submit">Envia</string>
  <string name="sorry">Ho sento</string>
  <string name="ok">D\'acord</string>
  <string name="search">Cerca</string>
  <string name="no">No</string>
  <string name="confirm">Confirma</string>
  <string name="today">Avui</string>
  <string name="tomorrow">Demà</string>
  <string name="yesterday">Ahir</string>
  <string name="thisweek">Aquesta setmana</string>
  <string name="nextweek">Propera setmana</string>
  <string name="lastweek">Setmana anterior</string>
  <string name="thismonth">Aquest mes</string>
  <string name="nextmonth">Proper mes</string>
  <string name="lastmonth">Mes anterior</string>
  <string name="thisquarter">Aquest trimestre</string>
  <string name="nextquarter">Proper trimestre</string>
  <string name="lastquarter">Trimestre anterior</string>
  <string name="thisyear">Aquest any</string>
  <string name="nextyear">Proper any</string>
  <string name="lastyear">Any anterior</string>
  <string name="quarter_shorten">Trim.</string>
</resources>
