<?xml version="1.0" encoding="utf-8"?>
<!--Generated by crowdin.net-->
<resources>
  <string name="search_over">Superior a</string>
  <string name="search_under">Inferior a</string>
  <string name="search_time_over">Posterior a</string>
  <string name="search_time_under">Anterior a</string>
  <string name="search_between">Entre</string>
  <string name="search_exact">Exactament</string>
  <string name="search_remove">Elimina</string>
  <string name="search_none">Cap</string>
  <string name="search_all">Tot</string>
  <string name="search_select">Selecciona</string>
  <string name="start">Inici</string>
  <string name="end">Fi</string>
  <string name="from">Des de</string>
  <string name="to">A</string>
  <string-array name="arr_amount">
    <item>@string/search_all</item>
    <item>@string/search_over</item>
    <item>@string/search_under</item>
    <item>@string/search_between</item>
    <item>@string/search_exact</item>
  </string-array>
  <string-array name="arr_type">
    <item>Tot</item>
    <item>Ingrés</item>
    <item>Despesa</item>
  </string-array>
  <string-array name="arr_time">
    <item>@string/search_all</item>
    <item>@string/search_time_over</item>
    <item>@string/search_time_under</item>
    <item>@string/search_between</item>
    <item>@string/search_exact</item>
  </string-array>
</resources>
