<?xml version="1.0" encoding="utf-8"?>
<!--Generated by crowdin.net-->
<resources>
  <string name="wpDifferentCurrency">Els comptes que heu seleccionat no utilitzen la mateixa divisa. Voleu canviar la quantitat = </string>
  <string name="downloading">S\'està baixant</string>
  <string name="duplicate">Duplica</string>
  <string name="wpeditAmount"> O editeu la quantitat manualment.</string>
  <string name="wpEmptyContent">No hi ha dades per mostrar</string>
  <string name="wpEmptySymbol">: (</string>
  <string name="wpEndDateAfterStartDateError">La data final no pot ser anterior a la inicial.</string>
  <string name="wpEnterName">Com voleu anomenar la cartera?</string>
  <string name="wpEnterPass">introduïu la contrasenya</string>
  <string name="exit">Surt</string>
  <string name="wpExpenseColor">Color de les despeses</string>
  <string name="wpFeedBackSubject">[W] Comentaris</string>
  <string name="format">Format</string>
  <string name="For">Per</string>
  <string name="wpHeaderColor">Color de la capçalera</string>
  <string name="wpHelpUsTranslate">Ajudeu-nos amb les traduccions</string>
  <string name="wpIncomeColor">Color dels ingressos</string>
  <string name="wpInsertAccountAlert">Seleccioneu un compte</string>
  <string name="wpInsertAmountAlert">Introduïu diners</string>
  <string name="wpInsertCategoryAlert">Seleccioneu una categoria</string>
  <string name="wpInsertCategoryLength">El nom de la categoria ha de tenir entre 2 i 30 lletres.</string>
  <string name="wpInsertImageAlert">Seleccioneu una icona d\'imatge</string>
  <string name="wpInsertNameAlert">Introduïu un nom</string>
  <string name="wpInsertTimeRangeError">Seleccioneu un interval de temps</string>
  <string name="wpInsertTypeAlert">Seleccioneu un tipus de categoria</string>
  <string name="items">Ítems</string>
  <string name="wpLiveFolderError">No es pot accedir al directori «Money Lover» del Sky Drive. Torneu-ho a intentar més tard.</string>
  <string name="wpLocationServiceWarning">LocationServiceWarning</string>
  <string name="wpLocationService">Servei d\'ubicació</string>
  <string name="wpMessage3">Error BNS: l\'acció està desactivada</string>
  <string name="Message2">Error BNS: s\'ha assolit el nombre màxim d\'accions programades (ScheduledActions) d\'aquest tipus. </string>
  <string name="wpMessage1">Heu desactivat els agents en segon pla per aquesta aplicació.</string>
  <string name="wpMessage">Missatge</string>
  <string name="monday">Dilluns</string>
  <string name="month">Mes</string>
  <string name="name">Nom</string>
  <string name="navigations">Navegacions</string>
  <string name="wpDeleteNotify">Voleu esborrar-ho tot?</string>
  <string name="wpNotify7">[Informe]</string>
  <string name="wpNotify6">[S\'està desant]</string>
  <string name="wpNotify5">El pressupost {0} s\'ha esgotat.</string>
  <string name="wpNotify4">Aneu a compte, casi s\'ha acabat el pressupost {0}.</string>
  <string name="wpNotify3_2">El préstec {0} ha finalitzat.</string>
  <string name="wpNotify3_1">El deute {0} ha finalitzat.</string>
  <string name="wpNotify2">No heu afegit cap transacció, avui. Voleu afegir-ne alguna ara?</string>
  <string name="wpNotify1">Consells</string>
  <string name="wpNotify0">Benvingut al Money Lover per a Windows Phone. Des d\'avui, us ajudarà a planificar i controlar les vostres despeses, ho enregistrarà tot i us generarà informes periòdicament. Gaudiu-ne!</string>
  <string name="notifications">Notificacions</string>
  <string name="notification">Notificació</string>
  <string name="wpNoParent">Sense pare</string>
  <string name="number">No. </string>
  <string name="other">Altres</string>
  <string name="Over">Superior a</string>
  <string name="wpOverDue">Endarrerit</string>
  <string name="wpOverAmount">La quantitat que esteu transferint és superior a tot el que teniu. Voleu editar-ho novament?</string>
  <string name="wpPaidHistory">Historial de pagaments</string>
  <string name="parent">Pare</string>
  <string name="wpPasswordProtected">Protegit per contrasenya</string>
  <string name="payment">Pagament</string>
  <string name="people">Gent</string>
  <string name="picture">Imatge</string>
  <string name="wpPinToStart">PIN en iniciar</string>
  <string name="place">Emplaçament</string>
  <string name="wpPlaceFinder">Cercador d\'emplaçaments</string>
  <string name="quarter">Trimestre</string>
  <string name="reason">Motiu</string>
  <string name="reload">Actualitza</string>
  <string name="wpReminderAddTran">Recordatori per afegir transacció</string>
  <string name="wpRestartNotify">Heu de reiniciar l\'aplicació per veure els canvis.</string>
  <string name="wpRestoreMess">Restaurar la base dades reemplaçarà la base de dades actual amb la que tingueu seleccionada, perdent-ne tota la informació. Voleu continuar?</string>
  <string name="wpRestoreComplete">S\'ha completat la restauració.</string>
  <string name="restore">Restaura</string>
  <string name="running">S\'està executant</string>
  <string name="wpSamplePlaceSearch">Indiqueu alguna ubicació</string>
  <string name="wpSelectedCategory">Categoria seleccionada</string>
  <string name="wpSkydriveLogin">Abans de continuar, inicieu la sessió al SkyDrive.</string>
  <string name="sort">Ordena</string>
  <string name="wpSpendWith">Gastar en</string>
  <string name="start_month">Primer dia del mes</string>
  <string name="start_week">Primer dia de la setmana</string>
  <string name="sunday">Diumenge</string>
  <string name="sure">És clar</string>
  <string name="wpSyncDone">S\'ha sincronitzat.</string>
  <string name="wpThemeManager">Gestor de temes</string>
  <string name="wpThisMonth">Aquest mes</string>
  <string name="wpThisQuarter">Aquest trimestre</string>
  <string name="wpThisWeek">Aquesta setmana</string>
  <string name="wpThisYear">Aquest any</string>
  <string name="time_format">Format temporal</string>
  <string name="wpTimeRange">Interval de temps</string>
  <string name="title">Títol</string>
  <string name="wpToAcount">Al compte</string>
  <string name="today">Avui</string>
  <string name="tomorrow">Demà</string>
  <string name="tranfer">Transfereix</string>
  <string name="wpTranferFail">Comproveu novament la informació. La quantitat que transferiu ha de ser superior a 0.</string>
  <string name="wpTranferComplete">S\'ha completat la transferència.</string>
  <string name="wpTransferFrom">Transferència de:</string>
  <string name="wpTransferMoney">Transfereix els diners</string>
  <string name="wpTranferingException">TransferingException</string>
  <string name="wpTransactionInfo">Informació de la transacció</string>
  <string name="tutorial">Programa d\'aprenentatge</string>
  <string name="unfinished">Sense acabar</string>
  <string name="unit">Unitat</string>
  <string name="wpUploadCompleted">S\'ha completat la pujada.</string>
  <string name="uploading">S\'està pujant</string>
  <string name="wpUploadSkydrive">Puja al SkyDrive</string>
  <string name="wpUseCustomColor">Utilitza un color personalitzat</string>
  <string name="used">Utilitzat</string>
  <string name="wpViewMode">Mode de visualització</string>
  <string name="wpViewOffice">Mostra-ho a l\'Office</string>
  <string name="week">Setmana</string>
  <string name="wrong">Erroni</string>
  <string name="wpWrongPass">Contrasenya errònia.</string>
  <string name="year">Any</string>
  <string name="yesterday">Ahir</string>
  <string name="wpViewTran">Mostra la transacció</string>
  <string name="editDebt">Edita el deute</string>
  <string name="wpTimeAlreadyOver">L\'instant que heu seleccionat ja ha passat.</string>
  <string name="account_all">Tots els comptes</string>
  <string name="about_msg_wp">Guanyar diners i gestionar-los no és el mateix! Les despeses fetes sense cura ni planificació són problemàtiques per les famílies d\'arreu. El Money Lover us ajudarà a planificar i controlar les vostres despeses, enregistrarà totes les transaccions i generarà informes periòdicament. No es tracta d\'una eina de comptabilitat professional, però us resultarà prou útil i senzilla per a la gestió de les finances personals i familiars.</string>
  <string name="clear">Neteja</string>
  <string name="day">Dia</string>
  <string name="interest_rate">Taxa</string>
  <string name="string_select_all">Selecciona-ho tot</string>
  <string name="settings_alarm_group_title">Alarma</string>
  <string name="wpAddAccountFirst">Afegiu una cartera</string>
  <string name="wpATM">Caixer automàtic</string>
  <string name="wpAdd">Afegeix</string>
  <string name="wpBank">Banc</string>
  <string name="wpBackupRestore">Còpia de seguretat &amp; Restauració</string>
  <string name="wpBackup">Còpia de seguretat</string>
  <string name="wpCannotEditAccount">No es pot editar aquest compte.</string>
  <string name="wpCannotEditTransaction">No es pot editar aquesta transacció.</string>
  <string name="wpConfirmBackCategory">Encara no s\'ha desat la categoria. Tot i això, voleu tornar enrere?</string>
  <string name="wpConfirmBack">Encara no s\'ha desat la transacció. Tot i això, voleu tornar enrere?</string>
  <string name="wpConfirmBackBudget">Encara no s\'ha desat el pressupost. Tot i això, voleu tornar enrere?</string>
  <string name="wpCustomRange">Interval personalitzat</string>
  <string name="wpCustomTimeNullError">El temps personalitzat és buit. Seleccioneu un interval de temps.</string>
  <string name="wpDayLeft">dia restant</string>
  <string name="wpDaysLeft">dies restants</string>
  <string name="wpDeleteTransaction">Esteu a punt de perdre totes les dades d\'aquesta transacció. Voleu continuar?</string>
  <string name="wpDeletePin">Voleu esborrar el PIN?</string>
  <string name="wpDeleteBudget">Esteu a punt de perdre totes les dades d\'aquest pressupost. Voleu continuar?</string>
  <string name="wpDeleteAcc">Esteu a punt de perdre totes les dades d\'aquest compte. Voleu continuar?</string>
  <string name="wpDeleteCategory">Esteu a punt de perdre totes les dades d\'aquesta categoria i de les transaccions que conté. Voleu continuar?</string>
  <string name="wpAuto">Auto</string>
  <string name="rate">taxa</string>
  <string name="wp_warning_addtran_from_pin_message">S\'ha afegit la transacció. Voleu tornar a la pantalla de la Cartera?</string>
  <string name="navigation_group_policy">Política</string>
  <string name="wpNotify8">S\'ha completat l\'actualització. Voleu veure els canvis d\'aquesta nova versió? Toqueu per veure\'ls.</string>
</resources>
