<?xml version="1.0" encoding="utf-8"?>
<!--Generated by crowdin.net-->
<resources>
  <string name="notification_message_take_photo_title">Afegeiu una transacció partint d\'una foto recordatori</string>
  <string name="notification_message_daily_alarm_title">Afegeiu una transacció per &lt;b&gt;%1$s&lt;/b&gt;</string>
  <string name="notification_message_monthly_remind">Mostra l\'informe mensual de &lt;b&gt;%1$s&lt;/b&gt;</string>
  <string name="notification_message_no_expense_today">Avui no heu anotat cap despesa. Voleu fer-ho ara?</string>
  <string name="notification_message_remind_debt">Encara deveu &lt;b&gt;%1$s&lt;/b&gt; %2$s. Voleu actualitzar-ho ara?</string>
  <string name="notification_message_remind_loan">&lt;b&gt;%1$s&lt;/b&gt; encara us deu %2$s. Voleu actualitzar-ho ara?</string>
  <string name="budget_notification_budget_warning_title">El pressupost ha arribat a %1$s%%</string>
  <string name="budget_notification_budget_warning_category_text">Queda %1$s a &lt;b&gt;%2$s&lt;/b&gt;</string>
  <string name="budget_notification_budget_warning_account_text">Queda %1$s a &lt;b&gt;%2$s&lt;/b&gt;</string>
  <string name="budget_notification_budget_100percent_category_text">a &lt;b&gt;%1$s&lt;/b&gt;</string>
  <string name="budget_notification_budget_100percent_account_text">a &lt;b&gt;%1$s&lt;/b&gt;</string>
  <string name="budget_notification_budget_exceeded_title">S\'ha malbaratat %1$s</string>
  <string name="budget_notification_budget_exceeded_category_text">a &lt;b&gt;%1$s&lt;/b&gt;</string>
  <string name="budget_notification_budget_exceeded_account_text">a &lt;b&gt;%1$s&lt;/b&gt;</string>
  <string name="ail_notification_title">Feu una foto</string>
  <string name="ail_notification_text">per recordar-vos d\'afegir una transacció més tard</string>
  <string name="ail_notification_cancel_message">Podeu veure aquesta notificació novament des de la Configuració</string>
  <string name="notification_monthly_alarm_title">Toqueu per veure l\'informe sobre</string>
  <string name="notification_monthly_alarm_text">%1$s</string>
  <string name="notification_message_auto_backup">Mostra el fitxer de còpia de seguretat de &lt;b&gt;%1$s&lt;/b&gt;</string>
  <string name="notification_message_repeat_transaction">S\'ha afegit una nova transacció a &lt;b&gt;%1$s&lt;/b&gt;</string>
</resources>
