<?xml version="1.0" encoding="utf-8"?>
<!--Generated by crowdin.net-->
<resources>
  <string name="cate_salary">Salari</string>
  <string name="cate_award">Premi</string>
  <string name="cate_selling">Venda</string>
  <string name="cate_give">Donació</string>
  <string name="cate_interest">Interesos</string>
  <string name="cate_debt">Deute</string>
  <string name="cate_income_other">Altres</string>
  <string name="cate_food">Alimentació &amp; Begudes</string>
  <string name="cate_entertainment">Oci</string>
  <string name="cate_travel">Viatges</string>
  <string name="cate_education">Educació</string>
  <string name="cate_transport">Transport</string>
  <string name="cate_friend">Amics &amp; Parella</string>
  <string name="cate_family">Família</string>
  <string name="cate_medical">Salut</string>
  <string name="cate_shopping">Compres</string>
  <string name="cate_loan">Préstec</string>
  <string name="cate_invest">Inversió</string>
  <string name="cate_expense_other">Altres</string>
</resources>
