<?xml version="1.0" encoding="utf-8"?>
<!--Generated by crowdin.net-->
<resources>
  <string name="settings_group_display">Visualització</string>
  <string name="settings_group_alarm_title">Alarma diària</string>
  <string name="settings_group_system">Sistema</string>
  <string name="settings_group_database">Base de dades</string>
  <string name="settings_group_about">Quant a</string>
  <string name="settings_select_date_format">Selecció del format de dates</string>
  <string name="settings_set_first_day_week">Primera dia de la setmana</string>
  <string name="settings_set_first_day_month">Defineix el primer dia del mes</string>
  <string name="settings_enable_pin">Utilitza contrasenya</string>
  <string name="settings_connect_dropbox">Connecta amb Dropbox</string>
  <string name="settings_connect_dropbox_connected">Connectat</string>
  <string name="settings_select_language">Selecciona l\'idioma</string>
  <string name="settings_alarm">Recordatori per afegir transacció</string>
  <string name="settings_auto_check_update">Cerca actualitzacions automàticament</string>
  <string name="settings_show_ail_notification_title">Mostra recordatoris</string>
  <string name="pref_show_ail_summary">Feu una foto que us serveixi per recordar que cal introduir una transacció</string>
  <string name="settings_about">Quant a Money Lover</string>
  <string name="settings_changes_log_title">Registre de canvis</string>
  <string name="settings_amount_text_display_title">Estil de visualització de quantitats</string>
  <string name="pref_amount_text_decimal_separator_title">Separador de decimals</string>
  <string name="pref_amount_text_decimal_separator_imperial">1,999.95</string>
  <string name="pref_amount_text_decimal_separator_international">1.999,95</string>
  <string name="pref_amount_text_show_currency_title">Mostra la divisa</string>
  <string name="pref_amount_text_minus_style_title">Estil positiu/negatiu</string>
  <string name="pref_amount_text_minus_style_color">Per defecte amb colors</string>
  <string name="pref_amount_text_minus_style_sign">Amb el signe +/-</string>
  <string name="pref_amount_text_minus_style_bracket">Amb el signe ( )</string>
  <string name="pref_amount_text_shorten_title">Quantitat escurçada</string>
  <string name="pref_using_location">Utilitza la ubicació</string>
  <string name="settings_reset_data">Reinicialitza les dades</string>
  <string name="auto_backup_no">Sense còpies de seg. automàtiques</string>
  <string name="auto_backup">Còpies de seg. automàtiques</string>
  <string name="auto_backup_every_day">Cada dia</string>
  <string name="auto_backup_every_week">Cada setmana</string>
  <string name="auto_backup_every_month">Cada mes</string>
  <string name="auto_backup_every_year">Cada any</string>
  <string name="auto_backup_test">2 phút</string>
  <string name="settings_quick_add_notification_title"></string>
  <string-array name="first_day_of_week_display">
    <item>Diumenge</item>
    <item>Dilluns</item>
    <item>Dimarts</item>
    <item>Dimecres</item>
    <item>Dijous</item>
    <item>Divendres</item>
    <item>Dissabte</item>
  </string-array>
  <string-array name="first_day_of_month_display">
    <item>Primer</item>
    <item>Segon</item>
    <item>Tercer</item>
    <item>4rt</item>
    <item>5è</item>
    <item>6è</item>
    <item>7è</item>
    <item>8è</item>
    <item>9è</item>
    <item>10è</item>
    <item>11è</item>
    <item>12è</item>
    <item>13è</item>
    <item>14è</item>
    <item>15è</item>
    <item>16è</item>
    <item>17è</item>
    <item>18è</item>
    <item>19è</item>
    <item>20è</item>
    <item>21è</item>
    <item>22è</item>
    <item>23è</item>
    <item>24è</item>
    <item>25è</item>
    <item>26è</item>
    <item>27è</item>
    <item>28è</item>
  </string-array>
  <string-array name="alarm_time_display">
    <item>17:00</item>
    <item>18:00</item>
    <item>19:00</item>
    <item>20:00</item>
    <item>21:00</item>
    <item>22:00</item>
    <item>23:00</item>
    <item>Cap alarma</item>
  </string-array>
  <string-array name="auto_backup_repeat">
    <item>@string/auto_backup_every_day</item>
    <item>@string/auto_backup_every_week</item>
    <item>@string/auto_backup_every_month</item>
    <item>@string/auto_backup_every_year</item>
    <item>@string/auto_backup_no</item>
  </string-array>
</resources>
