<?xml version="1.0" encoding="utf-8"?>
<!--Generated by crowdin.net-->
<resources>
  <string name="account">Cartera</string>
  <string name="amount">Import</string>
  <string name="budget">Pressupost</string>
  <string name="event_title">Esdeveniment</string>
  <string name="category">Categoria</string>
  <string name="earned_from">Guanyat de</string>
  <string name="end_date">Data final</string>
  <string name="expense">Despesa</string>
  <string name="goto_today">Vés a avui</string>
  <string name="goto_thismonth">Vés a aquest mes</string>
  <string name="income">Ingrés</string>
  <string name="migrate">Migra</string>
  <string name="select_category">Seleccioneu la categoria</string>
  <string name="spent_on">Gastat en</string>
  <string name="start_date">Data d\'inici</string>
  <string name="time">Temps</string>
  <string name="time_range">%1$s - %2$s</string>
  <string name="loading_more">Se n\'estan carregant més…</string>
  <string name="goal">Objectiu</string>
  <string name="edit">Edita</string>
  <string name="saved">Estalviat</string>
  <string name="search_go">Vés</string>
  <string name="buy_app">Vés Premium</string>
  <string name="undobar_message">%1$s s\'ha esborrat</string>
  <string name="backup_share">Comparteix</string>
  <string name="version">Versió %1$s</string>
  <string name="loading">S\'està carregant…</string>
  <string name="total">Total</string>
  <string name="splashscreen_create_account">Crea la primera cartera</string>
  <string name="splash_screen_use_cloud">Utilitzar el núvol (aviat estarà disponible)</string>
  <string name="splash_screen_use_cloud_info">Sincronitzeu i compartiu les transaccions fàcilment</string>
  <string name="splash_screen_use_right_away">Utilitzar l\'app en només aquest dispositiu</string>
  <string name="splash_screen_use_right_away_info">De seguida!</string>
  <string name="welcome_message_title">Què voleu fer?</string>
  <string name="welcome_message">Podeu canviar la configuració en qualsevol moment</string>
  <string name="login_hint_email">Correu electrònic</string>
  <string name="login_hint_password">Contrasenya</string>
  <string name="login_facebook">Inici de sessió amb Facebook</string>
  <string name="login_money_lover">Inici de sessió amb el compte de Money Lover</string>
  <string name="login_title">Inici de sessió</string>
  <string name="register_title">Registra</string>
  <string name="register_register">Registra</string>
  <string name="cashbook_earning">Ingressos</string>
  <string name="cashbook_spending">Despeses</string>
  <string name="cashbook_all_transactions">Totes les transaccions</string>
  <string name="cashbook_delete_transaction_message">Voleu esborrar aquesta transacció?</string>
  <string name="cashbook_left">Queden %1$s</string>
  <string name="cashbook_no_data_guide">Toqueu el botó %1$s per afegir-ne</string>
  <string name="cashbook_no_data_swipe_down">Llisqueu avall i</string>
  <string name="cashbook_no_data_faq_tip">Massa difícil d\'utilitzar? Toqueu %1$s per cercar assistents</string>
  <string name="cashbook_no_data_earning">Cap ingrés</string>
  <string name="cashbook_no_data_spending">Cap despesa</string>
  <string name="cashbook_no_data">Cap transacció</string>
  <string name="cashbook_selected_account_not_existed">La cartera seleccionada no existeix. Es mostrarà la cartera per defecte.</string>
  <string name="cashbook_contentdescription_help_support">Ajuda &amp; Suport</string>
  <string name="cashbook_contentdescription_select_time_range_to_view">Mode de visualització</string>
  <string name="cashbook_contentdescription_delete_transaction">Esborra transacció</string>
  <string name="cashbook_contentdescription_sort_transaction">Ordena les transaccions</string>
  <string name="cashbook_contentdescription_search_transaction">Cerca una transacció</string>
  <string name="cashbook_contentdescription_viewmode_transaction">Mostra per transacció</string>
  <string name="cashbook_contentdescription_viewmode_category">Mostra per categoria</string>
  <string name="cashbook_contentdescription_transfer_money">Transfereix diners</string>
  <string name="with_person">amb %1$s</string>
  <string name="with_two_person">amb %1$s &amp; %2$s</string>
  <string name="with_many_person">amb %1$s &amp; %2$s altres persones</string>
  <string name="press_back_one_more_time_to_exit">Torneu a prémer el botó Enrere per sortir</string>
  <string name="paid">Reemborsament</string>
  <string name="cashbook_cashback_info">a %1$s</string>
  <string name="add_transaction_amount_friendly_title">Quantitat</string>
  <string name="add_transaction_title_add">Afegeix transacció</string>
  <string name="add_transaction_title_edit">Edita transacció</string>
  <string name="add_transaction_title_view">Detall de la transacció</string>
  <string name="add_transaction_note_title_normal">Nota</string>
  <string name="add_transaction_note_hint">Cap</string>
  <string name="add_transaction_cancel_adding">Voleu descartar aquesta transacció?</string>
  <string name="add_transaction_discard_edit">Voleu descartar els canvis d\'aquesta transacció?</string>
  <string name="add_transaction_account_alert_currency_change">Voleu canviar la moneda de l\'import introduït de «%1$s» a «%2$s»?</string>
  <string name="add_transaction_account_alert_currency_change_start">La moneda de l\'import introduït es canviarà de</string>
  <string name="add_transaction_account_alert_currency_change_middle">a</string>
  <string name="add_transaction_account_alert_currency_change_end">Voleu continuar?</string>
  <string name="add_transaction_add_success">S\'ha afegit la transacció!</string>
  <string name="add_transaction_category_hint">Seleccioneu-ne una</string>
  <string name="add_transaction_with_title">Amb?</string>
  <string name="add_transaction_with_hint">p.e. Tirant lo Blanc, Carmesina…</string>
  <string name="add_transaction_reminder_empty">No m\'ho recordis</string>
  <string name="add_transaction_subtransaction_title">Reemborsament</string>
  <string name="add_transaction_timecreated_title">Data</string>
  <string name="add_transaction_reminder_title">Recordatori</string>
  <string name="add_transaction_error_amount">Cal indicar un import</string>
  <string name="add_transaction_error_category">Heu de seleccionar una categoria de o bé despesa o bé guany</string>
  <string name="debtor">Deutor</string>
  <string name="lender">Prestador</string>
  <string name="for_reason">Per %1$s</string>
  <string name="someone">algú</string>
  <string name="someone_hint">Algú</string>
  <string name="add_transaction_note_spend_from_saving">Gastat del pla d\'estalvis %1$s</string>
  <string name="add_transaction_no_category_found">Cap coincidència</string>
  <string name="warning_big_amount_message">Aquesta transacció és molt alta. És correcta?</string>
  <string name="warning_big_amount_dont_show_again">No ho mostris més</string>
  <string name="im_wrong">Estic equivocat</string>
  <string name="add_note">Nova nota</string>
  <string name="set_reminder_remove_reminder">Apaga</string>
  <string name="convert_currency_title_dialog">Introduïu una altra moneda</string>
  <string name="convert_currency_message_convert_complete">S\'ha convertit a</string>
  <string name="convert_currency_message_convert_error">Error de conversió</string>
  <string name="convert_currency_message_converting">S\'està convertint…</string>
  <string name="edit_transaction_confirm_change_category_for_debtloan">Voleu canviar la categoria? S\'esborraran totes les seves transaccions històriques.</string>
  <string name="edit_transaction_mark_remove">A esborrar</string>
  <string name="edit_transaction_mark_remove_message">Se suprimiran totes les subtransaccions d\'aquesta transacció</string>
  <string name="delete_sub_transaction">Esborra aquesta transacció</string>
  <string name="sub_transaction_title">Historial de reemborsaments</string>
  <string name="quick_add_transaction_dialog_title">Nova transacció</string>
  <string name="quick_add_notification_ticker">Preparat per afegir una nova transacció</string>
  <string name="quick_add_transaction_title">Afegeix a %1$s</string>
  <string name="quick_add_transaction_notification_text">Toqueu per anar a la cartera</string>
  <string name="add_account_title_add">Nova cartera</string>
  <string name="add_account_title_edit">Edita cartera</string>
  <string name="add_account_name_title">Nom</string>
  <string name="add_account_currency_title">Moneda</string>
  <string name="add_account_start_balance_title">Saldo inicial</string>
  <string name="add_account_error_accountname_exists">Ja hi ha una cartera amb aquest nom.</string>
  <string name="add_account_error_accountname_length_invalid">El nom de la cartera ha de tenir entre %1$s i %2$s lletres.</string>
  <string name="add_account_discard_changed">Voleu descartar tots els canvis que heu fet a aquesta cartera?</string>
  <string name="add_account_note_for_initial_balance">Saldo inicial</string>
  <string name="add_account_shortcut_title">Drecera dins la pantalla d\'inici</string>
  <string name="add_account_shortcut_success">S\'ha creat la drecera</string>
  <string name="account_manager_title">Gestor de carteres</string>
  <string name="account_manager_confirm_delete_account">Voleu esborrar la cartera %1$s?</string>
  <string name="time_picker_dialog_title">Selecció de dates</string>
  <string name="navigation_cashbook">Transaccions</string>
  <string name="navigation_budget">Pressupostos</string>
  <string name="navigation_campaign">Estalvis</string>
  <string name="navigation_event">Esdeveniment</string>
  <string name="navigation_category_manager">Categories</string>
  <string name="navigation_statistic">Estadística</string>
  <string name="navigation_settings">Configuració</string>
  <string name="navigation_feedback">Comentaris</string>
  <string name="navigation_debt_manager">Deutes</string>
  <string name="navigation_tools">Eines</string>
  <string name="navigation_about">Quant a</string>
  <string name="navigation_sync">Sincronització</string>
  <string name="navigation_logout">Surt</string>
  <string name="navigation_login">Utilitza el núvol</string>
  <string name="navigation_database">Base de dades</string>
  <string name="navigation_copyright">© 2013 ZooStudio. Tots els drets reservats.</string>
  <string name="tools_interest_rate">Taxa d\'interès</string>
  <string name="tools_export_csv">Exporta a CSV</string>
  <string name="tools_export_excel">Exporta a Excel</string>
  <string name="tools_tip_calculator">Calculadora de propines</string>
  <string name="tools_find_atm">Cercador de caixers automàtics</string>
  <string name="tools_find_bank">Cercador de bancs</string>
  <string name="tools_install_app">Eina d\'instaŀlació</string>
  <string name="tools_install_app_message">Voleu instaŀlar &lt;b&gt;%1$s&lt;/b&gt; des de Google Play Store?</string>
  <string name="statistic_monthly_report">Informe mensual</string>
  <string name="bank_finder">Cercador de bancs</string>
  <string name="bank_finder_hint">p.e. La Caixa, BBVA…</string>
  <string name="bank_finder_input_bank_name">Introduïu el nom del banc</string>
  <string name="open_file">Obre fitxer</string>
  <string name="export_fail">S\'ha produït un error durant el procés d\'exportació i no es pot continuar</string>
  <string name="export_success">S\'ha exportat correctament</string>
  <string name="select_account">Seleccioneu cartera</string>
  <string name="export_csv">Exporta a CSV</string>
  <string name="export_excel">Exporta a Excel</string>
  <string name="attach_to_email">Adjunta a un correu electrònic</string>
  <string name="delimiter">Delimitador</string>
  <string name="atm_finder">Cercador de caixers automàtics</string>
  <string name="change">Canvi</string>
  <string name="send_mail">Envia correu electrònic</string>
  <string name="contact_me">Contacteu-nos</string>
  <string name="about_thanks">&lt;b&gt;Volem donar les gràcies&lt;/b&gt;&lt;br /&gt;
a Andreas Krings, Jake Wharton, Jeremy Feinstein, Roman Nurik, Simon Vig Therkildsen, Soarcn i Tjerk
Wolterink per les seves fantàstiques biblioquetes,&lt;br /&gt;
a Brankic1979 i a Nick Frost pel seu preciós paquet d\'icones i&lt;br /&gt;
a tots els voluntaris que ens ajuden a traduir Money Lover a tantes llengües d\'arreu.</string>
  <string name="about_developed">de ZooStudio</string>
  <string name="about_view_profile_facebook">Vegeu el nostre perfil</string>
  <string name="budget_overspent">Excés</string>
  <string name="budget_finished">Finalitzat</string>
  <string name="budget_spent">Gastat</string>
  <string name="budget_all_category">Totes les categories</string>
  <string name="create_budget_title_add">Nou pressupost</string>
  <string name="create_budget_title_edit">Edita pressupost</string>
  <string name="create_budget_create_for">Es vincula a…</string>
  <string name="create_budget_time_range">Interval de temps</string>
  <string name="budget_detail_delete_confirm_message">Voleu esborrar aquest pressupost?</string>
  <string name="create_budget_message_select_day_error">La data de finalització ha de ser posterior a la inicial</string>
  <string name="create_budget_message_duplicate_DB">S\'ha creat un nou pressupost per aquest període. Voleu esborrar l\'anterior?</string>
  <string name="create_budget_message_warning_enter_amount">El pressupost és negatiu!</string>
  <string name="create_budget_message_error_category">Cal seleccionar una categoria</string>
  <string name="create_budget_message_error_time">Cal seleccionar l\'interval de temps en què s\'aplica el pressupost</string>
  <string name="budget_overview_monthly">Pla de pressupost mensual</string>
  <string name="budget_overview_custom">Plans de pressupost personalitzats</string>
  <string name="budget_overview_no_data_guide">Toqueu el botó «%1$s» de dalt per afegir un nou pla de pressupost</string>
  <string name="budget_detail_category">Pressupost %1$s</string>
  <string name="budget_detail_account_detail_emptyview_message">Toqueu per afegir un pressupost</string>
  <string name="budget_detail_list_transactions_title">Llista de transaccions</string>
  <string name="clear_template">Buida la plantilla</string>
  <string name="budget_template">Plantilla</string>
  <string name="dialog_enter_amount_title">Introduïu un import</string>
  <string name="security_pin_title_create">Definiu la contrasenya</string>
  <string name="security_pin_title_confirm">Confirmeu la contrasenya</string>
  <string name="security_pin_title_open">Introduïu la contrasenya</string>
  <string name="security_pin_message_remove">per desactivar la protecció per contrasenya</string>
  <string name="security_pin_title_wrong_password">Contrasenya errònia!</string>
  <string name="security_pin_message_try_again">torneu-ho a intentar</string>
  <string name="is_latest_version">La versió actual és la darrera.</string>
  <string name="update">Actualitza</string>
  <string name="has_new_version">Hi ha una nova versió disponible. Actualitzeu-vos el més aviat possible!</string>
  <string name="no_internet">No hi ha connexió a internet. Torneu-ho a intentar.</string>
  <string name="check_update">Comprova si hi ha actualitzacions</string>
  <string name="thanks_feedback">Gràcies pels comentaris.</string>
  <string name="add_sub_transaction_input_more_than_left">La quantitat introduïda és més gran que l\'import impagat</string>
  <string name="warning">Avís</string>
  <string name="process">s\'està processant…</string>
  <string name="error_no_google_map">Instaŀleu Google Maps per utilitzar aquesta funció</string>
  <string name="set">Defineix</string>
  <string name="category_manager_title">Gestor de categories</string>
  <string name="category_manager_notice_cannot_edit_default_category">No es pot editar una categoria especial</string>
  <string name="category_manager_confirm_delete_category">Voleu esborrar la categoria %1$s? Recordeu que també s\'esborraran totes les transaccions que conté.</string>
  <string name="category_manager_delete_success_message">S\'ha esborrat la categoria %1$s</string>
  <string name="create_category_title">Nova categoria</string>
  <string name="edit_category_title">Edita categoria</string>
  <string name="create_category_name_title">Nom</string>
  <string name="create_category_select_icon_title">Icona</string>
  <string name="create_category_default_parent_category">Cap</string>
  <string name="create_category_parent_category">Categoria pare</string>
  <string name="create_category_hint_name_review">Nom de la categoria</string>
  <string name="create_category_message_duplicate_DB">Aquesta categoria ja existeix</string>
  <string name="create_category_select_type_error">Cal seleccionar el tipus de categoria</string>
  <string name="create_category_input_name_error">Cal anomenar la categoria</string>
  <string name="create_category_select_icon_error">Cal seleccionar una icona per a la categoria</string>
  <string name="select_parent_category_title">Seleccioneu la categoria pare</string>
  <string name="message_transfer_successful">S\'ha completat la transferència!</string>
  <string name="title_dialog_transfer">De %1$s</string>
  <string name="back">Enrere</string>
  <string name="message_currency_error">Voleu canviar de %1$s a %2$s?</string>
  <string name="note_income_transfer">Rebut de %1$s</string>
  <string name="message_amount_zero">L\'import d\'una transferència ha de ser positiu</string>
  <string name="default_note_transfer">S\'ha transferit a %1$s</string>
  <string name="monthly_report_start_balance">Balanç inicial</string>
  <string name="monthly_report_this_month_balance">Ingressos nets</string>
  <string name="monthly_report_end_balance">Balanç final</string>
  <string name="monthly_report_compare_to_previous_month">Comparativa mensual</string>
  <string name="monthly_report_largest_expense">Major despesa</string>
  <string name="monthly_report_expense_by_category">Despeses per categoria</string>
  <string name="monthly_report_nodata">Cap informe per aquest mes</string>
  <string name="monthly_report_nodata_guide">Els informes mensuals es mostraran automàticament en començar un nou mes</string>
  <string name="search_result">Resultat de la cerca</string>
  <string name="type">Tipus</string>
  <string name="with">Amb</string>
  <string name="select_time">Selecció de dates</string>
  <string name="notification_center_message_empty_notification">Cap notificació</string>
  <string name="notification_center_title">Centre de notificacions</string>
  <string name="notification_center_delete_read_notifications">Esborra els missatges llegits</string>
  <string name="notification_center_mark_all_as_read">Marca-ho tot com a llegit</string>
  <string name="debt_manager_title">Deutes</string>
  <string name="debt_wallet">A Pagar</string>
  <string name="loan_wallet">Per Cobrar</string>
  <string name="now">Pendent de pagament</string>
  <string name="past">Pagat</string>
  <string name="note_transaction_saving">Retirar-ho dels estalvis %1$s</string>
  <string name="saving_overview_title">Estalvis</string>
  <string name="saving_overview_deposit">Dipòsit</string>
  <string name="saving_overview_need">Necessitat</string>
  <string name="saving_overview_spend">Despesa</string>
  <string name="saving_overview_withdraw">Retira</string>
  <string name="saving_deposit">Dipòsit al pla d\'estalvi %1$s</string>
  <string name="saving_withdraw_default_note">S\'ha retirat del pla d\'estalvis %1$s</string>
  <string name="saving_overview_no_data_guide">Toqueu el botó %1$s de dalt per afegir un nou pla d\'estalvis</string>
  <string name="saving_menu_deposit">Dipòsit</string>
  <string name="saving_menu_withdraw">Retira</string>
  <string name="saving_menu_spendon">Gastat en…</string>
  <string name="saving_add_title">Nou estalvi</string>
  <string name="saving_edit_title">Edita estalvi</string>
  <string name="saving_add_name_title">Nom</string>
  <string name="saving_add_start_amount">Import inicial</string>
  <string name="saving_add_success">S\'ha creat una nova campanya d\'estalvi</string>
  <string name="saving_add_error_goal_amount">Cal introduir l\'import que voleu aconseguir.</string>
  <string name="saving_add_error_name">Cal anomenar la campanya.</string>
  <string name="saving_add_error_icon">Cal seleccionar una icona.</string>
  <string name="saving_add_cancel_adding">Voleu descartar aquest estalvi?</string>
  <string name="saving_add_discard_edit">Voleu descartar els canvis que heu fet a aquest estalvi?</string>
  <string name="dialog_select_event_remove">Esborra l\'esdeveniment</string>
  <string name="event_add_title">Nou esdeveniment</string>
  <string name="event_edit_title">Edita esdeveniment</string>
  <string name="event_input_name_error">Cal anomenar l\'esdeveniment</string>
  <string name="event_select_icon_error">Cal seleccionar una icona per l\'esdeveniment</string>
  <string name="event_overview_view_transactions">Transaccions</string>
  <string name="event_overview_deposit">Dipòsit</string>
  <string name="event_overview_withdraw">Retira</string>
  <string name="event_overview_deposited">Dipositat</string>
  <string name="event_overview_finish">Finalitza</string>
  <string name="event_overview_no_data_guide">Toqueu el botó %1$s de dalt per afegir un nou pla d\'esdeveniment</string>
  <string name="event_menu_mark_as_finished">Marca com a finalitzat</string>
  <string name="event_menu_mark_as_unfinish">Marca com a no finalitzat</string>
  <string name="interest_rate_title">Taxa d\'interès</string>
  <string name="interest_rate">Taxa</string>
  <string name="time_from">Període</string>
  <string name="select_type_interest">Tipus d\'interès</string>
  <string name="date_to_invalid">La data de finalització ha de ser posterior a la inicial </string>
  <string name="amount_empty">Introduïu un import</string>
  <string name="time_mode_interest">Unitat de temps</string>
  <string name="rate_empty">Introduïu el valor de la taxa</string>
  <string name="time_empty">Seleccioneu una data</string>
  <string name="interest">Quantitat d\'interès</string>
  <string name="number_of_period">Nombre de períodes</string>
  <string name="total_amount">Import total</string>
  <string name="interest_result">Resultat</string>
  <string name="total_people">amb %d persones</string>
  <string name="percent_tip">%1$s%% de propina</string>
  <string name="total_pay">Total a pagar</string>
  <string name="total_tip">Propina total</string>
  <string name="total_tip_person">Propina per persona</string>
  <string name="total_per_person">Quantitat per persona</string>
  <string name="note_it">Anota-ho</string>
  <string name="no_tip">cap propina</string>
  <string name="more_people">Nombre de persones</string>
  <string name="more_tip">Percentatge de propina</string>
  <string name="calculate">Calcula</string>
  <string name="change_review">Un %1$s%% és millor. Voleu canviar-ho? </string>
  <string name="empty_amount">No s\'ha definit cap import</string>
  <string name="inapp_purchase">Opcions Premium</string>
  <string name="message_purchase_error">Error de compra</string>
  <string name="message_purchase_success">La compra ha finalitzat correctament. Reinicieu l\'aplicació per aplicar els canvis.</string>
  <string name="purchase_bought">Heu comprat això</string>
  <string name="reset_app_to_change">Reinicieu l\'aplicació per aplicar els canvis</string>
  <string name="purchase_buy_all_title">Fes-te Premium</string>
  <string name="purchase_buy_all_text">Definiu més d\'una cartera, pressupost, pla d\'estalvis o pla d\'esdeveniment.\nI sense anuncis!</string>
  <string name="purchase_buy_ads_title">Elimina els anuncis</string>
  <string name="purchase_buy_ads_text">Gaudiu de la versió bàsica de Money Lover tot eliminant-ne la publicitat!</string>
  <string name="purchase_input_premium_code_text">O introduïu un codi de llicència</string>
  <string name="purchase_notice_buy_features">La versió gratuïta permet definir, només, un pressupost, un estalvi i un esdeveniment. Compreu la versió Premium i podreu definir un nombre iŀlimitat de pressupostos, estalvis o esdeveniments, així com accedir a totes les característiques.</string>
  <string name="premium_code">Codi de llicència</string>
  <string name="license_code_not_correct">El codi de llicència no és correcte</string>
  <string name="license_code_success">Codi de llicència vàlid. Ja podeu accedir a totes les característiques de %1$s</string>
  <string name="widget_select_account_empty">Cal crear una cartera abans de crear un giny</string>
  <string name="widget_simple_light_name">Giny senzill clar</string>
  <string name="widget_select_account_title">Seleccioneu una cartera</string>
  <string name="ail_message_empty_image">No queden fotos</string>
  <string name="ail_guide_1">Heu fotografiat alguna cosa</string>
  <string name="ail_guide_2">Per recordar-vos d\'afegir una transacció més tard</string>
  <string name="migrate_dialog_message">Money Lover és a punt de transferir les vostres dades de la versió antiga a la nova. Voleu continuar?</string>
  <string name="migrate_dialog_notice">Avís</string>
  <string name="migrate_dialog_disabled_function">La facturació s\'ha desactivat temporalment en aquesta versió, però les dades de facturació es transferiran igualment.</string>
  <string name="migrate_dialog_cancel_message">Si més endavant canvieu d\'opinió, encara podreu fer la migració des de %1$s.  Ara bé, totes les dades des d\'ara a aquell moment es perdran permanentment.</string>
  <string name="migrate_processing_transfer_currencies">S\'estan transferint les monedes</string>
  <string name="migrate_processing_transfer_accounts">S\'estan transferint i convertint els comptes antics en carteres</string>
  <string name="migrate_processing_transfer_master_categories">S\'estan transferint les categories principals</string>
  <string name="migrate_processing_transfer_categories">S\'estan transferint les categories</string>
  <string name="migrate_processing_transfer_transactions">S\'estan transferint les transaccions</string>
  <string name="migrate_processing_transfer_tagged_people">S\'està transferint la gent etiquetada</string>
  <string name="migrate_processing_transfer_sub_transactions">S\'estan transferint les transaccions secundàries</string>
  <string name="migrate_processing_transfer_interests">S\'estan transferint els interessos</string>
  <string name="migrate_processing_transfer_bills">S\'estan transferint les factures</string>
  <string name="migrate_processing_transfer_budgets">S\'estan transferint els pressupostos</string>
  <string name="migrate_processing_transfer_campaigns">S\'estan transferint les campanyes</string>
  <string name="restore_title">Restaura les dades</string>
  <string name="restore_message_successful">S\'ha importat correctament!</string>
  <string name="restore_message_error">S\'ha produït un error en importar les dades</string>
  <string name="restore_loading_file_from_dropbox">S\'està carregant el fitxer de Dropbox…</string>
  <string name="restore_connect_dropbox">Connecta amb Dropbox</string>
  <string name="restore_message">Seleccioneu un dels següents fitxers per recuperar-ne les dades</string>
  <string name="restore_message_edit">Seleccioneu el fitxer a esborrar</string>
  <string name="restore_empty_file">No hi ha fitxers</string>
  <string name="restore_disconnect_dropbox">Desactiva Dropbox</string>
  <string name="restore_disconnect_dropbox_confirm">Voleu desactivar la integració amb Dropbox?</string>
  <string name="backup_title">Còpia de seguretat</string>
  <string name="backup_file_name">Introduïu el nom del fitxer on es farà la còpia:</string>
  <string name="backup_notice_about_file_ext">D\'ara endavant, Money Lover utilitza l\'extensió de fitxer «.mlx». No obstant, podeu utilitzar els anteriors fitxers tipus «.money» i «.ml» per importar dades a %1$s</string>
  <string name="backup_success_message">S\'ha completat la còpia de seguretat</string>
  <string name="backup_fail_message">S\'ha produït un error en fer la còpia de seguretat</string>
  <string name="navigation_group_support">Suport</string>
  <string name="navigation_group_setting">Configuració</string>
  <string name="navigation_group_plans">Planificació</string>
  <string name="navigation_group_others">Altres</string>
  <string name="navigation_group_tools">Eines</string>
  <string name="widget_account_was_deleted">S\'ha esborrat la cartera</string>
  <string name="tools_install_go_to_playstore">Vés a Play Store</string>
  <string name="tools_shopping_lover_intro">Aquesta aplicació us permet gestionar les vostres compres. Us simplifica la vida tot estimant els diners que necessitareu per fer les vostres compres.</string>
  <string name="tools_exchanger_intro">Exchanger és una manera fàcil de canviar d\'una moneda a una altra des del mòbil.&lt;br /&gt;
- Disseny pla i modern&lt;br /&gt;
- Més de 100 monedes d\'arreu del món&lt;br /&gt;
- Permet canviar entre múltiples monedes de cop&lt;br /&gt;
- Mode fora de línia (no cal xarxa)</string>
  <string name="rate_app_dont_show_again">No tornis a mostrar l\'avís de «Puntua l\'aplicació»</string>
  <string name="rate_app_dont_show_again_short">No ho mostris més</string>
  <string name="rate_app_config_title">Puntuació de l\'aplicació</string>
  <string name="delete">Esborra</string>
  <string name="restore_delete_message">Voleu esborrar aquests arxius permanentment?</string>
  <string name="restore_message_confirm">Voleu restaurar les dades del fitxer %1$s? Totes les dades que teniu actualment s\'esborraran!</string>
  <string name="restore_autobackup_fail">Ha fallat la còpia de seguretat automàtica. El procés de restauració no pot continuar.</string>
  <string name="deleting">S\'està esborrant…</string>
  <string name="purchase_error_unknown">S\'ha produït un error desconegut.</string>
  <string name="purchase_please_wait_until_data_is_loaded">Espereu mentre les dades es carreguen.</string>
  <string name="announce_update_lost_data_message">&lt;p&gt;Estem actualitzant Money Lover a una nova versió i, per tant, cal migrar les dades de la versió antiga a la nova. És possible que, en finalitzar el procés, es perdin algunes dades (o fins i tot totes!). &lt;/p&gt;&lt;p&gt;&lt;b&gt;No obstant, si, en el pitjor dels casos, el procés de migració fallés, tingueu present que les vostres dades continuarien estan disponibles, ja que no s\'esborren en (intentar) migrar-les.&lt;/b&gt;&lt;/p&gt;&lt;p&gt;Si us trobéssiu amb aquesta situació, contacteu-nos i us ajudarem a recuperar tota la informació.&lt;/p&gt;</string>
  <string name="announce_update_lost_data_message_title">Pèrdua de dades en actualitzar</string>
  <string name="cannot_find_my_language">Més idiomes?</string>
  <string name="feedback_language_text">Hola,\nM\'agradaria traduir la vostra aplicació als següents idiomes:\n</string>
  <string name="feedback_language_subject">[LANG] FEEDBACK FOR LANGUAGE</string>
  <string name="message_more_languages">Estem treballant en la traducció de la nova versió de Money Lover a altres idiomes. Malauradament, aquest procés és força lent i, per tant, ens encantaria que vosaltres, els nostres usuaris, ens ajudéssiu a fer-ho.</string>
  <string name="message_more_languages_help">Si us plau, ajudeu-nos a traduir l\'aplicació de l\'anglès a altres idiomes. No dubteu en contactar-nos per a més informació.</string>
  <string name="languagehelp_ok">Sí, vull donar un cop de mà.</string>
  <string name="languagehelp_cancel">No, potser més endavant.</string>
  <string name="languagehelp_title">Ajuda amb la traducció</string>
  <string name="changes_log_title">Registre de canvis</string>
  <string name="restore_menu_show_auto_backup">Mostra còpies de seguretat automàtiques</string>
  <string name="restore_menu_hide_auto_backup">Oculta còpies de seguretat automàtiques</string>
  <string name="restore_menu_edit">Selecciona fitxers</string>
  <string name="title_view_web">Visualització web</string>
  <string name="title_notification_web">S\'està connectant el client web</string>
  <string name="turn_on_web">Engega el servidor</string>
  <string name="turn_off_web">Apaga el servidor</string>
  <string name="tab_to_turn_off_web">Toqueu per aturar el web</string>
  <string name="budget_detail_error_budget_not_exists">Aquest pressupost ja no existeix</string>
  <string name="new_expense_category">Nova categoria de despesa</string>
  <string name="new_income_category">Nova categoria d\'ingrés</string>
  <string name="turn_on_wifi">Activeu la xarxa sense fils</string>
  <string name="server_off">Servidor aturat</string>
  <string name="access_link">%1$s</string>
  <string name="previous_web">Anterior</string>
  <string name="next_web">Següent</string>
  <string name="webdisplay_status_title">Estat</string>
  <string name="webdisplay_menu_help">Ajuda</string>
  <string name="webdisplay_menu_advance">Opcions avançades</string>
  <string name="add_web">Afegeix</string>
  <string name="cashback_loan_info">de %1$s</string>
  <string name="webdisplay_turning_on">S\'està engegant…</string>
  <string name="webdisplay_turned_on">Apaga</string>
  <string name="webdisplay_turning_off">S\'està apagant…</string>
  <string name="webdisplay_turned_off">Engega</string>
  <string name="set_as_start_date">Defineix com a data inicial</string>
  <string name="set_as_end_date">Defineix com a data final</string>
  <string name="webdisplay_warning_port_over">El port ha de ser dins l\'interval %1$s - %2$s</string>
  <string name="webdisplay_warning_port_web">El port l\'està usant %1$s</string>
  <string name="webdisplay_will_change_port">Es canviarà el port en reiniciar el servei.</string>
  <string name="webdisplay_open_web_browser">Obriu aquesta adreça des d\'un navegador web (al vostre ordinador)</string>
  <string name="webdisplay_warning_port_exist">Aquest port està sent utilitzat per un altre servei. Seleccioneu-ne un altre.</string>
  <string name="webdisplay_change_port">Canvia el port</string>
  <string name="webdisplay_web_actions">Accions</string>
  <string name="webdisplay_web_feedback_support">Comentaris i ajuda</string>
  <string name="webdisplay_web_add_more">Afegeix-ne més</string>
  <string name="reset_data_message">Voleu reinicialitzar totes les dades? Recordeu que l\'acció no es pot desfer i que s\'esborraran totes les dades tals com carteres, transaccions, pressupostos…</string>
  <string name="upload_to_dropbox_success">S\'ha pujat a DropBox</string>
  <string name="message_large_spend_amount">L\'import introduït ha de ser més petit que els estalvis disponibles.</string>
  <string name="message_error_select_parent_cate">No es pot seleccionar a si mateix com a pare</string>
  <string name="translated_by">Traduccions de %1$s</string>
  <string name="add_transaction_with_suggestion">Comenceu a escriure el nom d\'un contacte de la vostra agenda i seleccioneu-lo per afegir-lo. Si en voleu afegir algun que no sigui a l\'agenda, escriviu una coma ( , ) després del nom.</string>
  <string name="msg_add_transaction_first">Voleu afegir la primera transacció ara mateix?</string>
  <string name="global">Global</string>
  <string name="notification_bank_sms_title">La cartera %1$s ha canviat %2$s</string>
  <string name="custom_range_cashbook">Personalitzat</string>
  <string name="navigation_travel_mode">Mode viatge</string>
  <string name="select_event_title">Selecció d\'esdeveniment</string>
  <string name="travel_mode_description">Durant el mode viatge, podeu indicar que un esdeveniment en marxa se seleccioni automàticament cada vegada que afegiu una transacció.</string>
  <string name="travel_mode_activated_message">El mode viatge està activat. Bon viatge!</string>
  <string name="travel_mode_turn_off_message">Voleu desactivar el mode viatge?</string>
  <string name="travel_mode_quick_add_notification">Afegeix a l\'esdeveniment %1$s</string>
  <string name="travel_mode_turned_off_message">El mode viatge està desactivat</string>
  <string name="purchase_description">Cada compra és vàlida per només 100 anys.</string>
  <string name="backup_select_one">Selecciona\'n un</string>
  <string name="repeat_transaction_mode_month_same_days">el %1$s de cada mes</string>
  <string name="repeat_transaction_mode_month_this_day">cada %1$s %2$s del mes</string>
  <string name="repeat_transaction_times_duration_for_a_number_of_event_shorted">Per</string>
  <string name="repeat_transaction_manager">Transaccions recurrents</string>
  <string name="recent_transaction_no_transactions">No hi ha transaccions recents</string>
  <string name="repeat_transaction_next_repeat">Repetició següent</string>
  <string name="repeat_transaction_need_specify_repeat">Heu d\'indicar les opcions de repetició</string>
  <string name="recent_transaction_dialog_list_title">Transaccions recents</string>
  <string name="repeat_transaction_message_confirm_delete_template">Voleu esborrar aquesta plantilla?</string>
  <string name="repeat_transaction_no_template">No hi ha cap plantilla per a transaccions recurrents</string>
  <string name="repeat_transaction_no_repeat">No repeteixis</string>
  <string name="repeat_transaction_next_repeat_at">Pròxima repetició el %1$s</string>
  <string name="share_need_to_download_before_sharing">Aquest fitxer es baixarà automàticament de DropBox abans de ser compartit</string>
  <string name="repeat_transaction_add_template">Afegeix una transacció recurrent</string>
  <string name="repeat_transaction_edit_template">Edita la transacció recurrent</string>
  <string name="recent_transaction_show_when_add_transaction">Mostra aquest diàleg automàticament en afegir transacció</string>
  <string name="message_login_now">Després d\'introduir el codi de promoció, podreu crear un compte Money Lover per tal de vincular-hi el vostre estat Premium. D\'aquesta manera, només caldrà que inicieu sessió des d\'un altre dispositiu per tal d\'activar-hi automàticament l\'estat Premium.</string>
  <string name="recent_transaction_dialog_description">Podeu importar informació de transaccions de les anteriors</string>
  <string name="repeat_transaction_every">Cada</string>
  <string name="repeat_transaction_from">Des de</string>
  <string name="repeat_transaction_at">a</string>
  <string name="repeat_transaction_times">vegades</string>
  <string name="event_delete_message">Voleu esborrar aquest esdeveniment?</string>
  <string name="saving_delete_message">Voleu esborrar aquest estalvi?</string>
  <string name="budget_delete_message">Voleu esborrar aquest pressupost?</string>
  <string name="transaction_detail_cashback_left">Queda</string>
  <string name="transaction_detail_cashback_paid">Pagat</string>
  <string name="add_account_error_message_no_currency">Seleccioneu una divisa per a la cartera</string>
  <string name="store_download_fail">No es pot baixar la icona</string>
  <string name="dialog_turn_on_location_service">Voleu activar el servei d\'ubicació?</string>
  <string name="set_icon_default_tab">Per defecte</string>
  <string name="set_icon_tab_sdcard">Baixades</string>
  <string name="set_icon_more_tab">Més icones</string>
  <string name="store_preview_icon">Mostra</string>
  <string name="store_buy_icon">Compra</string>
  <string name="store_icon_title">Botiga d\'icones</string>
  <string name="store_purchase_preview">Mostra</string>
  <string name="download">Baixa</string>
  <string name="do_not_show_again">No ho mostris més</string>
  <string name="new_icon_packs_are_available">Hi ha disponibles dos nous paquets d\'icones. Els podeu utilitzar en categories, esdeveniments i estalvis!</string>
  <string name="dialog_share_account">Comparteix la cartera amb</string>
  <string name="share_account_success">S\'ha compartit la cartera</string>
  <string name="dialog_sharing_account">S\'està compartint…</string>
  <string name="email_address_invalid">Adreça de correu invàlida</string>
  <string name="set_location_get_address_error">No es pot carregar l\'adreça en aquest moment. Torneu a provar-ho més endavant.</string>
  <string name="cashbook_balance">Balanç</string>
  <string name="statistic_trends">Evolució</string>
  <string name="sync_transferring_data">Transferència de dades</string>
  <string name="sync_running">S\'està sincronitzant…</string>
  <string name="trend_criteria_collapsed_time">Des de &lt;b&gt;%1$s&lt;/b&gt; fins &lt;b&gt;%2$s&lt;/b&gt;</string>
  <string name="transaction_detail_set_location">Estableix ubicació</string>
  <string name="transaction_detail_can_not_download_image">No es pot baixar aquesta imatge. Proveu-ne una altra.</string>
  <string name="user_unauthenticated">Cal iniciar la sessió</string>
  <string name="share_account_error">No s\'ha pogut compartir la cartera</string>
  <string name="beta">Beta</string>
  <string name="sync_error">Error de sincronització</string>
  <string name="sync_notification_ticker_text">S\'estan sincronitzant les dades amb el servidor</string>
  <string name="sync_notification_content_title">Sincronització de Money Lover</string>
  <string name="login_success">Heu iniciat sessió!</string>
  <string name="login_forgot_password">Heu oblidat la contrasenya?</string>
  <string name="register_show_password">Mostra la contrasenya</string>
  <string name="sync_done">S\'ha sincronitzat correctament</string>
  <string name="login_fail">Combinació de correu electrònic i contrasenya invàlida. Intenteu-ho novament.</string>
  <string name="connecting">S\'està connectant…</string>
  <string name="sync_account">Sincronitza la cartera</string>
  <string name="message_sync_transfer_data">Voleu transferir les dades?</string>
  <string name="sync_dialog_transfer_title">Transferència de dades</string>
  <string name="sync_running_cannot_add_item">Espereu un moment mentre s\'està sincronitzant</string>
  <string name="sync_last_sync">Darrera sincronització: %1$s</string>
  <string name="sync_sync_first_time">Toqueu per sincronitzar per primera vegada</string>
  <string name="icon_xmas_notification_title">Nou paquet d\'icones \"Bon Nadal\"</string>
  <string name="icon_xmas_notification_content">Les vacances s\'acosten: decoreu Money Lover amb boniques icones nadalenques! I gratuïtament!</string>
  <string name="store_icon_re_download">Torna-ho a baixar</string>
  <string name="store_icon_free">Gratuït</string>
  <string name="store_icon_list_empty">Cap paquet d\'icones</string>
  <string name="store_icon_canceled_message">S\'ha canceŀlat la baixada del paquet d\'icones %1$s</string>
  <string name="store_icon_download_finished_message">S\'ha baixat el paquet d\'icones %1$s. Ja podeu utilitzar les noves icones en crear una categoria, esdeveniment o estalvi.</string>
  <string name="transaction_detail_show_advanced">Afegeix més detalls</string>
  <string name="refresh">Actualitza</string>
  <string name="navigation_store">Botiga Money Lover</string>
  <string name="create_category_select_parent_error">No es pot seleccionar aquesta categoria com a pare</string>
  <string name="sync_error_timeout">el servidor no respon</string>
  <string name="sync_error_server_busy">El servidor està ocupat</string>
  <string name="sync_register_success">S\'ha completat el registre</string>
  <string name="transaction_detail_warning_time_not_in_range">Aquesta data no es troba dins l\'interval de temps del pressupost %1$s (%2$s)</string>
  <string name="notification_message_remind_transaction">Notificació per a una transacció %1$s: %2$s. Toqueu per veure\'n més detalls.</string>
  <string name="location_add_new_address">Afegeix la ubicació %1$s</string>
  <string name="category_none_name">Sense categories</string>
  <string name="saving_add_startamount_over">La quantitat inicial no pot ser superior a la quantitat objectiu</string>
  <string name="share_account_permission">Estableix aquesta persona com a propietària per tal que pugui veure, afegir, editar i esborrar qualsevol dada d\'aquesta cartera</string>
  <string name="error_can_not_load_wallet">No es pot carregar la cartera (potser l\'heu esborrat?). Obriu l\'aplicació sense utilitzar la drecera.</string>
  <string name="select_category_tap_to_create_one">Toqueu per crear-ne una</string>
  <string name="error_can_not_change_wallet_transaction_debt_loan">No es pot canviar una cartera d\'operacions de deute o préstec</string>
  <string name="quick_add_manager_title">Mostra a la barra d\'estat</string>
  <string name="account_manager_create_shortcut">Crea una drecera</string>
  <string name="budget_no_data">Cap pressupost</string>
  <string name="event_no_data">Cap esdeveniment</string>
  <string name="saving_no_data">Cap estalvi</string>
  <string name="notification_center_no_data">Cap notificació</string>
  <string name="recurring_transaction_no_data">Cap transacció recurrent</string>
  <string name="notification_like_fan_page_title">Feu un «m\'agrada» a Facebook</string>
  <string name="notification_like_fan_page_text">Estigueu en contacte amb nosaltres per assabentar-vos de les actualitzacions i possibles regals gratuïts</string>
  <string name="share_account_email_target">Correu electrònic amb el que voleu compartir</string>
  <string name="share_account_email_error">L\'adreça de correu introduïda no és correcta</string>
  <string name="monthly_report_other_categories">Altres categories</string>
  <string name="transfer_wallet_unknown_error_message">No es pot dur a terme la transferència en aquest moment. Si d\'aquí una estona torna  a sortir el missatge, contacteu amb nosaltres per tal que us puguem ajudar.</string>
  <string name="forgot_password_error_wrong_email">Aquest correu electrònic no està registrat. Intenteu-ho novament.</string>
  <string name="forgot_pass_success">Comproveu el vostre compte de correu electrònic per obtenir més instruccions.</string>
  <string name="register_error_email_exists">Aquest correu electrònic no està disponible. Escolliu-ne un altre.</string>
  <string name="promote_event_expire">Aquest esdeveniment ja està acabat</string>
  <string name="promote_event_error_wrong_code">Codi de promoció invàlid. Intenteu-ho novament.</string>
  <string name="register_error_server">S\'ha produït un error estrany al nostre servidor i ja n\'estem al corrent. Feu un cafè mentre ho arreglem.</string>
  <string name="register_error_entered_info_not_enough">Ompliu totes les dades abans de continuar</string>
  <string name="purchase_post_facebook_success">Gràcies per compartir</string>
  <string name="promote_event_input_successfully">El codi de promoció és vàlid. Ara podeu utilitzar totes les característiques dels usuaris Premium. Gràcies per utilitzar %1$s</string>
  <string name="promote_event_share_facebook">Comparteix a Facebook</string>
  <string name="promote_event_login_description">CONSELL: registreu un compte %1$s per enllaçar-hi el vostre estat Premium. D\'aquesta manera recuperareu l\'estat Premium en accedir a %1$s.</string>
  <string name="promote_event_share_facebook_description">Compartiu aquest codi amb els vostres amics! I no us amoïneu, això no afecta el vostre estat Premium.</string>
  <string name="notification_center_message_already_logged_in">Ja heu iniciat sessió.</string>
  <string name="congratulation">Molt bé!</string>
  <string name="cashbook_pull_to_add_transaction">Estireu per afegir una transacció</string>
  <string name="cashbook_release_to_add_transaction">Deixeu anar per afegir la transacció</string>
  <string-array name="cashbook_set_timerange_items">
    <item>Dia</item>
    <item>Setmana</item>
    <item>Mes</item>
    <item>Trimestre</item>
    <item>Any</item>
    <item>Tot</item>
    <item>Personalitzat</item>
  </string-array>
  <string-array name="delimiters">
    <item>Punt i coma ( ; )</item>
    <item>Coma ( , )</item>
    <item>Tabulador</item>
  </string-array>
  <string-array name="create_budget_array_time_range">
    <item>Aquest mes</item>
    <item>Aquest trimestre</item>
    <item>Aquest any</item>
    <item>Proper mes</item>
    <item>Proper trimestre</item>
    <item>Proper any</item>
    <item>Interval personalitzat</item>
  </string-array>
  <string-array name="budget_overview_titles">
    <item>Actius</item>
    <item>Finalitzats</item>
  </string-array>
  <string-array name="category_manager_edit_cate_menu">
    <item>@string/edit</item>
    <item>@string/delete</item>
  </string-array>
  <string-array name="debt_overview_titles">
    <item>@string/debt_wallet</item>
    <item>@string/loan_wallet</item>
  </string-array>
  <string-array name="campaign_overview_titles">
    <item>Actius</item>
    <item>Finalitzats</item>
  </string-array>
  <string-array name="arrays_time_mode">
    <item>Setmanal</item>
    <item>Cada 14 dies</item>
    <item>Mensual</item>
    <item>Cada trimestre</item>
    <item>Cada sis mesos</item>
    <item>Anual</item>
  </string-array>
  <string-array name="arrays_type">
    <item>Interès simple</item>
    <item>Interès compost</item>
  </string-array>
  <string-array name="repeat_transaction_time_mode">
    <item>Repeteix cada dia</item>
    <item>Repeteix setmanalment</item>
    <item>Repeteix mensualment</item>
    <item>Repeteix anualment</item>
  </string-array>
  <string-array name="backup_list_file_backup_select_item">
    <item>@string/restore_title</item>
    <item>@string/backup_share</item>
  </string-array>
  <string-array name="repeat_transaction_mode_month_week">
    <item>primer</item>
    <item>segon</item>
    <item>tercer</item>
    <item>quart</item>
    <item>quint</item>
    <item>sisè</item>
  </string-array>
  <string-array name="repeat_transaction_times_duration">
    <item>Sempre</item>
    <item>Fins</item>
    <item>Per a un nombre d\'esdeveniments</item>
  </string-array>
  <string-array name="trend_type">
    <item>@string/expense</item>
    <item>@string/income</item>
    <item>Ingressos nets</item>
  </string-array>
  <string-array name="trend_criteria">
    <item>Temporal</item>
    <item>Per categoria</item>
  </string-array>
  <plurals name="cashbook_transaction_count">
    <item quantity="one">%d transacció</item>
    <item quantity="other">%d transaccions</item>
  </plurals>
  <plurals name="budget_days_left">
    <item quantity="one">queda %d dia</item>
    <item quantity="other">queden %d dies</item>
  </plurals>
  <plurals name="ail_view_photo_title">
    <item quantity="one">queda %1$s foto</item>
    <item quantity="other">queden %1$s fotos</item>
  </plurals>
  <plurals name="editbar_selected_count">
    <item quantity="one">%d element seleccionat</item>
    <item quantity="other">%d elements seleccionats</item>
  </plurals>
</resources>
