<?xml version="1.0" encoding="utf-8"?>
<!--Generated by crowdin.net-->
<resources>
  <string name="AGO">Il y a</string>
  <string name="DAY">un jour</string>
  <string name="DAYS">%1$s jours</string>
  <string name="HOUR">environ une heure</string>
  <string name="HOURS">%1$s heures</string>
  <string name="MINUTE">environ une minute</string>
  <string name="MINUTES">%1$s minutes</string>
  <string name="MONTH">environ un mois</string>
  <string name="MONTHS">%1$s mois</string>
  <string name="SECONDS">Moins d\'une minute</string>
  <string name="SUFFIX_FROM_NOW">a partir de maintenant</string>
  <string name="YEAR">environ un an</string>
  <string name="YEARS">%1$s années</string>
</resources>
