<?xml version="1.0" encoding="utf-8"?>
<!--Generated by crowdin.net-->
<resources>
  <string name="notice">Avis</string>
  <string name="error">Erreur</string>
  <string name="close">Fermer</string>
  <string name="cancel">Annuler</string>
  <string name="save">Enregistrer</string>
  <string name="done">Fait</string>
  <string name="yes">Oui</string>
  <string name="submit">Submit</string>
  <string name="sorry">Désolé</string>
  <string name="ok">OK</string>
  <string name="search">Rechercher</string>
  <string name="no">Non</string>
  <string name="confirm">Confirmer</string>
  <string name="today">Aujourd’hui</string>
  <string name="tomorrow">Demain</string>
  <string name="yesterday">Hier</string>
  <string name="thisweek">Cette semaine</string>
  <string name="nextweek">La semaine prochaine</string>
  <string name="lastweek">La semaine dernière</string>
  <string name="thismonth">Ce mois-ci</string>
  <string name="nextmonth">Le mois prochain</string>
  <string name="lastmonth">Mois dernier</string>
  <string name="thisquarter">Ce trimestre</string>
  <string name="nextquarter">Prochain trimestre</string>
  <string name="lastquarter">Le semestre précédent</string>
  <string name="thisyear">Cette année</string>
  <string name="nextyear">L\'année prochaine</string>
  <string name="lastyear">L\'année dernière</string>
  <string name="quarter_shorten">Trim.</string>
</resources>
