<?xml version="1.0" encoding="utf-8"?>
<!--Generated by crowdin.net-->
<resources>
  <string name="settings_group_display">Affichage</string>
  <string name="settings_group_alarm_title">Alarme</string>
  <string name="settings_group_system">Système</string>
  <string name="settings_group_database">Base de données</string>
  <string name="settings_group_about">A propos</string>
  <string name="settings_select_date_format">Sélectionnez le format de date</string>
  <string name="settings_set_first_day_week">Définir le premier jour de la semaine</string>
  <string name="settings_set_first_day_month">Définir le premier jour du mois</string>
  <string name="settings_enable_pin">Activer le mot de passe</string>
  <string name="settings_connect_dropbox">Se connecter avec Dropbox</string>
  <string name="settings_connect_dropbox_connected">Connecté</string>
  <string name="settings_select_language">Sélectionner une langue</string>
  <string name="settings_alarm">Rappel quotidien d\'ajout d\'opération</string>
  <string name="settings_auto_check_update">Auto controle de la mise à jour</string>
  <string name="settings_show_ail_notification_title">Afficher une notification Ajouter plus tard</string>
  <string name="pref_show_ail_summary">Prendre en photo pour vous en souvenir, vous pouvez ajouter la transaction plus tard</string>
  <string name="settings_about">A propos de Money Lover</string>
  <string name="settings_changes_log_title">Nouveautés</string>
  <string name="settings_amount_text_display_title">Style d\'affichage du texte des montants</string>
  <string name="pref_amount_text_decimal_separator_title">Séparateur décimal</string>
  <string name="pref_amount_text_decimal_separator_imperial">1 999.55</string>
  <string name="pref_amount_text_decimal_separator_international">1 999,95</string>
  <string name="pref_amount_text_show_currency_title">Voir la devise</string>
  <string name="pref_amount_text_minus_style_title">Style positif/négatif</string>
  <string name="pref_amount_text_minus_style_color">Par défaut avec couleur</string>
  <string name="pref_amount_text_minus_style_sign">Avec signe +/-</string>
  <string name="pref_amount_text_minus_style_bracket">Avec signe ( )</string>
  <string name="pref_amount_text_shorten_title">Raccourcir le montant</string>
  <string name="pref_using_location">Utiliser localisation</string>
  <string name="settings_reset_data">Réinitialiser les données</string>
  <string name="auto_backup_no">Pas de sauvegarde automatique</string>
  <string name="auto_backup">Sauvegarde automatique</string>
  <string name="auto_backup_every_day">Tous les jours</string>
  <string name="auto_backup_every_week">Chaque semaine</string>
  <string name="auto_backup_every_month">Tous les mois</string>
  <string name="auto_backup_every_year">Chaque année</string>
  <string name="auto_backup_test">2 phút</string>
  <string name="settings_quick_add_notification_title"></string>
  <string-array name="first_day_of_week_display">
    <item>Dimanche</item>
    <item>Lundi</item>
    <item>Mardi</item>
    <item>Mercredi</item>
    <item>Jeudi</item>
    <item>Vendredi</item>
    <item>Samedi</item>
  </string-array>
  <string-array name="first_day_of_month_display">
    <item>1er</item>
    <item>2ème</item>
    <item>3e</item>
    <item>4e</item>
    <item>5e</item>
    <item>6e</item>
    <item>7e</item>
    <item>8e</item>
    <item>9e</item>
    <item>10e</item>
    <item>11e</item>
    <item>12e</item>
    <item>13e</item>
    <item>14e</item>
    <item>15e</item>
    <item>16ème</item>
    <item>17ème</item>
    <item>18ème</item>
    <item>19ème</item>
    <item>20ème</item>
    <item>21ème</item>
    <item>22ème</item>
    <item>23ème</item>
    <item>24ème</item>
    <item>25ème</item>
    <item>26ème</item>
    <item>27ème</item>
    <item>28ème</item>
  </string-array>
  <string-array name="alarm_time_display">
    <item>17:00</item>
    <item>18:00</item>
    <item>19:00</item>
    <item>20:00</item>
    <item>21:00</item>
    <item>22:00</item>
    <item>23:00</item>
    <item>Pas d\'alarme</item>
  </string-array>
  <string-array name="auto_backup_repeat">
    <item>@string/auto_backup_every_day</item>
    <item>@string/auto_backup_every_week</item>
    <item>@string/auto_backup_every_month</item>
    <item>@string/auto_backup_every_year</item>
    <item>@string/auto_backup_no</item>
  </string-array>
</resources>
