<?xml version="1.0" encoding="utf-8"?>
<!--Generated by crowdin.net-->
<resources>
  <string name="cate_salary">Salaire</string>
  <string name="cate_award">prime</string>
  <string name="cate_selling">Vente</string>
  <string name="cate_give">Don</string>
  <string name="cate_interest">Intérêts</string>
  <string name="cate_debt">Débit</string>
  <string name="cate_income_other">Autre</string>
  <string name="cate_food">Restauration et boissons</string>
  <string name="cate_entertainment">Loisirs</string>
  <string name="cate_travel">Voyage</string>
  <string name="cate_education">Éducation</string>
  <string name="cate_transport">Transport</string>
  <string name="cate_friend">Amis &amp; Compagnons</string>
  <string name="cate_family">Famille</string>
  <string name="cate_medical">Santé</string>
  <string name="cate_shopping">Shopping</string>
  <string name="cate_loan">Prêt</string>
  <string name="cate_invest">Investissement</string>
  <string name="cate_expense_other">Autres</string>
</resources>
