<?xml version="1.0" encoding="utf-8"?>
<!--Generated by crowdin.net-->
<resources>
  <string name="search_over">Sur</string>
  <string name="search_under">Sous</string>
  <string name="search_time_over">Après</string>
  <string name="search_time_under">Avant</string>
  <string name="search_between">Entre</string>
  <string name="search_exact">Exact</string>
  <string name="search_remove">Supprimer</string>
  <string name="search_none">Aucun</string>
  <string name="search_all">Tous</string>
  <string name="search_select">Sélectionnez</string>
  <string name="start">Début</string>
  <string name="end">Fin</string>
  <string name="from">De</string>
  <string name="to">À</string>
  <string-array name="arr_amount">
    <item>@string/search_all</item>
    <item>@string/search_over</item>
    <item>@string/search_under</item>
    <item>@string/search_between</item>
    <item>@string/search_exact</item>
  </string-array>
  <string-array name="arr_type">
    <item>Tous</item>
    <item>Revenu</item>
    <item>Dépense</item>
  </string-array>
  <string-array name="arr_time">
    <item>@string/search_all</item>
    <item>@string/search_time_over</item>
    <item>@string/search_time_under</item>
    <item>@string/search_between</item>
    <item>@string/search_exact</item>
  </string-array>
</resources>
