<?xml version="1.0" encoding="utf-8"?>
<!--Generated by crowdin.net-->
<resources>
  <string name="account">Portefeuille</string>
  <string name="amount">Montant</string>
  <string name="budget">Budget</string>
  <string name="event_title">Événement</string>
  <string name="category">Catégorie</string>
  <string name="earned_from">Obtenu de</string>
  <string name="end_date">Date de fin</string>
  <string name="expense">Frais</string>
  <string name="goto_today">Aller à aujourd\'hui</string>
  <string name="goto_thismonth">Aller à ce mois-ci</string>
  <string name="income">Revenu</string>
  <string name="migrate">Migrer</string>
  <string name="select_category">Sélectionnez la catégorie</string>
  <string name="spent_on">Consacré à</string>
  <string name="start_date">Date de début</string>
  <string name="time">Temps</string>
  <string name="time_range">%1$s - %2$s</string>
  <string name="loading_more">Chargement en cours...</string>
  <string name="goal">Objectif</string>
  <string name="edit">Edit</string>
  <string name="saved">Enregistré</string>
  <string name="search_go">Aller</string>
  <string name="buy_app">Aller Premium</string>
  <string name="undobar_message">%1$s a été supprimé</string>
  <string name="backup_share">Share</string>
  <string name="version">Version %1$s</string>
  <string name="loading">Chargement...</string>
  <string name="total">Total</string>
  <string name="splashscreen_create_account">Créer le premier portefeuille</string>
  <string name="splash_screen_use_cloud">Vers le coud (Prochainement)</string>
  <string name="splash_screen_use_cloud_info">Sync and Share transactions with easy</string>
  <string name="splash_screen_use_right_away">Pour cet appareil seulement</string>
  <string name="splash_screen_use_right_away_info">Tout de suite!</string>
  <string name="welcome_message_title">How do you want to use?</string>
  <string name="welcome_message">You can change your mind at any time later</string>
  <string name="login_hint_email">Messagerie</string>
  <string name="login_hint_password">Mot de passe</string>
  <string name="login_facebook">Connexion avec Facebook</string>
  <string name="login_money_lover">Connexion avec un compte argent Lover</string>
  <string name="login_title">Login</string>
  <string name="register_title">S\'inscrire</string>
  <string name="register_register">S\'inscrire</string>
  <string name="cashbook_earning">Gain</string>
  <string name="cashbook_spending">Dépense</string>
  <string name="cashbook_all_transactions">Toutes les transactions</string>
  <string name="cashbook_delete_transaction_message">Voulez-vous supprimer cette transaction?</string>
  <string name="cashbook_left">%1$s restant</string>
  <string name="cashbook_no_data_guide">Tap the %1$s button below to add some</string>
  <string name="cashbook_no_data_swipe_down">Glissez vers le bas et</string>
  <string name="cashbook_no_data_faq_tip">Trop dur à utiliser? Appuyez sur %1$s pour trouver de l\'aide</string>
  <string name="cashbook_no_data_earning">Aucun revenu</string>
  <string name="cashbook_no_data_spending">Aucune dépense</string>
  <string name="cashbook_no_data">Aucune transaction</string>
  <string name="cashbook_selected_account_not_existed">Le portefeuille sélectionné n\'existe pas, vous allez être redirigé sur celui par défaut.</string>
  <string name="cashbook_contentdescription_help_support">Aide &amp; Soutiens</string>
  <string name="cashbook_contentdescription_select_time_range_to_view">Sélectionner le mode d\'affichage</string>
  <string name="cashbook_contentdescription_delete_transaction">Supprimer la transaction</string>
  <string name="cashbook_contentdescription_sort_transaction">Trier les transactions</string>
  <string name="cashbook_contentdescription_search_transaction">Rechercher une transaction</string>
  <string name="cashbook_contentdescription_viewmode_transaction">View by transaction</string>
  <string name="cashbook_contentdescription_viewmode_category">View by category</string>
  <string name="cashbook_contentdescription_transfer_money">Transfer money</string>
  <string name="with_person">avec %1$s</string>
  <string name="with_two_person">avec %1$s &amp; %2$s</string>
  <string name="with_many_person">avec %1$s &amp; %2$s autres personnes</string>
  <string name="press_back_one_more_time_to_exit">Appuyer une seconde fois sur la touche Retour pour quitter</string>
  <string name="paid">Remboursement</string>
  <string name="cashbook_cashback_info">à %1$s</string>
  <string name="add_transaction_amount_friendly_title">Quel montant?</string>
  <string name="add_transaction_title_add">Ajouter une transaction</string>
  <string name="add_transaction_title_edit">Modifier la transaction</string>
  <string name="add_transaction_title_view">Détails de la transaction</string>
  <string name="add_transaction_note_title_normal">Remarque</string>
  <string name="add_transaction_note_hint">Vide</string>
  <string name="add_transaction_cancel_adding">Voulez-vous abandonner cette transaction</string>
  <string name="add_transaction_discard_edit">Voulez-vous abandonner les modifications de cette transaction</string>
  <string name="add_transaction_account_alert_currency_change">La devise du montant entré va passer de %1$s à %2$s. Voulez-vous toujours procéder à la conversion?</string>
  <string name="add_transaction_account_alert_currency_change_start">La devise du montant entré va passer de</string>
  <string name="add_transaction_account_alert_currency_change_middle">à</string>
  <string name="add_transaction_account_alert_currency_change_end">Voulez-vous toujours procéder à la conversion?</string>
  <string name="add_transaction_add_success">Transaction ajoutée avec succès!</string>
  <string name="add_transaction_category_hint">En sélectionner une</string>
  <string name="add_transaction_with_title">Avec?</string>
  <string name="add_transaction_with_hint">ex. Jon Snow, Arya Stark…</string>
  <string name="add_transaction_reminder_empty">Aucun rappel</string>
  <string name="add_transaction_subtransaction_title">Cashback</string>
  <string name="add_transaction_timecreated_title">Date</string>
  <string name="add_transaction_reminder_title">Rappel</string>
  <string name="add_transaction_error_amount">Vous devez renseigner le champ montant</string>
  <string name="add_transaction_error_category">Vous devez sélectionner la catégorie de gain/dépenses</string>
  <string name="debtor">Débiteur</string>
  <string name="lender">Prêteur</string>
  <string name="for_reason">Pour %1$s</string>
  <string name="someone">quelqu\'un</string>
  <string name="someone_hint">Quelqu\'un</string>
  <string name="add_transaction_note_spend_from_saving">Utilisation du plan d\'épargne %1$s</string>
  <string name="add_transaction_no_category_found">Aucunes correspondances</string>
  <string name="warning_big_amount_message">Le montant de cette transaction semble trop grand. Êtes-vous sûr qu\'il soit correct ?</string>
  <string name="warning_big_amount_dont_show_again">Ne plus afficher</string>
  <string name="im_wrong">Je me trompe</string>
  <string name="add_note">Rédiger une note</string>
  <string name="set_reminder_remove_reminder">Désactiver</string>
  <string name="convert_currency_title_dialog">Entrer une autre devise</string>
  <string name="convert_currency_message_convert_complete">Convertir en</string>
  <string name="convert_currency_message_convert_error">Erreur de conversion</string>
  <string name="convert_currency_message_converting">Conversion...</string>
  <string name="edit_transaction_confirm_change_category_for_debtloan">Êtes-vous certain de vouloir modifier la catégorie ? Il sera supprimé de toutes les transactions précédentes.</string>
  <string name="edit_transaction_mark_remove">Will be deleted</string>
  <string name="edit_transaction_mark_remove_message">All sub transactions of this transaction will be deleted</string>
  <string name="delete_sub_transaction">Supprimer cette transaction</string>
  <string name="sub_transaction_title">Cashback History</string>
  <string name="quick_add_transaction_dialog_title">Nouvelle transaction</string>
  <string name="quick_add_notification_ticker">Prêt à ajouter la nouvelle transaction</string>
  <string name="quick_add_transaction_title">Ajouter %1$s</string>
  <string name="quick_add_transaction_notification_text">Appuyez pour aller au porte-monaie</string>
  <string name="add_account_title_add">Ajouter portefeuille</string>
  <string name="add_account_title_edit">Modifier le portefeuille</string>
  <string name="add_account_name_title">Nom</string>
  <string name="add_account_currency_title">Monnaie</string>
  <string name="add_account_start_balance_title">Solde initial</string>
  <string name="add_account_error_accountname_exists">Ce nom de portefeuille existe déjà.</string>
  <string name="add_account_error_accountname_length_invalid">Wallet name must be between %1$s to %2$s characters.</string>
  <string name="add_account_discard_changed">Vous voulez ignorer toutes les modifications apportées à ce portefeuille ?</string>
  <string name="add_account_note_for_initial_balance">Solde initial</string>
  <string name="add_account_shortcut_title">Ajouter un raccourci de l\'écran d\'accueil</string>
  <string name="add_account_shortcut_success">Create shortcut success</string>
  <string name="account_manager_title">Gestionnaire de portefeuille</string>
  <string name="account_manager_confirm_delete_account">Voulez-vous vraiment supprimer le portefeuille %1$s ?</string>
  <string name="time_picker_dialog_title">Pick time</string>
  <string name="navigation_cashbook">Transactions</string>
  <string name="navigation_budget">Budgets</string>
  <string name="navigation_campaign">Épargne</string>
  <string name="navigation_event">Événements</string>
  <string name="navigation_category_manager">Catégories</string>
  <string name="navigation_statistic">Statistique</string>
  <string name="navigation_settings">Paramètres</string>
  <string name="navigation_feedback">Vos impressions</string>
  <string name="navigation_debt_manager">Dettes</string>
  <string name="navigation_tools">Outils</string>
  <string name="navigation_about">A propos</string>
  <string name="navigation_sync">Synchroniser</string>
  <string name="navigation_logout">Déconnexion</string>
  <string name="navigation_login">Go Cloud</string>
  <string name="navigation_database">Base de données</string>
  <string name="navigation_copyright">© 2013 ZooStudio. All rights reserved.</string>
  <string name="tools_interest_rate">Taux d\'intérêt</string>
  <string name="tools_export_csv">Exporter en CSV</string>
  <string name="tools_export_excel">Exporter vers Excel</string>
  <string name="tools_tip_calculator">Calculateur de pourboire</string>
  <string name="tools_find_atm">Recherche DAB</string>
  <string name="tools_find_bank">Rechercher une banque</string>
  <string name="tools_install_app">Installez l\'outil</string>
  <string name="tools_install_app_message">Voulez-vous installer &lt;b&gt;%1$s&lt;/b&gt; depuis Google Play?</string>
  <string name="statistic_monthly_report">Rapport Mensuel</string>
  <string name="bank_finder">Rechercher une banque</string>
  <string name="bank_finder_hint">e.g. HSBC, Standard Chartered…</string>
  <string name="bank_finder_input_bank_name">Entrez le nom de la Banque</string>
  <string name="open_file">Ouvrir le fichier</string>
  <string name="export_fail">Désolé, le processus d\'exportation a rencontré une erreur et ne peut pas continuer</string>
  <string name="export_success">Exporter avec succès</string>
  <string name="select_account">Sélectionnez un portefeuille</string>
  <string name="export_csv">Exporter en CSV</string>
  <string name="export_excel">Exporter vers EXCEL</string>
  <string name="attach_to_email">Joindre au courrier électronique</string>
  <string name="delimiter">Séparateur</string>
  <string name="atm_finder">Recherche DAB</string>
  <string name="change">Changement</string>
  <string name="send_mail">Envoyer un e-mail</string>
  <string name="contact_me">Contactez-nous</string>
  <string name="about_thanks">&lt;b&gt;Special thanks to&lt;/b&gt;&lt;br /&gt;
        Andreas Krings, Jake Wharton, Jeremy Feinstein, Roman Nurik, Simon Vig Therkildsen, Soarcn, Tjerk
        Wolterink for their awesome libraries.&lt;br /&gt;
        Brankic1979 and Nick Frost for their beautiful icon packs.&lt;br /&gt;
        And all our volunteers who help us on translating Money Lover to many other languages.</string>
  <string name="about_developed">par ZooStudio</string>
  <string name="about_view_profile_facebook">Visitez notre profil</string>
  <string name="budget_overspent">Dépassement</string>
  <string name="budget_finished">Terminé</string>
  <string name="budget_spent">Passé</string>
  <string name="budget_all_category">Toutes les catégories</string>
  <string name="create_budget_title_add">Ajouter un Budget</string>
  <string name="create_budget_title_edit">Modifier le budget</string>
  <string name="create_budget_create_for">Ajouter pour</string>
  <string name="create_budget_time_range">Plage horaire</string>
  <string name="budget_detail_delete_confirm_message">Voulez-vous vraiment supprimer ce budget ?</string>
  <string name="create_budget_message_select_day_error">Date de fin doit se trouver après la date de début</string>
  <string name="create_budget_message_duplicate_DB">Budget for this time was created, do you want to override old one?</string>
  <string name="create_budget_message_warning_enter_amount">Montant budgétaire inférieure à 0 !</string>
  <string name="create_budget_message_error_category">Vous devez sélectionner une catégorie</string>
  <string name="create_budget_message_error_time">You must select time for budget</string>
  <string name="budget_overview_monthly">Plan de budget mensuel</string>
  <string name="budget_overview_custom">Plans budgétaires personnalisé</string>
  <string name="budget_overview_no_data_guide">Tap the %1$s button above to add new budget plan</string>
  <string name="budget_detail_category">%1$s budget</string>
  <string name="budget_detail_account_detail_emptyview_message">Touchez pour ajouter budget</string>
  <string name="budget_detail_list_transactions_title">Liste des transactions</string>
  <string name="clear_template">Clear template</string>
  <string name="budget_template">Modèle</string>
  <string name="dialog_enter_amount_title">Entrez le montant</string>
  <string name="security_pin_title_create">Définir le mot de passe</string>
  <string name="security_pin_title_confirm">Confirmer le mot de passe</string>
  <string name="security_pin_title_open">Entrez le mot de passe</string>
  <string name="security_pin_message_remove">pour désactiver le mode de sécurité par mot de passe</string>
  <string name="security_pin_title_wrong_password">Mot de passe incorrect!</string>
  <string name="security_pin_message_try_again">Réessayez</string>
  <string name="is_latest_version">La version actuelle est à jour.</string>
  <string name="update">Mise à jour</string>
  <string name="has_new_version">Nouvelle version publiée, veuillez mettre à jour maintenant !</string>
  <string name="no_internet">Pas de connexion internet. S\'il vous plaît essayer de nouveau !</string>
  <string name="check_update">Vérifier la mise à jour</string>
  <string name="thanks_feedback">Merci pour vos commentaires.</string>
  <string name="add_sub_transaction_input_more_than_left">Inputted amount is bigger than unpaid amount</string>
  <string name="warning">Attention</string>
  <string name="process">Processing…</string>
  <string name="error_no_google_map">S\'il vous plaît installer Google Maps pour utiliser la fonctionnalité</string>
  <string name="set">Set</string>
  <string name="category_manager_title">Gestionnaire des catégories</string>
  <string name="category_manager_notice_cannot_edit_default_category">Impossible de modifier une catégorie spéciale</string>
  <string name="category_manager_confirm_delete_category">Voulez-vous vraiment supprimer la catégorie %1$s ? Toutes les transactions qui font partie de cette catégorie seront supprimées.</string>
  <string name="category_manager_delete_success_message">Catégorie %1$s a été supprimé</string>
  <string name="create_category_title">Nouvelle catégorie</string>
  <string name="edit_category_title">Modifier la catégorie</string>
  <string name="create_category_name_title">Nom</string>
  <string name="create_category_select_icon_title">Icône</string>
  <string name="create_category_default_parent_category">Parent</string>
  <string name="create_category_parent_category">Catégorie parent</string>
  <string name="create_category_hint_name_review">Category Name</string>
  <string name="create_category_message_duplicate_DB">Cette catégorie existe</string>
  <string name="create_category_select_type_error">Vous devez choisir le type de catégorie</string>
  <string name="create_category_input_name_error">Let\'s input your category\'s name</string>
  <string name="create_category_select_icon_error">N\'oubliez pas l\'icône de catégorie</string>
  <string name="select_parent_category_title">Sélectionnez la catégorie parent</string>
  <string name="message_transfer_successful">Transfert réussi !</string>
  <string name="title_dialog_transfer">De %1$s</string>
  <string name="back">Précédent</string>
  <string name="message_currency_error">Vous voulez changer de %1$s à %2$s ?</string>
  <string name="note_income_transfer">Reçu de %1$s</string>
  <string name="message_amount_zero">Le montant du transfert doit être plus grand que 0</string>
  <string name="default_note_transfer">Transféré vers %1$s</string>
  <string name="monthly_report_start_balance">Solde de début</string>
  <string name="monthly_report_this_month_balance">Net Income</string>
  <string name="monthly_report_end_balance">Solde fin</string>
  <string name="monthly_report_compare_to_previous_month">Comparaison mensuelle</string>
  <string name="monthly_report_largest_expense">Plus grande dépense</string>
  <string name="monthly_report_expense_by_category">Dépenses par catégorie</string>
  <string name="monthly_report_nodata">Aucun rapport pour ce mois-ci</string>
  <string name="monthly_report_nodata_guide">Un rapport mensuel sera affiché automatiquement après qu\'un nouveau mois soit commencé</string>
  <string name="search_result">Résultat de la recherche</string>
  <string name="type">Type</string>
  <string name="with">Avec</string>
  <string name="select_time">Sélectionnez l\'heure</string>
  <string name="notification_center_message_empty_notification">Aucune notification</string>
  <string name="notification_center_title">Centre de notification</string>
  <string name="notification_center_delete_read_notifications">Supprimer les messages lus</string>
  <string name="notification_center_mark_all_as_read">Marquer tout comme lu</string>
  <string name="debt_manager_title">Dettes</string>
  <string name="debt_wallet">Payable</string>
  <string name="loan_wallet">Receivable</string>
  <string name="now">Non rémunéré</string>
  <string name="past">Payé</string>
  <string name="note_transaction_saving">Retirer de l\'épargne de %1$s</string>
  <string name="saving_overview_title">Épargne</string>
  <string name="saving_overview_deposit">Dépôt</string>
  <string name="saving_overview_need">Besoin</string>
  <string name="saving_overview_spend">Spend</string>
  <string name="saving_overview_withdraw">Retirer</string>
  <string name="saving_deposit">Deposit to saving plan %1$s</string>
  <string name="saving_withdraw_default_note">Withdraw from saving plan %1$s</string>
  <string name="saving_overview_no_data_guide">Tap the %1$s button above to add new saving plan</string>
  <string name="saving_menu_deposit">Dépôt</string>
  <string name="saving_menu_withdraw">Retirer</string>
  <string name="saving_menu_spendon">Passer sur...</string>
  <string name="saving_add_title">Ajouter épargne</string>
  <string name="saving_edit_title">Editer l\'épargne</string>
  <string name="saving_add_name_title">Nom</string>
  <string name="saving_add_start_amount">Montant de départ</string>
  <string name="saving_add_success">Created new saving campaign</string>
  <string name="saving_add_error_goal_amount">You must input goal amount!</string>
  <string name="saving_add_error_name">You must input name saving campaign!</string>
  <string name="saving_add_error_icon">You must choose icon!</string>
  <string name="saving_add_cancel_adding">Do you want to dismiss this saving?</string>
  <string name="saving_add_discard_edit">Do you want to discard changes to this saving?</string>
  <string name="dialog_select_event_remove">Clear event</string>
  <string name="event_add_title">Add event</string>
  <string name="event_edit_title">Edit event</string>
  <string name="event_input_name_error">Let\'s input your event\'s name</string>
  <string name="event_select_icon_error">Don\'t forget icon for event</string>
  <string name="event_overview_view_transactions">Transactions</string>
  <string name="event_overview_deposit">Deposit</string>
  <string name="event_overview_withdraw">Withdraw</string>
  <string name="event_overview_deposited">Deposited</string>
  <string name="event_overview_finish">Finish</string>
  <string name="event_overview_no_data_guide">Tap the %1$s button above to add new event plan</string>
  <string name="event_menu_mark_as_finished">Mark as finished</string>
  <string name="event_menu_mark_as_unfinish">Mark as unfinished</string>
  <string name="interest_rate_title">Interest rate</string>
  <string name="interest_rate">Rate</string>
  <string name="time_from">During time</string>
  <string name="select_type_interest">Type d\'intérêt</string>
  <string name="date_to_invalid">Date to must after date from </string>
  <string name="amount_empty">Entrez la valeur du montant</string>
  <string name="time_mode_interest">Mode heure</string>
  <string name="rate_empty">Entrez la valeur du taux</string>
  <string name="time_empty">Veuillez choisir la valeur de temps</string>
  <string name="interest">Montant des intérêts</string>
  <string name="number_of_period">Nombre de périodes</string>
  <string name="total_amount">Montant total</string>
  <string name="interest_result">Résultat</string>
  <string name="total_people">avec %d personnes</string>
  <string name="percent_tip">pourboire %1$s%%</string>
  <string name="total_pay">Total payé</string>
  <string name="total_tip">Total pourboire</string>
  <string name="total_tip_person">Total pourboire/personnes</string>
  <string name="total_per_person">Montant par personne</string>
  <string name="note_it">Note</string>
  <string name="no_tip">Aucun pourboire</string>
  <string name="more_people">Nombre de personnes</string>
  <string name="more_tip">Pourcentage de pourboire</string>
  <string name="calculate">Calculer</string>
  <string name="change_review">%1$s%% is better, &lt;b&gt;change?&lt;/b&gt;</string>
  <string name="empty_amount">Le montant est vide</string>
  <string name="inapp_purchase">Options Premium</string>
  <string name="message_purchase_error">Erreur d\'achat</string>
  <string name="message_purchase_success">Acheter avec succès. Redémarrez l\'application pour appliquer les modifications.</string>
  <string name="purchase_bought">Vous avez acheté ce</string>
  <string name="reset_app_to_change">Redémarrez l\'application pour appliquer les modifications</string>
  <string name="purchase_buy_all_title">Devenir Premium</string>
  <string name="purchase_buy_all_text">Avoir plus d\'un portefeuille, plan budgétaire, régime.\nPlus de publicité !</string>
  <string name="purchase_buy_ads_title">Supprimer la publicité</string>
  <string name="purchase_buy_ads_text">Profitez de Money Lover sans publicité !</string>
  <string name="purchase_input_premium_code_text">Si vous avez un code de licence</string>
  <string name="purchase_notice_buy_features">Free version can add one budget, one saving, one event only, and cannot use all features. Please go premium to create unlimited budgets, savings, events and access to all features</string>
  <string name="premium_code">Entrée le code de licence</string>
  <string name="license_code_not_correct">Le code de licence n\'est pas correct</string>
  <string name="license_code_success">Code de licence est valide. Vous pouvais maintenant accéder à toutes les fonctionnalités de %1$s</string>
  <string name="widget_select_account_empty">Vous avez besoin d\'un portefeuille avant de créer le widget</string>
  <string name="widget_simple_light_name">Widget simple clair</string>
  <string name="widget_select_account_title">Sélectionnez un portefeuille</string>
  <string name="ail_message_empty_image">Pas de photos à gauche</string>
  <string name="ail_guide_1">Vous prenez une photo de quelque chose</string>
  <string name="ail_guide_2">Vous pouvez donc ajouter la transaction à ce sujet plus tard</string>
  <string name="migrate_dialog_message">Money Lover va transférer vos données de l\'ancienne version à la nouvelle. Voulez-vous continuer ?</string>
  <string name="migrate_dialog_notice">Avis</string>
  <string name="migrate_dialog_disabled_function">In this version, billing feature was disabled temporary although your bill data still will be transferred.</string>
  <string name="migrate_dialog_cancel_message">If you change your mind later, you still can select migrate in %1$s. But all your new data from now on to that moment will lose permanently.</string>
  <string name="migrate_processing_transfer_currencies">Transferring currencies</string>
  <string name="migrate_processing_transfer_accounts">Transferring and converting old accounts into wallets</string>
  <string name="migrate_processing_transfer_master_categories">Transferring master categories</string>
  <string name="migrate_processing_transfer_categories">Transferring categories</string>
  <string name="migrate_processing_transfer_transactions">Transferring transactions</string>
  <string name="migrate_processing_transfer_tagged_people">Transferring tagged people</string>
  <string name="migrate_processing_transfer_sub_transactions">Transferring sub transactions</string>
  <string name="migrate_processing_transfer_interests">Transferring interests</string>
  <string name="migrate_processing_transfer_bills">Transferring bills</string>
  <string name="migrate_processing_transfer_budgets">Transferring budgets</string>
  <string name="migrate_processing_transfer_campaigns">Transferring campaigns</string>
  <string name="restore_title">Restore data</string>
  <string name="restore_message_successful">Import successfully!</string>
  <string name="restore_message_error">An error has occurred when importing data</string>
  <string name="restore_loading_file_from_dropbox">Loading file from Dropbox…</string>
  <string name="restore_connect_dropbox">Connect with Dropbox</string>
  <string name="restore_message">Select one file below to restore data from</string>
  <string name="restore_message_edit">Select file to delete</string>
  <string name="restore_empty_file">No files</string>
  <string name="restore_disconnect_dropbox">Unlink Dropbox</string>
  <string name="restore_disconnect_dropbox_confirm">Do you really want to unlink Dropbox?</string>
  <string name="backup_title">Backup data</string>
  <string name="backup_file_name">Backup to file</string>
  <string name="backup_notice_about_file_ext">From this version, we use the new file extension &lt;b&gt;.mlx&lt;/b&gt; , but you still can import both .money and .mlx file into %1$s</string>
  <string name="backup_success_message">Backup successfully</string>
  <string name="backup_fail_message">Backup failed</string>
  <string name="navigation_group_support">Support</string>
  <string name="navigation_group_setting">Setting</string>
  <string name="navigation_group_plans">Planning</string>
  <string name="navigation_group_others">Others</string>
  <string name="navigation_group_tools">Tools</string>
  <string name="widget_account_was_deleted">Wallet was deleted</string>
  <string name="tools_install_go_to_playstore">Go to Play Store</string>
  <string name="tools_shopping_lover_intro">This application is built on the habits of shoppers. It increases the efficiency and speed of your shopping experience, and also prevents any unnecessary mistakes.</string>
  <string name="tools_exchanger_intro">Exchanger is a simple way to convert currency in mobile.&lt;br /&gt;
		- Nice design with flat design&lt;br /&gt;
		- 100+ world currencies&lt;br /&gt;
		- Convert multi-currencies in one time&lt;br /&gt;
		- Offline mode (do not need network).</string>
  <string name="rate_app_dont_show_again">Don\'t show Rate App notification again</string>
  <string name="rate_app_dont_show_again_short">Don\'t show again</string>
  <string name="rate_app_config_title">Rate app setting</string>
  <string name="delete">Delete</string>
  <string name="restore_delete_message">Do you want to delete these files permanently?</string>
  <string name="restore_message_confirm">Do you want to restore data from file %1$s? All your current data will be deleted!</string>
  <string name="restore_autobackup_fail">Auto backup failed. Restore process cannot continue.</string>
  <string name="deleting">Deleting…</string>
  <string name="purchase_error_unknown">An unknown error has appeared.</string>
  <string name="purchase_please_wait_until_data_is_loaded">Veuillez patienter jusqu\'à ce que les données soient chargées.</string>
  <string name="announce_update_lost_data_message">&lt;p&gt;We are upgrading Money Lover into new version and migrating your data from the old one to the new one. During the process, you may experience some losses of data, sometimes, unfortunately, all of them. &lt;/p&gt;&lt;p&gt;&lt;b&gt;Technically, your data is still there as we will not delete them if the migrate process goes wrong.&lt;/b&gt;&lt;/p&gt;&lt;p&gt; If you find yourself into this situation, please contact us and we will help you find your data back.&lt;/p&gt;</string>
  <string name="announce_update_lost_data_message_title">About losing data after update</string>
  <string name="cannot_find_my_language">Plus de langues ?</string>
  <string name="feedback_language_text">Bonjour, \nI souhaite traduire les langues suivantes : \n</string>
  <string name="feedback_language_subject">[LANG] COMMENTAIRES POUR LA LANGUE</string>
  <string name="message_more_languages">Nous travaillons sur la nouvelle version de Money Lover dans d\'autres langues de traduction, mais ce processus peut prendre un certain temps, donc nous avons vraiment besoin d\'aide de nos utilisateurs pour l\'accélérer.</string>
  <string name="message_more_languages_help">Aidez-nous, s\'il vous plaît, a traduire de l\'anglais aux autres langues. Vous pouvez nous contacter pour de plus amples informations.</string>
  <string name="languagehelp_ok">Oui, je vais vous aider !</string>
  <string name="languagehelp_cancel">Non, peut-être plus tard :(</string>
  <string name="languagehelp_title">Help Translation</string>
  <string name="changes_log_title">Nouveautés</string>
  <string name="restore_menu_show_auto_backup">Afficher les fichiers de sauvegarde automatique</string>
  <string name="restore_menu_hide_auto_backup">Hide auto backup files</string>
  <string name="restore_menu_edit">Select files</string>
  <string name="title_view_web">Web Display</string>
  <string name="title_notification_web">Connecting web client</string>
  <string name="turn_on_web">Turn on server</string>
  <string name="turn_off_web">Turn off server</string>
  <string name="tab_to_turn_off_web">Tap to turn off web</string>
  <string name="budget_detail_error_budget_not_exists">This budget no longer exist</string>
  <string name="new_expense_category">New expense category</string>
  <string name="new_income_category">New income category</string>
  <string name="turn_on_wifi">Turn on wifi first</string>
  <string name="server_off">Server off</string>
  <string name="access_link">%1$s</string>
  <string name="previous_web">Previous</string>
  <string name="next_web">Next</string>
  <string name="webdisplay_status_title">Status</string>
  <string name="webdisplay_menu_help">Help</string>
  <string name="webdisplay_menu_advance">Advanced options</string>
  <string name="add_web">Add</string>
  <string name="cashback_loan_info">from %1$s</string>
  <string name="webdisplay_turning_on">Turning on…</string>
  <string name="webdisplay_turned_on">Turn off</string>
  <string name="webdisplay_turning_off">Turning off…</string>
  <string name="webdisplay_turned_off">Turn on</string>
  <string name="set_as_start_date">Set as start date</string>
  <string name="set_as_end_date">Set as end date</string>
  <string name="webdisplay_warning_port_over">Port must have range from %1$s to %2$s</string>
  <string name="webdisplay_warning_port_web">This port is duplicated with %1$s</string>
  <string name="webdisplay_will_change_port">Port will be changed after turning on service again.</string>
  <string name="webdisplay_open_web_browser">Open this address in web browser</string>
  <string name="webdisplay_warning_port_exist">This port has been taken over by another service. Please select another port.</string>
  <string name="webdisplay_change_port">Change port</string>
  <string name="webdisplay_web_actions">Actions</string>
  <string name="webdisplay_web_feedback_support">Feedback \u0026 Support</string>
  <string name="webdisplay_web_add_more">Add more</string>
  <string name="reset_data_message">Do you want to reset all data? All data such as wallets, transactions, budgets, savings or events will be removed. This action CAN NOT be undone.</string>
  <string name="upload_to_dropbox_success">Uploaded to DropBox</string>
  <string name="message_large_spend_amount">Inputted amount must be smaller than current saved amount.</string>
  <string name="message_error_select_parent_cate">Can not select itself as parent</string>
  <string name="translated_by">Translated by %1$s</string>
  <string name="add_transaction_with_suggestion">You can add people who is not in contact by adding a comma ( , ) after their name.</string>
  <string name="msg_add_transaction_first">Do you want to add the very first transaction now?</string>
  <string name="global">Global</string>
  <string name="notification_bank_sms_title">Your %1$s wallet change %2$s</string>
  <string name="custom_range_cashbook">Custom</string>
  <string name="navigation_travel_mode">Travel Mode</string>
  <string name="select_event_title">Select event</string>
  <string name="travel_mode_description">In travel mode, you can select a running event to be auto selected each time you create a transaction.</string>
  <string name="travel_mode_activated_message">Travel mode is on. Happy travelling!</string>
  <string name="travel_mode_turn_off_message">Do you want to turn Travel Mode off?</string>
  <string name="travel_mode_quick_add_notification">Add to event %1$s</string>
  <string name="travel_mode_turned_off_message">Travel mode is off</string>
  <string name="purchase_description">Each purchase is valid for only 100 years.</string>
  <string name="backup_select_one">Select one</string>
  <string name="repeat_transaction_mode_month_same_days">on %1$s each month</string>
  <string name="repeat_transaction_mode_month_this_day">on every %1$s %2$s of month</string>
  <string name="repeat_transaction_times_duration_for_a_number_of_event_shorted">For</string>
  <string name="repeat_transaction_manager">Recurring Transactions</string>
  <string name="recent_transaction_no_transactions">No recent transactions</string>
  <string name="repeat_transaction_next_repeat">Next repeat</string>
  <string name="repeat_transaction_need_specify_repeat">You need to specify repeat options</string>
  <string name="recent_transaction_dialog_list_title">Recent transaction</string>
  <string name="repeat_transaction_message_confirm_delete_template">Do you want to delete this template?</string>
  <string name="repeat_transaction_no_template">There is no repeat templates</string>
  <string name="repeat_transaction_no_repeat">No repeat</string>
  <string name="repeat_transaction_next_repeat_at">Next repeat at %1$s</string>
  <string name="share_need_to_download_before_sharing">This file will be downloaded from DropBox before being shared</string>
  <string name="repeat_transaction_add_template">Add recurring transaction</string>
  <string name="repeat_transaction_edit_template">Edit recurring transaction</string>
  <string name="recent_transaction_show_when_add_transaction">Show this dialog automatically when add transaction</string>
  <string name="message_login_now">After enter promotion code, you could create an Money Lover account to link your account with your Premium status. If you have another device, login Money Lover with your account so Premium status in that device will be automatically activated.</string>
  <string name="recent_transaction_dialog_description">You can import transaction data from these previous ones</string>
  <string name="repeat_transaction_every">Every</string>
  <string name="repeat_transaction_from">From</string>
  <string name="repeat_transaction_at">at</string>
  <string name="repeat_transaction_times">times</string>
  <string name="event_delete_message">Do you want to delete this event?</string>
  <string name="saving_delete_message">Do you want to delete this saving?</string>
  <string name="budget_delete_message">Do you want to delete this budget?</string>
  <string name="transaction_detail_cashback_left">Left</string>
  <string name="transaction_detail_cashback_paid">Paid</string>
  <string name="add_account_error_message_no_currency">Please select one currency for your wallet</string>
  <string name="store_download_fail">Can not download icon at this moment</string>
  <string name="dialog_turn_on_location_service">Do you want turn on location service?</string>
  <string name="set_icon_default_tab">Default</string>
  <string name="set_icon_tab_sdcard">Downloaded</string>
  <string name="set_icon_more_tab">More icon</string>
  <string name="store_preview_icon">Preview</string>
  <string name="store_buy_icon">Buy</string>
  <string name="store_icon_title">Icon Store</string>
  <string name="store_purchase_preview">Preview</string>
  <string name="download">Download</string>
  <string name="do_not_show_again">Don\'t show again</string>
  <string name="new_icon_packs_are_available">Two new icon packs are available for using for category, event and saving. You can create a new category to see them right now!</string>
  <string name="dialog_share_account">Share wallet with</string>
  <string name="share_account_success">Share wallet success</string>
  <string name="dialog_sharing_account">Sharing…</string>
  <string name="email_address_invalid">Email address invalid</string>
  <string name="set_location_get_address_error">Can not load address now, please try again later!</string>
  <string name="cashbook_balance">Balance</string>
  <string name="statistic_trends">Trends</string>
  <string name="sync_transferring_data">Transferring data</string>
  <string name="sync_running">Sync is in progress…</string>
  <string name="trend_criteria_collapsed_time">From &lt;b&gt;%1$s&lt;/b&gt; to &lt;b&gt;%2$s&lt;/b&gt;</string>
  <string name="transaction_detail_set_location">Set location</string>
  <string name="transaction_detail_can_not_download_image">Can not download this image, please try another.</string>
  <string name="user_unauthenticated">You must login first</string>
  <string name="share_account_error">Share wallet failed</string>
  <string name="beta">Beta</string>
  <string name="sync_error">Sync error</string>
  <string name="sync_notification_ticker_text">Syncing data with server</string>
  <string name="sync_notification_content_title">Sync Money Lover</string>
  <string name="login_success">Login successfully</string>
  <string name="login_forgot_password">Forgot password?</string>
  <string name="register_show_password">Show password</string>
  <string name="sync_done">Sync process has done successfully</string>
  <string name="login_fail">Invalid email/password combination. Please try again.</string>
  <string name="connecting">Connecting…</string>
  <string name="sync_account">Sync wallet</string>
  <string name="message_sync_transfer_data">Do you want to transfer data?</string>
  <string name="sync_dialog_transfer_title">Transfer data</string>
  <string name="sync_running_cannot_add_item">Sync process is running, please wait for a moment</string>
  <string name="sync_last_sync">Last sync: %1$s</string>
  <string name="sync_sync_first_time">Tap to sync for the first time</string>
  <string name="icon_xmas_notification_title">Merry Xmas with new icon pack!</string>
  <string name="icon_xmas_notification_content">Holiday is coming: Decorate Money Lover with the beautiful Christmas icon pack today! And it’s free!</string>
  <string name="store_icon_re_download">Download again</string>
  <string name="store_icon_free">Free</string>
  <string name="store_icon_list_empty">No icon packs</string>
  <string name="store_icon_canceled_message">Download for icon package %1$s was canceled</string>
  <string name="store_icon_download_finished_message">Icon package %1$s was downloaded. You can use those new icons when creating category, event or saving.</string>
  <string name="transaction_detail_show_advanced">Add more detail</string>
  <string name="refresh">Refresh</string>
  <string name="navigation_store">Money Lover Store</string>
  <string name="create_category_select_parent_error">Can not choose this category as parent</string>
  <string name="sync_error_timeout">server is maintained</string>
  <string name="sync_error_server_busy">Server is busy</string>
  <string name="sync_register_success">Register successfully</string>
  <string name="transaction_detail_warning_time_not_in_range">This date is not in budget %1$s\' time range (%2$s)</string>
  <string name="notification_message_remind_transaction">You set a notification for a transaction %1$s: %2$s. Tap to view its detail.</string>
  <string name="location_add_new_address">Add %1$s as a place</string>
  <string name="category_none_name">No categories</string>
  <string name="saving_add_startamount_over">Start amount can not large than goal amount</string>
  <string name="share_account_permission">Set this person as OWNER so they can view, add, edit, delete all kind of data in this wallet</string>
  <string name="error_can_not_load_wallet">Can not load wallet or the selected wallet was deleted. Please try again or open application not from shortcut.</string>
  <string name="select_category_tap_to_create_one">Tap to create one</string>
  <string name="error_can_not_change_wallet_transaction_debt_loan">Can not change wallet for debt, loan transaction</string>
  <string name="quick_add_manager_title">Show on status bar</string>
  <string name="account_manager_create_shortcut">Create shortcut</string>
  <string name="budget_no_data">No budgets</string>
  <string name="event_no_data">No events</string>
  <string name="saving_no_data">No savings</string>
  <string name="notification_center_no_data">No notifications</string>
  <string name="recurring_transaction_no_data">No recurring transactions</string>
  <string name="notification_like_fan_page_title">Like us on Facebook</string>
  <string name="notification_like_fan_page_text">keep in touch with us for updates, tips and occasional free stuff</string>
  <string name="share_account_email_target">Email which you want to share with</string>
  <string name="share_account_email_error">This string is not a valid email address</string>
  <string name="monthly_report_other_categories">Other categories</string>
  <string name="transfer_wallet_unknown_error_message">Can not transfer between wallets at this moment, please try again. If you still see this message next time, please contact us so we can help to fix this problem.</string>
  <string name="forgot_password_error_wrong_email">This email is not registered with us, please try again.</string>
  <string name="forgot_pass_success">Please check your email account for further instructions.</string>
  <string name="register_error_email_exists">This email is unavailable. Please choose another one.</string>
  <string name="promote_event_expire">This event is already finished</string>
  <string name="promote_event_error_wrong_code">Invalid promote code. Please try again.</string>
  <string name="register_error_server">Our server encountered an weird error and we\'ve been noticed. Please take a cup of coffee why we\'re fixing it.</string>
  <string name="register_error_entered_info_not_enough">Please fill all information to continue</string>
  <string name="purchase_post_facebook_success">Thanks for sharing</string>
  <string name="promote_event_input_successfully">Promote code is valid. Now you can use all features as a Premium user! Thank you for using %1$s</string>
  <string name="promote_event_share_facebook">Share on Facebook</string>
  <string name="promote_event_login_description">TIP: Register a %1$s account to link your Premium status with that account, so next time you login to %1$s, you will have your Premium status back.</string>
  <string name="promote_event_share_facebook_description">It would be cool to share this code to your friends! Don\'t worry, it won\'t affect your Premium status.</string>
  <string name="notification_center_message_already_logged_in">You\'ve already logged in.</string>
  <string name="congratulation">Congratulation!</string>
  <string name="cashbook_pull_to_add_transaction">Pull to add transaction</string>
  <string name="cashbook_release_to_add_transaction">Release to add transaction</string>
  <string-array name="cashbook_set_timerange_items">
    <item>Day</item>
    <item>Week</item>
    <item>Month</item>
    <item>Quarter</item>
    <item>Year</item>
    <item>All</item>
    <item>Custom</item>
  </string-array>
  <string-array name="delimiters">
    <item>Semicolon ( ; )</item>
    <item>Comma ( , )</item>
    <item>Tab</item>
  </string-array>
  <string-array name="create_budget_array_time_range">
    <item>This month</item>
    <item>This quarter</item>
    <item>This year</item>
    <item>Next month</item>
    <item>Next quarter</item>
    <item>Next year</item>
    <item>Custom range</item>
  </string-array>
  <string-array name="budget_overview_titles">
    <item>Running</item>
    <item>Finished</item>
  </string-array>
  <string-array name="category_manager_edit_cate_menu">
    <item>@string/edit</item>
    <item>@string/delete</item>
  </string-array>
  <string-array name="debt_overview_titles">
    <item>@string/debt_wallet</item>
    <item>@string/loan_wallet</item>
  </string-array>
  <string-array name="campaign_overview_titles">
    <item>Running</item>
    <item>Finished</item>
  </string-array>
  <string-array name="arrays_time_mode">
    <item>Weekly</item>
    <item>Every 14 days</item>
    <item>Monthly</item>
    <item>Every 3 months</item>
    <item>Every 6 months</item>
    <item>Yearly</item>
  </string-array>
  <string-array name="arrays_type">
    <item>Simple interest</item>
    <item>Compound interest</item>
  </string-array>
  <string-array name="repeat_transaction_time_mode">
    <item>Repeat Daily</item>
    <item>Repeat Weekly</item>
    <item>Repeat Monthly</item>
    <item>Repeat Yearly</item>
  </string-array>
  <string-array name="backup_list_file_backup_select_item">
    <item>@string/restore_title</item>
    <item>@string/backup_share</item>
  </string-array>
  <string-array name="repeat_transaction_mode_month_week">
    <item>first</item>
    <item>second</item>
    <item>third</item>
    <item>fourth</item>
    <item>fifth</item>
    <item>sixth</item>
  </string-array>
  <string-array name="repeat_transaction_times_duration">
    <item>Forever</item>
    <item>Until</item>
    <item>For a number of events</item>
  </string-array>
  <string-array name="trend_type">
    <item>@string/expense</item>
    <item>@string/income</item>
    <item>Net Income</item>
  </string-array>
  <string-array name="trend_criteria">
    <item>Overtime</item>
    <item>By Category</item>
  </string-array>
  <plurals name="cashbook_transaction_count">
    <item quantity="one">%d transaction</item>
    <item quantity="other">%d transactions</item>
  </plurals>
  <plurals name="budget_days_left">
    <item quantity="one">%d day left</item>
    <item quantity="other">%d days left</item>
  </plurals>
  <plurals name="ail_view_photo_title">
    <item quantity="one">%1$s photo left</item>
    <item quantity="other">%1$s photos left</item>
  </plurals>
  <plurals name="editbar_selected_count">
    <item quantity="one">%d item selected</item>
    <item quantity="other">%d items selected</item>
  </plurals>
</resources>
