<?xml version="1.0" encoding="utf-8"?>
<!--Generated by crowdin.net-->
<resources>
  <string name="wpDifferentCurrency">Les comptes que vous avez choisi, n\'ont pas la même devise!!! Voulez vous changer le montant = </string>
  <string name="downloading">Téléchargement</string>
  <string name="duplicate">Copier</string>
  <string name="wpeditAmount"> Ou vous pouvez modifier le montant manuellement.</string>
  <string name="wpEmptyContent">Aucune donnée à afficher</string>
  <string name="wpEmptySymbol">: (</string>
  <string name="wpEndDateAfterStartDateError">La date de fin ne peut pas antérieure à la date de début.</string>
  <string name="wpEnterName">Nom de votre portefeuille ?</string>
  <string name="wpEnterPass">Entrez votre mot de passe</string>
  <string name="exit">Sortie</string>
  <string name="wpExpenseColor">Dépenses de couleur</string>
  <string name="wpFeedBackSubject">[W] Vos impressions</string>
  <string name="format">Format</string>
  <string name="For">Pour</string>
  <string name="wpHeaderColor">Couleur de l\'en-tête</string>
  <string name="wpHelpUsTranslate">Aidez-nous à traduire</string>
  <string name="wpIncomeColor">Couleur de revenu</string>
  <string name="wpInsertAccountAlert">Veuillez choisir un compte</string>
  <string name="wpInsertAmountAlert">Veuillez entrer une somme d\'argent</string>
  <string name="wpInsertCategoryAlert">Veuillez choisir une catégorie</string>
  <string name="wpInsertCategoryLength">Le nom de catégorie doit comprendre entre 2 et 30 carctères !</string>
  <string name="wpInsertImageAlert">Veuillez choisir une icône</string>
  <string name="wpInsertNameAlert">Veuillez entrer le nom</string>
  <string name="wpInsertTimeRangeError">Veuillez choisir la plage horaire</string>
  <string name="wpInsertTypeAlert">Veuillez choisir le type de catégorie</string>
  <string name="items">Éléments</string>
  <string name="wpLiveFolderError">Ne peut obtenir le fichier Money Lover sur votre SkyDrive. Veuillez réessayer ultérieurement.</string>
  <string name="wpLocationServiceWarning">LocationServiceWarning</string>
  <string name="wpLocationService">Service de localisation</string>
  <string name="wpMessage3">Erreur BNS : L\'action est désactivé</string>
  <string name="Message2">BNS Error: The maximum number of ScheduledActions of this type have been exist. </string>
  <string name="wpMessage1">Background agents for this application have been disabled by the user.</string>
  <string name="wpMessage">Message</string>
  <string name="monday">Lundi</string>
  <string name="month">Mois</string>
  <string name="name">Nom</string>
  <string name="navigations">Navigations</string>
  <string name="wpDeleteNotify">Voulez-vous tout supprimer ?</string>
  <string name="wpNotify7">[Rapport]</string>
  <string name="wpNotify6">[Enregistrement]</string>
  <string name="wpNotify5">Le budget {0} est terminé.</string>
  <string name="wpNotify4">Be careful, the budget {0} is almost over.</string>
  <string name="wpNotify3_2">Le prêt {0} est terminé.</string>
  <string name="wpNotify3_1">La dette {0} est terminé.</string>
  <string name="wpNotify2">You didn\'t add any transactions today. Add now?</string>
  <string name="wpNotify1">Conseils</string>
  <string name="wpNotify0">Bienvenue dans Money Lover sur Windows Phone. A partir d\'aujourd\'hui, ça va vous aider à planifier et surveiller toutes vos dépenses, enregistrer tout et générer des rapports périodiquement. Ayez de mon moments avec.</string>
  <string name="notifications">Notifications</string>
  <string name="notification">Notification</string>
  <string name="wpNoParent">Aucun parent</string>
  <string name="number">No. </string>
  <string name="other">Autre</string>
  <string name="Over">Sur</string>
  <string name="wpOverDue">En retard</string>
  <string name="wpOverAmount">The amount you transfer is bigger than total earning! Do you want to edit again?</string>
  <string name="wpPaidHistory">Paid History</string>
  <string name="parent">Parent</string>
  <string name="wpPasswordProtected">Mot de passe protégé</string>
  <string name="payment">Paiement</string>
  <string name="people">Personnes</string>
  <string name="picture">Photo</string>
  <string name="wpPinToStart">Epingler pour commencer</string>
  <string name="place">Lieu</string>
  <string name="wpPlaceFinder">Place Finder</string>
  <string name="quarter">Trimestre</string>
  <string name="reason">Raison</string>
  <string name="reload">Recharge</string>
  <string name="wpReminderAddTran">Reminder add transaction</string>
  <string name="wpRestartNotify">Vous devez redémarrer l\'application pour voir les changements.</string>
  <string name="wpRestoreMess">Restaurer la base de données remplacera votre base de données actuelle avec celle sélectionnée. Toutes les données seront perdues. Êtes-vous sûr de vouloir restaurer la base de données ?</string>
  <string name="wpRestoreComplete">Restauration terminée.</string>
  <string name="restore">Restaurer</string>
  <string name="running">En cours d\'exécution</string>
  <string name="wpSamplePlaceSearch">Nommez certains endroits</string>
  <string name="wpSelectedCategory">Catégorie sélectionnée</string>
  <string name="wpSkydriveLogin">Hi there, before continuing please login to your SkyDrive.</string>
  <string name="sort">Tri</string>
  <string name="wpSpendWith">Dépenser avec</string>
  <string name="start_month">Premier jour du mois</string>
  <string name="start_week">Premier jour de la semaine</string>
  <string name="sunday">Dimanche</string>
  <string name="sure">Sûr</string>
  <string name="wpSyncDone">Synchronisation terminée.</string>
  <string name="wpThemeManager">Gestionnaire de thèmes</string>
  <string name="wpThisMonth">Ce mois-ci</string>
  <string name="wpThisQuarter">Ce trimestre</string>
  <string name="wpThisWeek">Cette semaine</string>
  <string name="wpThisYear">Cette année</string>
  <string name="time_format">Format de l\'heure</string>
  <string name="wpTimeRange">Plage horaire</string>
  <string name="title">Titre</string>
  <string name="wpToAcount">Au compte</string>
  <string name="today">Aujourd\'hui</string>
  <string name="tomorrow">Demain</string>
  <string name="tranfer">Tranfert</string>
  <string name="wpTranferFail">Veuillez vérifier de nouveau les données ! Le montant que vous transférez doit être supérieur à 0.</string>
  <string name="wpTranferComplete">Transfert terminé !</string>
  <string name="wpTransferFrom">Transfert de :</string>
  <string name="wpTransferMoney">Transfért d\'argent</string>
  <string name="wpTranferingException">TranferingException</string>
  <string name="wpTransactionInfo">Info de la transaction</string>
  <string name="tutorial">Tutoriel</string>
  <string name="unfinished">Inachevé</string>
  <string name="unit">Unité</string>
  <string name="wpUploadCompleted">Téléchargement terminé.</string>
  <string name="uploading">Téléchargement en cours</string>
  <string name="wpUploadSkydrive">Télécharger sur SkyDrive</string>
  <string name="wpUseCustomColor">Utiliser des couleurs personnalisées</string>
  <string name="used">Utilisé</string>
  <string name="wpViewMode">Mode d\'affichage</string>
  <string name="wpViewOffice">View in Office</string>
  <string name="week">Semaine</string>
  <string name="wrong">Faux</string>
  <string name="wpWrongPass">Mot de passe incorrect.</string>
  <string name="year">Année</string>
  <string name="yesterday">Hier</string>
  <string name="wpViewTran">Afficher les transactions</string>
  <string name="editDebt">Modifier la dette</string>
  <string name="wpTimeAlreadyOver">The time you choose is already over.</string>
  <string name="account_all">Tous les comptes</string>
  <string name="about_msg_wp">Gagner de l\'argent et le gérer ce n\'est pas la même chose ! Des dépenses imprudentes et non prévues dans le budget mettent en difficulté des familles dans le monde entier. Money Lover vous aidera à planifier et suivre toutes vos dépenses, les enregistrer et les reporter périodiquement. Ce  n\'est pas un outil de comptabilité complet, mais il est utile pour une gestion financière familiale/personnelle simple.</string>
  <string name="clear">Effacer</string>
  <string name="day">Jour</string>
  <string name="interest_rate">Taux</string>
  <string name="string_select_all">Sélectionner tout</string>
  <string name="settings_alarm_group_title">Alarme</string>
  <string name="wpAddAccountFirst">Ajouter d\'abord un portefeuille !</string>
  <string name="wpATM">DAB</string>
  <string name="wpAdd">Ajouter</string>
  <string name="wpBank">Banque</string>
  <string name="wpBackupRestore">Sauvegarde &amp; restaurer</string>
  <string name="wpBackup">Sauvegarde</string>
  <string name="wpCannotEditAccount">Impossible de modifier ce compte.</string>
  <string name="wpCannotEditTransaction">Impossible de modifier cette transaction.</string>
  <string name="wpConfirmBackCategory">Vous n\'avez pas enregistré cette catégorie, êtes vous sûr de vouloir revenir en arrière ?</string>
  <string name="wpConfirmBack">Vous n\'avez pas enregistré votre transaction, êtes vous sûr de vouloir revenir en arrière ?</string>
  <string name="wpConfirmBackBudget">Vous n\'avez pas enregistré votre budget, êtes vous sûr de vouloir revenir en arrière ?</string>
  <string name="wpCustomRange">Custom range</string>
  <string name="wpCustomTimeNullError">The custom time is null. Please choose time range.</string>
  <string name="wpDayLeft">jour restant</string>
  <string name="wpDaysLeft">jours restants</string>
  <string name="wpDeleteTransaction">You will lost all data of this transaction. Do you want to continue?</string>
  <string name="wpDeletePin">Voulez-vous supprimer le code pin ?</string>
  <string name="wpDeleteBudget">You will lost all data of this budget. Do you want to continue?</string>
  <string name="wpDeleteAcc">You will lost all data of this account. Do you want to continue?</string>
  <string name="wpDeleteCategory">You will lost all data of this category and all transactions in it. Do you want to continue?</string>
  <string name="wpAuto">Automatique</string>
  <string name="rate">taux</string>
  <string name="wp_warning_addtran_from_pin_message">Transaction was added successfully. Do you want to return to Wallet screen?</string>
  <string name="navigation_group_policy">Politique</string>
  <string name="wpNotify8">Congratulations, you updated completely. Do you want to know the changes in new version? Please tap to see!</string>
</resources>
