<?xml version="1.0" encoding="utf-8"?>
<!--Generated by crowdin.net-->
<resources>
  <string name="notification_message_take_photo_title">Tappez pour ajouter une transaction de &lt;b&gt;Ajouter plus tard&lt;/b&gt; photo</string>
  <string name="notification_message_daily_alarm_title">Tappez pour ajouter une transaction pour &lt;b&gt;%1$s&lt;/b&gt;</string>
  <string name="notification_message_monthly_remind">Voir le rapport mensuel pour &lt;b&gt;%1$s&lt;/b&gt;</string>
  <string name="notification_message_no_expense_today">Aucune dépense aujourd\'hui, mettre à jour maintenant ?</string>
  <string name="notification_message_remind_debt">Vous devez toujours &lt;b&gt;%1$s&lt;/b&gt; %2$s, mettre à jour maintenant?</string>
  <string name="notification_message_remind_loan">&lt;b&gt;%1$s&lt;/b&gt; vous doit toujours %2$s, mettre à jour maintenant?</string>
  <string name="budget_notification_budget_warning_title">Budget atteint %1$s%%</string>
  <string name="budget_notification_budget_warning_category_text">%1$s restant dans &lt;b&gt;%2$s&lt;/b&gt;</string>
  <string name="budget_notification_budget_warning_account_text">%1$s restant dans &lt;b&gt;%2$s&lt;/b&gt;</string>
  <string name="budget_notification_budget_100percent_category_text">dans &lt;b&gt;%1$s&lt;/b&gt;</string>
  <string name="budget_notification_budget_100percent_account_text">dans &lt;b&gt;%1$s&lt;/b&gt;</string>
  <string name="budget_notification_budget_exceeded_title">Dépassement %1$s</string>
  <string name="budget_notification_budget_exceeded_category_text">dans &lt;b&gt;%1$s&lt;/b&gt;</string>
  <string name="budget_notification_budget_exceeded_account_text">dans &lt;b&gt;%1$s&lt;/b&gt;</string>
  <string name="ail_notification_title">Cliquez pour prendre une photo</string>
  <string name="ail_notification_text">vous pouvez ajouter la transaction plus tard</string>
  <string name="ail_notification_cancel_message">Vous pouvez réafficher cette notification dans paramètres</string>
  <string name="notification_monthly_alarm_title">Tappez pour visualiser le rapport pour</string>
  <string name="notification_monthly_alarm_text">%1$s</string>
  <string name="notification_message_auto_backup">Visionner la sauvegarde de fichier de &lt;b&gt;%1$s&lt;/b&gt;</string>
  <string name="notification_message_repeat_transaction">Une nouvelle transaction a été ajoutée sur &lt;b&gt;%1$s&lt;/b&gt;</string>
</resources>
