<?xml version="1.0" encoding="utf-8"?>
<!--Generated by crowdin.net-->
<resources>
  <string name="second">secunda</string>
  <string name="minute">minut</string>
  <plurals name="days_left">
    <item quantity="one">%d zile ramase</item>
    <item quantity="few">%d zi ramasa</item>
    <item quantity="other">%d zile ramase</item>
  </plurals>
  <plurals name="hour_left">
    <item quantity="one">%d ora ramasa</item>
    <item quantity="few">%d ore ramase</item>
    <item quantity="other">%d ore ramase</item>
  </plurals>
  <plurals name="minute_left">
    <item quantity="one">%d minut ramas</item>
    <item quantity="few">%d minute ramase</item>
    <item quantity="other">%d minute ramase</item>
  </plurals>
  <plurals name="second_left">
    <item quantity="one">%d secunda ramasa</item>
    <item quantity="few">%d secunde ramase</item>
    <item quantity="other">%d secunde ramase</item>
  </plurals>
</resources>
