<?xml version="1.0" encoding="utf-8"?>
<!--Generated by crowdin.net-->
<resources>
  <string name="AGO">in urma</string>
  <string name="DAY">o zi</string>
  <string name="DAYS">%1$s zile</string>
  <string name="HOUR">aproximativ o ora</string>
  <string name="HOURS">%1$s ore</string>
  <string name="MINUTE">aproximativ un minut</string>
  <string name="MINUTES">%1$s minute</string>
  <string name="MONTH">aproximativ o luna</string>
  <string name="MONTHS">%1$s luni</string>
  <string name="SECONDS">mai putin de un minut</string>
  <string name="SUFFIX_FROM_NOW">de acum</string>
  <string name="YEAR">aproximativ un an</string>
  <string name="YEARS">%1$s ani</string>
</resources>
