<?xml version="1.0" encoding="utf-8"?>
<!--Generated by crowdin.net-->
<resources>
  <string name="notice">Notificare</string>
  <string name="error">Eroare</string>
  <string name="close">Închide</string>
  <string name="cancel">Anulează</string>
  <string name="save">Salveaza</string>
  <string name="done">Terminat</string>
  <string name="yes">Da</string>
  <string name="submit">Submit</string>
  <string name="sorry">Imi pare rau</string>
  <string name="ok">Ok</string>
  <string name="search">Căutare</string>
  <string name="no">Nu</string>
  <string name="confirm">Confirmare</string>
  <string name="today">Astazi</string>
  <string name="tomorrow">Maine</string>
  <string name="yesterday">Ieri</string>
  <string name="thisweek">In aceasta saptamana</string>
  <string name="nextweek">Săptămâna viitoare</string>
  <string name="lastweek">Saptamana trecuta</string>
  <string name="thismonth">Luna aceasta</string>
  <string name="nextmonth">Luna viitoare</string>
  <string name="lastmonth">Luna trecută</string>
  <string name="thisquarter">Acest trimestru</string>
  <string name="nextquarter">Trimestrul următor</string>
  <string name="lastquarter">Ultimul trimestru</string>
  <string name="thisyear">În acest an</string>
  <string name="nextyear">Anul viitor</string>
  <string name="lastyear">Anul trecut</string>
  <string name="quarter_shorten">Q</string>
</resources>
