<?xml version="1.0" encoding="utf-8"?>
<!--Generated by crowdin.net-->
<resources>
  <string name="wpDifferentCurrency">Conturile pe care le-aţi ales nu au aceiasi moneda!!! Doriti schimbarea valorii = </string>
  <string name="downloading">Se descarcă</string>
  <string name="duplicate">Duplicat</string>
  <string name="wpeditAmount"> Sau puteţi edita valoarea manual.</string>
  <string name="wpEmptyContent">Nu există date de afişat</string>
  <string name="wpEmptySymbol">:(</string>
  <string name="wpEndDateAfterStartDateError">Data de încheiere nu poate fi înaintea datei de începere.</string>
  <string name="wpEnterName">Numele portofelului?</string>
  <string name="wpEnterPass">introduceţi parola</string>
  <string name="exit">Ieşire</string>
  <string name="wpExpenseColor">Culoare pentru cheltuieli</string>
  <string name="wpFeedBackSubject">[W] feedback</string>
  <string name="format">Formatul</string>
  <string name="For">Pentru</string>
  <string name="wpHeaderColor">Culoare antet</string>
  <string name="wpHelpUsTranslate">Ajută-ne să traducem</string>
  <string name="wpIncomeColor">Culoare pentru venituri</string>
  <string name="wpInsertAccountAlert">Vă rugăm să selectaţi cont</string>
  <string name="wpInsertAmountAlert">Vă rugăm să introduceţi câţiva bani</string>
  <string name="wpInsertCategoryAlert">Vă rugăm să alegeţi o categorie</string>
  <string name="wpInsertCategoryLength">Lungimea tipului de categorie trebuie să fie mai mare decât 2 și mai mică decât 30!</string>
  <string name="wpInsertImageAlert">Vă rugăm să alegeţi imagine pictograma</string>
  <string name="wpInsertNameAlert">Vă rugăm să introduceţi numele</string>
  <string name="wpInsertTimeRangeError">Vă rugăm să alegeţi intervalul de timp</string>
  <string name="wpInsertTypeAlert">Vă rugăm să alegeţi tipul de categorie</string>
  <string name="items">Elemente</string>
  <string name="wpLiveFolderError">Nu se poate obţine dosarul Money Lover în SkyDrive. Vă rugăm să încercaţi din nou mai târziu.</string>
  <string name="wpLocationServiceWarning">LocationServiceWarning</string>
  <string name="wpLocationService">Locatie serviciu</string>
  <string name="wpMessage3">Eroare de BNS: Acţiunea este dezactivată</string>
  <string name="Message2">Eroare de BNS: Numărul maxim de ActiuniProgramate de acest tip există deja.</string>
  <string name="wpMessage1">Agenți de fundal pentru aceasta aplicatie s-au dezactivat de utilizator.</string>
  <string name="wpMessage">Mesaj</string>
  <string name="monday">Luni</string>
  <string name="month">Lună</string>
  <string name="name">Nume</string>
  <string name="navigations">Navigaţie</string>
  <string name="wpDeleteNotify">Doriţi să eliminaţi tot?</string>
  <string name="wpNotify7">[Raport]</string>
  <string name="wpNotify6">[Salvare]</string>
  <string name="wpNotify5">Buget {0} este terminat.</string>
  <string name="wpNotify4">Fii atent, bugetul {0} este aproape terminat.</string>
  <string name="wpNotify3_2">Împrumutul {0} este terminat.</string>
  <string name="wpNotify3_1">Datoria {0} este terminată.</string>
  <string name="wpNotify2">Nu a-ţi adăugat nici o  tranzacţie astăzi. Adauga-ţi acum?</string>
  <string name="wpNotify1">Sfaturi</string>
  <string name="wpNotify0">Bine aţi venit la Money Lover pe Windows Phone. De astăzi, vă va ajuta să planificaţi şi să urmăriţi toate cheltuielile, să înregistraţi totul şi să generaţi rapoarte periodice. Succes. </string>
  <string name="notifications">Notificări</string>
  <string name="notification">Notificare</string>
  <string name="wpNoParent">Nici un părinte</string>
  <string name="number">Nu. </string>
  <string name="other">Alte</string>
  <string name="Over">Peste</string>
  <string name="wpOverDue">Întarziere</string>
  <string name="wpOverAmount">Suma virata este mai mare decât câştigul salarial total! Doriţi să editaţi din nou?</string>
  <string name="wpPaidHistory">Istoric Plăţi</string>
  <string name="parent">Părinte</string>
  <string name="wpPasswordProtected">Protejată prin parolă</string>
  <string name="payment">Plată</string>
  <string name="people">Oameni</string>
  <string name="picture">Fotografie</string>
  <string name="wpPinToStart">PIN-ul pentru a începe</string>
  <string name="place">Loc</string>
  <string name="wpPlaceFinder">Căutare locaţie</string>
  <string name="quarter">Trimestru</string>
  <string name="reason">Motivul</string>
  <string name="reload">Reîncărcare</string>
  <string name="wpReminderAddTran">Memento adăugare tranzacţie</string>
  <string name="wpRestartNotify">Trebuie să reporniți această aplicaţie pentru a vedea modificările.</string>
  <string name="wpRestoreMess">Restaurarea bazei de date va înlocui baza de date curentă cu cea selectată. Toate datele vor fi şterse. Sigur doriţi restaurarea bazei de date?</string>
  <string name="wpRestoreComplete">Restaurare finalizată.</string>
  <string name="restore">Restaurare</string>
  <string name="running">Execută</string>
  <string name="wpSamplePlaceSearch">Numeşte locaţiile</string>
  <string name="wpSelectedCategory">Categoria selectată</string>
  <string name="wpSkydriveLogin">Salutare, înainte de a continua vă rugăm să vă autentificaţi in contul dumneavoastră de SkyDrive.</string>
  <string name="sort">Alege</string>
  <string name="wpSpendWith">Petrecut cu</string>
  <string name="start_month">Prima zi a lunii</string>
  <string name="start_week">Prima zi a săptămânii</string>
  <string name="sunday">Duminică</string>
  <string name="sure">Desigur</string>
  <string name="wpSyncDone">Sincronizare finalizată.</string>
  <string name="wpThemeManager">Manager de teme</string>
  <string name="wpThisMonth">Luna aceasta</string>
  <string name="wpThisQuarter">Trimistrul acesta</string>
  <string name="wpThisWeek">În această săptămână</string>
  <string name="wpThisYear">În acest an</string>
  <string name="time_format">Formatul orei</string>
  <string name="wpTimeRange">Intervalul de timp</string>
  <string name="title">Titlu</string>
  <string name="wpToAcount">Contul</string>
  <string name="today">Astăzi</string>
  <string name="tomorrow">Mâine</string>
  <string name="tranfer">Transfer</string>
  <string name="wpTranferFail">Vă rugăm să verificaţi informaţiile din nou! Suma pe care o transferaţi trebuie să fie mai mare decât zero.</string>
  <string name="wpTranferComplete">Transfer complet!</string>
  <string name="wpTransferFrom">Transfer de la:</string>
  <string name="wpTransferMoney">Transfer de bani</string>
  <string name="wpTranferingException">Excepţie transfer</string>
  <string name="wpTransactionInfo">Informaţie tranzacţie</string>
  <string name="tutorial">Tutorial</string>
  <string name="unfinished">Neterminat</string>
  <string name="unit">Unitate</string>
  <string name="wpUploadCompleted">Încărcare completă.</string>
  <string name="uploading">Încărcare</string>
  <string name="wpUploadSkydrive">Încărcaţi  pe SkyDrive</string>
  <string name="wpUseCustomColor">Utilizează culoare particularizată</string>
  <string name="used">Folosit</string>
  <string name="wpViewMode">Modul de vizualizare</string>
  <string name="wpViewOffice">Vezi în Office</string>
  <string name="week">Săptămână</string>
  <string name="wrong">Greşit</string>
  <string name="wpWrongPass">Parolă greşită.</string>
  <string name="year">An</string>
  <string name="yesterday">Ieri</string>
  <string name="wpViewTran">Vezi tranzacţie</string>
  <string name="editDebt">Editare datorie</string>
  <string name="wpTimeAlreadyOver">Timpul ales este deja de trecut.</string>
  <string name="account_all">Toate conturile</string>
  <string name="about_msg_wp">Câştigând bani şi administrându-i nu este acelaşi lucru! Cheltuielile nepăsătoare şi neadministrate sunt o problemă a familiilor din întreaga lume. Money Lover vă va ajuta să planificaţi şi să urmăriţi toate cheltuielile, să înregistraţi totul şi să generaţi rapoarte periodice. Nu este un program complet de contabilitate, dar este folositor pentru administrarea financiară personală sau de familie.</string>
  <string name="clear">Clar</string>
  <string name="day">Ziuă</string>
  <string name="interest_rate">Dobândă</string>
  <string name="string_select_all">Selectaţi-le pe toate</string>
  <string name="settings_alarm_group_title">Alarmă</string>
  <string name="wpAddAccountFirst">Adaugă un portofel întâi!</string>
  <string name="wpATM">ATM</string>
  <string name="wpAdd">Adaugă</string>
  <string name="wpBank">Bancă</string>
  <string name="wpBackupRestore">Copie de rezervă &amp; Restabilire</string>
  <string name="wpBackup">Copie de rezervă</string>
  <string name="wpCannotEditAccount">Nu pot modifica acest cont.</string>
  <string name="wpCannotEditTransaction">Nu pot modifica această tranzacţie.</string>
  <string name="wpConfirmBackCategory">Categoria dumneavoastră nu s-a salvat încă, sigur vreţi să vă întoarceţi?</string>
  <string name="wpConfirmBack">Tranzacţia dumneavoastră nu s-a salvat încă, sigur doriţi să vă intoarceţi?</string>
  <string name="wpConfirmBackBudget">Bugetul dumneavoastră nu s-a salvat încă, sigur doriţi să vă întoarceţi?</string>
  <string name="wpCustomRange">Gama personalizată</string>
  <string name="wpCustomTimeNullError">Timpul ales este invalid. Vă rugăm să alegeţi un interval de timp.</string>
  <string name="wpDayLeft">zi rămasă</string>
  <string name="wpDaysLeft">zile rămase</string>
  <string name="wpDeleteTransaction">Veţi pierde toate datele din această tranzacţie. Doriţi să continuaţi?</string>
  <string name="wpDeletePin">Doriţi să ştergeţi codul pin?</string>
  <string name="wpDeleteBudget">Veţi pierde toate datele din acest buget. Doriţi să continuaţi?</string>
  <string name="wpDeleteAcc">Veţi pierde toate datele din acest cont. Doriţi să continuaţi?</string>
  <string name="wpDeleteCategory">Veţi pierde toate datele din această categorie şi toate tranzacţiile din ea. Doriţi să continuaţi?</string>
  <string name="wpAuto">Auto</string>
  <string name="rate">evaluare</string>
  <string name="wp_warning_addtran_from_pin_message">Tranzacţia a fost adăugată cu succes. Reveniţi la Portofel?</string>
  <string name="navigation_group_policy">Politica de confidenţialitate</string>
  <string name="wpNotify8">Felicitări, actualizarea este completă. Vrei să ştiţi modificările noi versiuni? Vă rugăm să apăsaţi pentru a vedea!</string>
</resources>
