<?xml version="1.0" encoding="utf-8"?>
<!--Generated by crowdin.net-->
<resources>
  <string name="cate_salary">Salariu</string>
  <string name="cate_award">Premiu</string>
  <string name="cate_selling">Vanzare</string>
  <string name="cate_give">Cadou</string>
  <string name="cate_interest">Interese</string>
  <string name="cate_debt">Datorie</string>
  <string name="cate_income_other">Alte</string>
  <string name="cate_food">Alimente &amp; Bautura</string>
  <string name="cate_entertainment">Divertisment</string>
  <string name="cate_travel">Calatorii</string>
  <string name="cate_education">Educatie</string>
  <string name="cate_transport">Transport</string>
  <string name="cate_friend">Prieteni</string>
  <string name="cate_family">Familie</string>
  <string name="cate_medical">Sanatate</string>
  <string name="cate_shopping">Cumparaturi</string>
  <string name="cate_loan">Imprumut</string>
  <string name="cate_invest">Investitii</string>
  <string name="cate_expense_other">Alte</string>
</resources>
