<?xml version="1.0" encoding="utf-8"?>
<!--Generated by crowdin.net-->
<resources>
  <string name="search_over">Peste</string>
  <string name="search_under">Sub</string>
  <string name="search_time_over">Dupa</string>
  <string name="search_time_under">Inainte</string>
  <string name="search_between">Intre</string>
  <string name="search_exact">Exact</string>
  <string name="search_remove">Elimina</string>
  <string name="search_none">Nici unul</string>
  <string name="search_all">Toate</string>
  <string name="search_select">Selectati</string>
  <string name="start">Inceput</string>
  <string name="end">Sfarsit</string>
  <string name="from">De la</string>
  <string name="to">Pana la</string>
  <string-array name="arr_amount">
    <item>@string/search_all</item>
    <item>@string/search_over</item>
    <item>@string/search_under</item>
    <item>@string/search_between</item>
    <item>@string/search_exact</item>
  </string-array>
  <string-array name="arr_type">
    <item>Toate</item>
    <item>Venit</item>
    <item>Cheltuiala</item>
  </string-array>
  <string-array name="arr_time">
    <item>@string/search_all</item>
    <item>@string/search_time_over</item>
    <item>@string/search_time_under</item>
    <item>@string/search_between</item>
    <item>@string/search_exact</item>
  </string-array>
</resources>
