<?xml version="1.0" encoding="utf-8"?>
<!--Generated by crowdin.net-->
<resources>
  <string name="settings_group_display">Afisare</string>
  <string name="settings_group_alarm_title">Alarma</string>
  <string name="settings_group_system">Sistem</string>
  <string name="settings_group_database">Baza de date</string>
  <string name="settings_group_about">Despre</string>
  <string name="settings_select_date_format">Alegeti formatul datei</string>
  <string name="settings_set_first_day_week">Alege prima zi a saptamanii</string>
  <string name="settings_set_first_day_month">Alege prima zi a lunii</string>
  <string name="settings_enable_pin">Activeaza parola</string>
  <string name="settings_connect_dropbox">Conecare cu Dropbox</string>
  <string name="settings_connect_dropbox_connected">Conectat</string>
  <string name="settings_select_language">Alege limba</string>
  <string name="settings_alarm">Aminteste-mi zilnic sa adaug tranzactii</string>
  <string name="settings_auto_check_update">Verificare automata a actualizarilor</string>
  <string name="settings_show_ail_notification_title">Arata notificare \"Adauga mai tarziu\"</string>
  <string name="pref_show_ail_summary">Take photo for reminder first, so you can add transaction later</string>
  <string name="settings_about">Despre Money Lover</string>
  <string name="settings_changes_log_title">Jurnal modificari</string>
  <string name="settings_amount_text_display_title">Amount text display style</string>
  <string name="pref_amount_text_decimal_separator_title">Separator zecimal</string>
  <string name="pref_amount_text_decimal_separator_imperial">1,999.95</string>
  <string name="pref_amount_text_decimal_separator_international">1.999,95</string>
  <string name="pref_amount_text_show_currency_title">Arata valuta</string>
  <string name="pref_amount_text_minus_style_title">Stil pozitiv/negativ</string>
  <string name="pref_amount_text_minus_style_color">Implicit folosind culori</string>
  <string name="pref_amount_text_minus_style_sign">Cu semn +/-</string>
  <string name="pref_amount_text_minus_style_bracket">Cu semn ( )</string>
  <string name="pref_amount_text_shorten_title">Prescurteaza valoarea</string>
  <string name="pref_using_location">Folosind localizare</string>
  <string name="settings_reset_data">Resetare date</string>
  <string name="auto_backup_no">Fara backup automat</string>
  <string name="auto_backup">Backup automat</string>
  <string name="auto_backup_every_day">In fiecare zi</string>
  <string name="auto_backup_every_week">In fiecare saptamana</string>
  <string name="auto_backup_every_month">In fiecare luna</string>
  <string name="auto_backup_every_year">In fiecare an</string>
  <string name="auto_backup_test">2 phút</string>
  <string name="settings_quick_add_notification_title"></string>
  <string-array name="first_day_of_week_display">
    <item>Duminica</item>
    <item>Luni</item>
    <item>Marti</item>
    <item>Miercuri</item>
    <item>Joi</item>
    <item>Vineri</item>
    <item>Sambata</item>
  </string-array>
  <string-array name="first_day_of_month_display">
    <item>1</item>
    <item>2</item>
    <item>3</item>
    <item>4</item>
    <item>5</item>
    <item>6</item>
    <item>7</item>
    <item>8</item>
    <item>9</item>
    <item>10</item>
    <item>11</item>
    <item>12</item>
    <item>13</item>
    <item>14</item>
    <item>15</item>
    <item>16</item>
    <item>17</item>
    <item>18</item>
    <item>19</item>
    <item>20</item>
    <item>21</item>
    <item>22</item>
    <item>23</item>
    <item>24</item>
    <item>25</item>
    <item>26</item>
    <item>27</item>
    <item>28</item>
  </string-array>
  <string-array name="alarm_time_display">
    <item>17:00</item>
    <item>18:00</item>
    <item>19:00</item>
    <item>20:00</item>
    <item>21:00</item>
    <item>22:00</item>
    <item>23:00</item>
    <item>Fara alarma</item>
  </string-array>
  <string-array name="auto_backup_repeat">
    <item>@string/auto_backup_every_day</item>
    <item>@string/auto_backup_every_week</item>
    <item>@string/auto_backup_every_month</item>
    <item>@string/auto_backup_every_year</item>
    <item>@string/auto_backup_no</item>
  </string-array>
</resources>
