<?xml version="1.0" encoding="utf-8"?>
<!--Generated by crowdin.net-->
<resources>
  <string name="AGO">passado</string>
  <string name="DAY">um dia</string>
  <string name="DAYS">%1$s dias</string>
  <string name="HOUR">cerca de uma hora</string>
  <string name="HOURS">%1$s horas</string>
  <string name="MINUTE">cerca de um minuto</string>
  <string name="MINUTES">%1$s minutos</string>
  <string name="MONTH">cerca de um mês</string>
  <string name="MONTHS">%1$s meses</string>
  <string name="SECONDS">menos de um minuto</string>
  <string name="SUFFIX_FROM_NOW">a partir de agora</string>
  <string name="YEAR">cerca de um ano</string>
  <string name="YEARS">%1$s anos</string>
</resources>
