<?xml version="1.0" encoding="utf-8"?>
<!--Generated by crowdin.net-->
<resources>
  <string name="account">Conta</string>
  <string name="amount">Valor</string>
  <string name="budget">Orçamento</string>
  <string name="event_title">Evento</string>
  <string name="category">Categoria</string>
  <string name="earned_from">Ganhado de</string>
  <string name="end_date">Data de término</string>
  <string name="expense">Despesa</string>
  <string name="goto_today">Ir para hoje</string>
  <string name="goto_thismonth">Ir para este mês</string>
  <string name="income">Receita</string>
  <string name="migrate">Migrar</string>
  <string name="select_category">Selecione a categoria</string>
  <string name="spent_on">Gasto em</string>
  <string name="start_date">Data de início</string>
  <string name="time">Período</string>
  <string name="time_range">%1$s - %2$s</string>
  <string name="loading_more">Carregar mais...</string>
  <string name="goal">Objetivo</string>
  <string name="edit">Edit</string>
  <string name="saved">Salvo</string>
  <string name="search_go">Ir</string>
  <string name="buy_app">ir para Premium</string>
  <string name="undobar_message">%1$s foi apagado</string>
  <string name="backup_share">Share</string>
  <string name="version">Versão %1$s</string>
  <string name="loading">Carregando, por favor aguarde...</string>
  <string name="total">Total</string>
  <string name="splashscreen_create_account">Criar a primeira carteira</string>
  <string name="splash_screen_use_cloud">Go cloud (Coming soon)</string>
  <string name="splash_screen_use_cloud_info">Sync and Share transactions with easy</string>
  <string name="splash_screen_use_right_away">For this device only</string>
  <string name="splash_screen_use_right_away_info">Right away!</string>
  <string name="welcome_message_title">How do you want to use?</string>
  <string name="welcome_message">You can change your mind at any time later</string>
  <string name="login_hint_email">Email</string>
  <string name="login_hint_password">Senha</string>
  <string name="login_facebook">Login com Facebook</string>
  <string name="login_money_lover">Faça o login com a conta de Money Lover</string>
  <string name="login_title">Login</string>
  <string name="register_title">Registre-se</string>
  <string name="register_register">Registre-se</string>
  <string name="cashbook_earning">Ganho</string>
  <string name="cashbook_spending">Gasto</string>
  <string name="cashbook_all_transactions">Todas as transações</string>
  <string name="cashbook_delete_transaction_message">Você quer apagar esta transação?</string>
  <string name="cashbook_left">%1$s deixado</string>
  <string name="cashbook_no_data_guide">Toque no botão %1$s abaixo para adicionar alguns</string>
  <string name="cashbook_no_data_swipe_down">Deslize para baixo e</string>
  <string name="cashbook_no_data_faq_tip">Muito difícil de usar? Toque em %1$s para obter suporte</string>
  <string name="cashbook_no_data_earning">Sem ganhos</string>
  <string name="cashbook_no_data_spending">Sem gastos</string>
  <string name="cashbook_no_data">Nenhuma transação</string>
  <string name="cashbook_selected_account_not_existed">A carteira selecionada não existe, você será direcionado para a carteira de padrão.</string>
  <string name="cashbook_contentdescription_help_support">Ajuda &amp; suporte</string>
  <string name="cashbook_contentdescription_select_time_range_to_view">Selecione o modo de exibição</string>
  <string name="cashbook_contentdescription_delete_transaction">Apagar transação</string>
  <string name="cashbook_contentdescription_sort_transaction">Ordenar transações</string>
  <string name="cashbook_contentdescription_search_transaction">Procurar por transação</string>
  <string name="cashbook_contentdescription_viewmode_transaction">Ver por transação</string>
  <string name="cashbook_contentdescription_viewmode_category">Ver por categoria</string>
  <string name="cashbook_contentdescription_transfer_money">Transferir dinheiro</string>
  <string name="with_person">com %1$s</string>
  <string name="with_two_person">com %1$s e %2$s</string>
  <string name="with_many_person">com %1$s e mais %2$s pessoas</string>
  <string name="press_back_one_more_time_to_exit">Pressione o botão de voltar novamente para sair</string>
  <string name="paid">Reembolso</string>
  <string name="cashbook_cashback_info">para %1$s</string>
  <string name="add_transaction_amount_friendly_title">Quanto?</string>
  <string name="add_transaction_title_add">Adicionar transação</string>
  <string name="add_transaction_title_edit">Editar transação</string>
  <string name="add_transaction_title_view">Detalhes da transação</string>
  <string name="add_transaction_note_title_normal">Nota</string>
  <string name="add_transaction_note_hint">Vazio</string>
  <string name="add_transaction_cancel_adding">Deseja descartar esta transação</string>
  <string name="add_transaction_discard_edit">Deseja descartar as alterações desta transação</string>
  <string name="add_transaction_account_alert_currency_change">A moeda do valor inserido será alterada de %1$s para %2$s. Tem certeza de que quer processar?</string>
  <string name="add_transaction_account_alert_currency_change_start">A moeda do valor inserido será alterada de</string>
  <string name="add_transaction_account_alert_currency_change_middle">para</string>
  <string name="add_transaction_account_alert_currency_change_end">Tem certeza de que quer processar?</string>
  <string name="add_transaction_add_success">Transação adicionada corretamente!</string>
  <string name="add_transaction_category_hint">Selecione um</string>
  <string name="add_transaction_with_title">Com?</string>
  <string name="add_transaction_with_hint">por exemplo, Jon Snow, Arya Stark…</string>
  <string name="add_transaction_reminder_empty">Não lembrar</string>
  <string name="add_transaction_subtransaction_title">Reembolso</string>
  <string name="add_transaction_timecreated_title">Data</string>
  <string name="add_transaction_reminder_title">Lembrete</string>
  <string name="add_transaction_error_amount">Você deve preencher o campo de quantia</string>
  <string name="add_transaction_error_category">Você deve selecionar a categoria de gastos/ganhos</string>
  <string name="debtor">Devedor</string>
  <string name="lender">Credor</string>
  <string name="for_reason">Para %1$s</string>
  <string name="someone">Alguém</string>
  <string name="someone_hint">Alguém</string>
  <string name="add_transaction_note_spend_from_saving">Gasto do plano de poupança %1$s</string>
  <string name="add_transaction_no_category_found">Sem correspondências</string>
  <string name="warning_big_amount_message">O valor de transação parece ser grande demais. Tem certeza que está correto?</string>
  <string name="warning_big_amount_dont_show_again">Não mostrar novamente</string>
  <string name="im_wrong">Estou errado</string>
  <string name="add_note">Escrever nota</string>
  <string name="set_reminder_remove_reminder">Desativar</string>
  <string name="convert_currency_title_dialog">Insira outra moeda</string>
  <string name="convert_currency_message_convert_complete">Converter para</string>
  <string name="convert_currency_message_convert_error">Erro de conversão</string>
  <string name="convert_currency_message_converting">Convertendo..</string>
  <string name="edit_transaction_confirm_change_category_for_debtloan">Tem certeza que quer mudar de categoria? Serão removidas todas as suas transações do histórico.</string>
  <string name="edit_transaction_mark_remove">Será apagado</string>
  <string name="edit_transaction_mark_remove_message">Todas as subtransações desta transação serão excluídas</string>
  <string name="delete_sub_transaction">Apagar esta transação</string>
  <string name="sub_transaction_title">Histórico de reembolsos</string>
  <string name="quick_add_transaction_dialog_title">Nova transação</string>
  <string name="quick_add_notification_ticker">Pronto para adicionar nova transação</string>
  <string name="quick_add_transaction_title">Adicionar para %1$s</string>
  <string name="quick_add_transaction_notification_text">Toque para ir para a carteira</string>
  <string name="add_account_title_add">Adicionar a carteira</string>
  <string name="add_account_title_edit">Editar a carteira</string>
  <string name="add_account_name_title">Nome</string>
  <string name="add_account_currency_title">Moeda</string>
  <string name="add_account_start_balance_title">Saldo inicial</string>
  <string name="add_account_error_accountname_exists">Este nome de carteira já existe.</string>
  <string name="add_account_error_accountname_length_invalid">Nome da carteira deve ter entre %1$s a %2$s caracteres.</string>
  <string name="add_account_discard_changed">Você quer descartar todas as alterações feitas para esta carteira?</string>
  <string name="add_account_note_for_initial_balance">Saldo inicial</string>
  <string name="add_account_shortcut_title">Adicionar atalho na tela inicial</string>
  <string name="add_account_shortcut_success">Atalho criado com sucesso</string>
  <string name="account_manager_title">Gerenciador de carteira</string>
  <string name="account_manager_confirm_delete_account">Você quer apagar a carteira %1$s?</string>
  <string name="time_picker_dialog_title">Escolher a hora</string>
  <string name="navigation_cashbook">Transactions</string>
  <string name="navigation_budget">Orçamentos</string>
  <string name="navigation_campaign">Poupanças</string>
  <string name="navigation_event">Eventos</string>
  <string name="navigation_category_manager">Categorias</string>
  <string name="navigation_statistic">Estatística</string>
  <string name="navigation_settings">Configurações</string>
  <string name="navigation_feedback">Feedback</string>
  <string name="navigation_debt_manager">Dívidas</string>
  <string name="navigation_tools">Ferramentas</string>
  <string name="navigation_about">Sobre</string>
  <string name="navigation_sync">Sincronização</string>
  <string name="navigation_logout">Logout</string>
  <string name="navigation_login">Go Cloud</string>
  <string name="navigation_database">Banco de dados</string>
  <string name="navigation_copyright">© 2013 ZooStudio. Todos os direitos reservados.</string>
  <string name="tools_interest_rate">Taxa de juros</string>
  <string name="tools_export_csv">Exportar para CSV</string>
  <string name="tools_export_excel">Exportação para Excel</string>
  <string name="tools_tip_calculator">Calculadora</string>
  <string name="tools_find_atm">Localizador de caixa eletrônico</string>
  <string name="tools_find_bank">Localizador de Bancos</string>
  <string name="tools_install_app">Instalar a ferramenta</string>
  <string name="tools_install_app_message">Você quer instalar o &lt;b&gt;%1$s&lt;/b&gt;  pelo Google Play Store?</string>
  <string name="statistic_monthly_report">Relatório mensal</string>
  <string name="bank_finder">Localizar Agência</string>
  <string name="bank_finder_hint">por exemplo, HSBC, Standard Chartered…</string>
  <string name="bank_finder_input_bank_name">Digite o nome do banco</string>
  <string name="open_file">Abrir arquivo</string>
  <string name="export_fail">Desculpe, o processo de exportação, encontrou um erro e não pode continuar</string>
  <string name="export_success">Exportado com sucesso</string>
  <string name="select_account">Selecionar carteira</string>
  <string name="export_csv">Exportar para CSV</string>
  <string name="export_excel">Exportar para o EXCEL</string>
  <string name="attach_to_email">Anexar ao e-mail</string>
  <string name="delimiter">Delimitador</string>
  <string name="atm_finder">Localizador de ATM</string>
  <string name="change">Alterar</string>
  <string name="send_mail">Enviar e-mail</string>
  <string name="contact_me">Entre em contato</string>
  <string name="about_thanks">&lt;b&gt;Special thanks to&lt;/b&gt;&lt;br /&gt;
        Andreas Krings, Jake Wharton, Jeremy Feinstein, Roman Nurik, Simon Vig Therkildsen, Soarcn, Tjerk
        Wolterink for their awesome libraries.&lt;br /&gt;
        Brankic1979 and Nick Frost for their beautiful icon packs.&lt;br /&gt;
        And all our volunteers who help us on translating Money Lover to many other languages.</string>
  <string name="about_developed">por ZooStudio</string>
  <string name="about_view_profile_facebook">Visite nosso perfil</string>
  <string name="budget_overspent">Ultrapassado</string>
  <string name="budget_finished">Finalizado</string>
  <string name="budget_spent">Gasto</string>
  <string name="budget_all_category">Todas as categorias</string>
  <string name="create_budget_title_add">Adicionar orçamento</string>
  <string name="create_budget_title_edit">Editar orçamento</string>
  <string name="create_budget_create_for">Adicionar para</string>
  <string name="create_budget_time_range">Intervalo de tempo</string>
  <string name="budget_detail_delete_confirm_message">Do you want to delete this budget?</string>
  <string name="create_budget_message_select_day_error">End date must be after start date</string>
  <string name="create_budget_message_duplicate_DB">Budget for this time was created, do you want to override old one?</string>
  <string name="create_budget_message_warning_enter_amount">Budget amount less than 0!</string>
  <string name="create_budget_message_error_category">You must select category</string>
  <string name="create_budget_message_error_time">You must select time for budget</string>
  <string name="budget_overview_monthly">Monthly budget plan</string>
  <string name="budget_overview_custom">Custom budget plans</string>
  <string name="budget_overview_no_data_guide">Tap the %1$s button above to add new budget plan</string>
  <string name="budget_detail_category">%1$s budget</string>
  <string name="budget_detail_account_detail_emptyview_message">Tap to add budget</string>
  <string name="budget_detail_list_transactions_title">Transactions list</string>
  <string name="clear_template">Clear template</string>
  <string name="budget_template">Template</string>
  <string name="dialog_enter_amount_title">Enter amount</string>
  <string name="security_pin_title_create">Set password</string>
  <string name="security_pin_title_confirm">Confirm password</string>
  <string name="security_pin_title_open">Digite a senha</string>
  <string name="security_pin_message_remove">desabilitar o modo de segurança por senha</string>
  <string name="security_pin_title_wrong_password">Senha errada!</string>
  <string name="security_pin_message_try_again">Tente novamente</string>
  <string name="is_latest_version">Sua versão é a mais recente.</string>
  <string name="update">Atualizar</string>
  <string name="has_new_version">\"Existe uma versão mais recente do Money Lover,
		atualize.\"</string>
  <string name="no_internet">\"A conexão de internet parece estar desativada. Por
		favor, tente de novo.\"</string>
  <string name="check_update">Verificar atualizações</string>
  <string name="thanks_feedback">Obrigado pelo seu feedback.</string>
  <string name="add_sub_transaction_input_more_than_left">Quantidade digitada é maior do que a quantidade não paga</string>
  <string name="warning">Aviso</string>
  <string name="process">Processing…</string>
  <string name="error_no_google_map">Por favor, instale o Google Maps para usar o recurso</string>
  <string name="set">definir</string>
  <string name="category_manager_title">Gerenciar categoria</string>
  <string name="category_manager_notice_cannot_edit_default_category">Não é possível editar a categoria especial</string>
  <string name="category_manager_confirm_delete_category">Você quer apagar a categoria %1$s? Todas as transações que pertencem a esta categoria também será apagada.</string>
  <string name="category_manager_delete_success_message">A categoria %1$s foi apagada</string>
  <string name="create_category_title">Nova categoria</string>
  <string name="edit_category_title">Editar Categoria</string>
  <string name="create_category_name_title">Nome</string>
  <string name="create_category_select_icon_title">Ícone</string>
  <string name="create_category_default_parent_category">Eu sou o principal</string>
  <string name="create_category_parent_category">Categoria principal</string>
  <string name="create_category_hint_name_review">Category Name</string>
  <string name="create_category_message_duplicate_DB">Esta categoria já existe</string>
  <string name="create_category_select_type_error">Você deve escolher o tipo de categoria</string>
  <string name="create_category_input_name_error">Vamos introduzir o nome da sua categoria</string>
  <string name="create_category_select_icon_error">Não se esqueça do ícone para a categoria</string>
  <string name="select_parent_category_title">Selecione a categoria principal</string>
  <string name="message_transfer_successful">Transferência bem sucedida!</string>
  <string name="title_dialog_transfer">De %1$s</string>
  <string name="back">Voltar</string>
  <string name="message_currency_error">Você quer mudar de %1$s para %2$s?</string>
  <string name="note_income_transfer">Recebido de %1$s</string>
  <string name="message_amount_zero">Quantidade de transferência deve ser maior que 0</string>
  <string name="default_note_transfer">Transferido para %1$s</string>
  <string name="monthly_report_start_balance">Saldo Inicial</string>
  <string name="monthly_report_this_month_balance">Net Income</string>
  <string name="monthly_report_end_balance">Saldo final</string>
  <string name="monthly_report_compare_to_previous_month">Comparação mensal</string>
  <string name="monthly_report_largest_expense">Maior despesa</string>
  <string name="monthly_report_expense_by_category">Despesas por categoria</string>
  <string name="monthly_report_nodata">Nenhum relatório para este mês</string>
  <string name="monthly_report_nodata_guide">Relatórios mensais serão exibidos automaticamente depois que um novo mês tenha começado</string>
  <string name="search_result">Resultados da pesquisa</string>
  <string name="type">Tipo</string>
  <string name="with">com</string>
  <string name="select_time">Selecione a hora</string>
  <string name="notification_center_message_empty_notification">Nenhuma notificação</string>
  <string name="notification_center_title">Centro de notificação</string>
  <string name="notification_center_delete_read_notifications">Delete read messages</string>
  <string name="notification_center_mark_all_as_read">Mark all as read</string>
  <string name="debt_manager_title">Debts</string>
  <string name="debt_wallet">Payable</string>
  <string name="loan_wallet">Receivable</string>
  <string name="now">Unpaid</string>
  <string name="past">Paid</string>
  <string name="note_transaction_saving">Withdraw from saving %1$s</string>
  <string name="saving_overview_title">Savings</string>
  <string name="saving_overview_deposit">Deposit</string>
  <string name="saving_overview_need">Need</string>
  <string name="saving_overview_spend">Spend</string>
  <string name="saving_overview_withdraw">Withdraw</string>
  <string name="saving_deposit">Deposit to saving plan %1$s</string>
  <string name="saving_withdraw_default_note">Withdraw from saving plan %1$s</string>
  <string name="saving_overview_no_data_guide">Tap the %1$s button above to add new saving plan</string>
  <string name="saving_menu_deposit">Deposit</string>
  <string name="saving_menu_withdraw">Withdraw</string>
  <string name="saving_menu_spendon">Spend on…</string>
  <string name="saving_add_title">Add saving</string>
  <string name="saving_edit_title">Edit saving</string>
  <string name="saving_add_name_title">Name</string>
  <string name="saving_add_start_amount">Start amount</string>
  <string name="saving_add_success">Created new saving campaign</string>
  <string name="saving_add_error_goal_amount">You must input goal amount!</string>
  <string name="saving_add_error_name">You must input name saving campaign!</string>
  <string name="saving_add_error_icon">You must choose icon!</string>
  <string name="saving_add_cancel_adding">Do you want to dismiss this saving?</string>
  <string name="saving_add_discard_edit">Do you want to discard changes to this saving?</string>
  <string name="dialog_select_event_remove">Clear event</string>
  <string name="event_add_title">Add event</string>
  <string name="event_edit_title">Edit event</string>
  <string name="event_input_name_error">A Poupança para Evento deve ter um nome</string>
  <string name="event_select_icon_error">Don\'t forget icon for event</string>
  <string name="event_overview_view_transactions">Transactions</string>
  <string name="event_overview_deposit">Deposit</string>
  <string name="event_overview_withdraw">Withdraw</string>
  <string name="event_overview_deposited">Deposited</string>
  <string name="event_overview_finish">Finish</string>
  <string name="event_overview_no_data_guide">Tap the %1$s button above to add new event plan</string>
  <string name="event_menu_mark_as_finished">Mark as finished</string>
  <string name="event_menu_mark_as_unfinish">Mark as unfinished</string>
  <string name="interest_rate_title">Taxa de juros</string>
  <string name="interest_rate">Taxa de juros</string>
  <string name="time_from">Tempo de duração</string>
  <string name="select_type_interest">Tipo de interesse</string>
  <string name="date_to_invalid">Data obrigatória após a data de </string>
  <string name="amount_empty">Por favor, insira o valor de quantidade</string>
  <string name="time_mode_interest">Modo de tempo</string>
  <string name="rate_empty">Por favor, digite o valor da taxa</string>
  <string name="time_empty">Por favor, escolha o valor do tempo</string>
  <string name="interest">Juros</string>
  <string name="number_of_period">Número de períodos</string>
  <string name="total_amount">Valor total</string>
  <string name="interest_result">Resultado</string>
  <string name="total_people">com %d pessoas</string>
  <string name="percent_tip">Dica de %1$s%%</string>
  <string name="total_pay">Pagamento total</string>
  <string name="total_tip">Dica total</string>
  <string name="total_tip_person">Dica total pessoal</string>
  <string name="total_per_person">Total por pessoa</string>
  <string name="note_it">Observe isso</string>
  <string name="no_tip">nenhuma dica</string>
  <string name="more_people">Número de pessoas</string>
  <string name="more_tip">Porcentagem de dica</string>
  <string name="calculate">Calcular</string>
  <string name="change_review">%1$s%% é melhor que, &lt;b&gt;mudar?&lt;/b&gt;</string>
  <string name="empty_amount">Quantidade está vazia</string>
  <string name="inapp_purchase">Opções Premium</string>
  <string name="message_purchase_error">Erro na compra</string>
  <string name="message_purchase_success">Purchase successfully. Restart application to apply changes.</string>
  <string name="purchase_bought">You bought this</string>
  <string name="reset_app_to_change">Restart application to apply changes</string>
  <string name="purchase_buy_all_title">Go Premium</string>
  <string name="purchase_buy_all_text">Have more than one wallet, budget plan, saving plan, event plan.\nNo more advertisement!</string>
  <string name="purchase_buy_ads_title">Remove ads</string>
  <string name="purchase_buy_ads_text">Enjoy the basic Money Lover with no more advertisement!</string>
  <string name="purchase_input_premium_code_text">If you have license code or promote code</string>
  <string name="purchase_notice_buy_features">Free version can add one budget, one saving, one event only, and cannot use all features. Please go premium to create unlimited budgets, savings, events and access to all features</string>
  <string name="premium_code">Enter code</string>
  <string name="license_code_not_correct">License code is not correct</string>
  <string name="license_code_success">License code is valid. You\'re now be able to access all features in %1$s</string>
  <string name="widget_select_account_empty">You need a wallet before creating widget</string>
  <string name="widget_simple_light_name">Simple widget light</string>
  <string name="widget_select_account_title">Select wallet</string>
  <string name="ail_message_empty_image">No photos left</string>
  <string name="ail_guide_1">You take a photo of something</string>
  <string name="ail_guide_2">So you can add transaction about it later</string>
  <string name="migrate_dialog_message">Money Lover is going to transfer your data from old version to new one. Do you want to continue?</string>
  <string name="migrate_dialog_notice">Notice</string>
  <string name="migrate_dialog_disabled_function">In this version, billing feature was disabled temporary although your bill data still will be transferred.</string>
  <string name="migrate_dialog_cancel_message">If you change your mind later, you still can select migrate in %1$s. But all your new data from now on to that moment will lose permanently.</string>
  <string name="migrate_processing_transfer_currencies">Transferring currencies</string>
  <string name="migrate_processing_transfer_accounts">Transferring and converting old accounts into wallets</string>
  <string name="migrate_processing_transfer_master_categories">Transferring master categories</string>
  <string name="migrate_processing_transfer_categories">Transferring categories</string>
  <string name="migrate_processing_transfer_transactions">Transferring transactions</string>
  <string name="migrate_processing_transfer_tagged_people">Transferring tagged people</string>
  <string name="migrate_processing_transfer_sub_transactions">Transferring sub transactions</string>
  <string name="migrate_processing_transfer_interests">Transferring interests</string>
  <string name="migrate_processing_transfer_bills">Transferring bills</string>
  <string name="migrate_processing_transfer_budgets">Transferring budgets</string>
  <string name="migrate_processing_transfer_campaigns">Transferring campaigns</string>
  <string name="restore_title">Restore data</string>
  <string name="restore_message_successful">Import successfully!</string>
  <string name="restore_message_error">An error has occurred when importing data</string>
  <string name="restore_loading_file_from_dropbox">Loading file from Dropbox…</string>
  <string name="restore_connect_dropbox">Connect with Dropbox</string>
  <string name="restore_message">Select one file below to restore data from</string>
  <string name="restore_message_edit">Select file to delete</string>
  <string name="restore_empty_file">No files</string>
  <string name="restore_disconnect_dropbox">Unlink Dropbox</string>
  <string name="restore_disconnect_dropbox_confirm">Do you really want to unlink Dropbox?</string>
  <string name="backup_title">Backup data</string>
  <string name="backup_file_name">Backup to file</string>
  <string name="backup_notice_about_file_ext">From this version, we use the new file extension &lt;b&gt;.mlx&lt;/b&gt; , but you still can import both .money and .mlx file into %1$s</string>
  <string name="backup_success_message">Backup successfully</string>
  <string name="backup_fail_message">Backup failed</string>
  <string name="navigation_group_support">Support</string>
  <string name="navigation_group_setting">Setting</string>
  <string name="navigation_group_plans">Planning</string>
  <string name="navigation_group_others">Others</string>
  <string name="navigation_group_tools">Tools</string>
  <string name="widget_account_was_deleted">Wallet was deleted</string>
  <string name="tools_install_go_to_playstore">Go to Play Store</string>
  <string name="tools_shopping_lover_intro">This application is built on the habits of shoppers. It increases the efficiency and speed of your shopping experience, and also prevents any unnecessary mistakes.</string>
  <string name="tools_exchanger_intro">Exchanger is a simple way to convert currency in mobile.&lt;br /&gt;
		- Nice design with flat design&lt;br /&gt;
		- 100+ world currencies&lt;br /&gt;
		- Convert multi-currencies in one time&lt;br /&gt;
		- Offline mode (do not need network).</string>
  <string name="rate_app_dont_show_again">Don\'t show Rate App notification again</string>
  <string name="rate_app_dont_show_again_short">Don\'t show again</string>
  <string name="rate_app_config_title">Rate app setting</string>
  <string name="delete">Delete</string>
  <string name="restore_delete_message">Do you want to delete these files permanently?</string>
  <string name="restore_message_confirm">Do you want to restore data from file %1$s? All your current data will be deleted!</string>
  <string name="restore_autobackup_fail">Auto backup failed. Restore process cannot continue.</string>
  <string name="deleting">Deleting…</string>
  <string name="purchase_error_unknown">An unknown error has appeared.</string>
  <string name="purchase_please_wait_until_data_is_loaded">Please wait until data is loaded.</string>
  <string name="announce_update_lost_data_message">&lt;p&gt;We are upgrading Money Lover into new version and migrating your data from the old one to the new one. During the process, you may experience some losses of data, sometimes, unfortunately, all of them. &lt;/p&gt;&lt;p&gt;&lt;b&gt;Technically, your data is still there as we will not delete them if the migrate process goes wrong.&lt;/b&gt;&lt;/p&gt;&lt;p&gt; If you find yourself into this situation, please contact us and we will help you find your data back.&lt;/p&gt;</string>
  <string name="announce_update_lost_data_message_title">About losing data after update</string>
  <string name="cannot_find_my_language">More languages?</string>
  <string name="feedback_language_text">Hello,\nI would like to translate the following languages:\n</string>
  <string name="feedback_language_subject">[LANG] FEEDBACK FOR LANGUAGE</string>
  <string name="message_more_languages">We\'re working on translating new version of Money Lover into other languages but this process can take a while, so we really need help from our users to speed it up.</string>
  <string name="message_more_languages_help">Please help us if you can translate from English to other languages. You can contact us for further information.</string>
  <string name="languagehelp_ok">Yes, I\'ll help!</string>
  <string name="languagehelp_cancel">No, maybe later :(</string>
  <string name="languagehelp_title">Help Translation</string>
  <string name="changes_log_title">Changelogs</string>
  <string name="restore_menu_show_auto_backup">Show auto backup files</string>
  <string name="restore_menu_hide_auto_backup">Hide auto backup files</string>
  <string name="restore_menu_edit">Select files</string>
  <string name="title_view_web">Web Display</string>
  <string name="title_notification_web">Connecting web client</string>
  <string name="turn_on_web">Turn on server</string>
  <string name="turn_off_web">Turn off server</string>
  <string name="tab_to_turn_off_web">Tap to turn off web</string>
  <string name="budget_detail_error_budget_not_exists">This budget no longer exist</string>
  <string name="new_expense_category">New expense category</string>
  <string name="new_income_category">New income category</string>
  <string name="turn_on_wifi">Turn on wifi first</string>
  <string name="server_off">Server off</string>
  <string name="access_link">%1$s</string>
  <string name="previous_web">Previous</string>
  <string name="next_web">Next</string>
  <string name="webdisplay_status_title">Status</string>
  <string name="webdisplay_menu_help">Help</string>
  <string name="webdisplay_menu_advance">Advanced options</string>
  <string name="add_web">Add</string>
  <string name="cashback_loan_info">from %1$s</string>
  <string name="webdisplay_turning_on">Turning on…</string>
  <string name="webdisplay_turned_on">Turn off</string>
  <string name="webdisplay_turning_off">Turning off…</string>
  <string name="webdisplay_turned_off">Turn on</string>
  <string name="set_as_start_date">Set as start date</string>
  <string name="set_as_end_date">Set as end date</string>
  <string name="webdisplay_warning_port_over">Port must have range from %1$s to %2$s</string>
  <string name="webdisplay_warning_port_web">This port is duplicated with %1$s</string>
  <string name="webdisplay_will_change_port">Port will be changed after turning on service again.</string>
  <string name="webdisplay_open_web_browser">Open this address in web browser</string>
  <string name="webdisplay_warning_port_exist">This port has been taken over by another service. Please select another port.</string>
  <string name="webdisplay_change_port">Change port</string>
  <string name="webdisplay_web_actions">Actions</string>
  <string name="webdisplay_web_feedback_support">Feedback \u0026 Support</string>
  <string name="webdisplay_web_add_more">Add more</string>
  <string name="reset_data_message">Do you want to reset all data? All data such as wallets, transactions, budgets, savings or events will be removed. This action CAN NOT be undone.</string>
  <string name="upload_to_dropbox_success">Uploaded to DropBox</string>
  <string name="message_large_spend_amount">Inputted amount must be smaller than current saved amount.</string>
  <string name="message_error_select_parent_cate">Can not select itself as parent</string>
  <string name="translated_by">Translated by %1$s</string>
  <string name="add_transaction_with_suggestion">You can add people who is not in contact by adding a comma ( , ) after their name.</string>
  <string name="msg_add_transaction_first">Do you want to add the very first transaction now?</string>
  <string name="global">Global</string>
  <string name="notification_bank_sms_title">Your %1$s wallet change %2$s</string>
  <string name="custom_range_cashbook">Custom</string>
  <string name="navigation_travel_mode">Travel Mode</string>
  <string name="select_event_title">Select event</string>
  <string name="travel_mode_description">In travel mode, you can select a running event to be auto selected each time you create a transaction.</string>
  <string name="travel_mode_activated_message">Travel mode is on. Happy travelling!</string>
  <string name="travel_mode_turn_off_message">Do you want to turn Travel Mode off?</string>
  <string name="travel_mode_quick_add_notification">Add to event %1$s</string>
  <string name="travel_mode_turned_off_message">Travel mode is off</string>
  <string name="purchase_description">Each purchase is valid for only 100 years.</string>
  <string name="backup_select_one">Select one</string>
  <string name="repeat_transaction_mode_month_same_days">on %1$s each month</string>
  <string name="repeat_transaction_mode_month_this_day">on every %1$s %2$s of month</string>
  <string name="repeat_transaction_times_duration_for_a_number_of_event_shorted">For</string>
  <string name="repeat_transaction_manager">Recurring Transactions</string>
  <string name="recent_transaction_no_transactions">No recent transactions</string>
  <string name="repeat_transaction_next_repeat">Next repeat</string>
  <string name="repeat_transaction_need_specify_repeat">You need to specify repeat options</string>
  <string name="recent_transaction_dialog_list_title">Recent transaction</string>
  <string name="repeat_transaction_message_confirm_delete_template">Do you want to delete this template?</string>
  <string name="repeat_transaction_no_template">There is no repeat templates</string>
  <string name="repeat_transaction_no_repeat">No repeat</string>
  <string name="repeat_transaction_next_repeat_at">Next repeat at %1$s</string>
  <string name="share_need_to_download_before_sharing">This file will be downloaded from DropBox before being shared</string>
  <string name="repeat_transaction_add_template">Add recurring transaction</string>
  <string name="repeat_transaction_edit_template">Edit recurring transaction</string>
  <string name="recent_transaction_show_when_add_transaction">Show this dialog automatically when add transaction</string>
  <string name="message_login_now">After enter promotion code, you could create an Money Lover account to link your account with your Premium status. If you have another device, login Money Lover with your account so Premium status in that device will be automatically activated.</string>
  <string name="recent_transaction_dialog_description">You can import transaction data from these previous ones</string>
  <string name="repeat_transaction_every">Every</string>
  <string name="repeat_transaction_from">From</string>
  <string name="repeat_transaction_at">at</string>
  <string name="repeat_transaction_times">times</string>
  <string name="event_delete_message">Do you want to delete this event?</string>
  <string name="saving_delete_message">Do you want to delete this saving?</string>
  <string name="budget_delete_message">Do you want to delete this budget?</string>
  <string name="transaction_detail_cashback_left">Left</string>
  <string name="transaction_detail_cashback_paid">Paid</string>
  <string name="add_account_error_message_no_currency">Please select one currency for your wallet</string>
  <string name="store_download_fail">Can not download icon at this moment</string>
  <string name="dialog_turn_on_location_service">Do you want turn on location service?</string>
  <string name="set_icon_default_tab">Default</string>
  <string name="set_icon_tab_sdcard">Downloaded</string>
  <string name="set_icon_more_tab">More icon</string>
  <string name="store_preview_icon">Preview</string>
  <string name="store_buy_icon">Buy</string>
  <string name="store_icon_title">Icon Store</string>
  <string name="store_purchase_preview">Preview</string>
  <string name="download">Download</string>
  <string name="do_not_show_again">Don\'t show again</string>
  <string name="new_icon_packs_are_available">Two new icon packs are available for using for category, event and saving. You can create a new category to see them right now!</string>
  <string name="dialog_share_account">Share wallet with</string>
  <string name="share_account_success">Share wallet success</string>
  <string name="dialog_sharing_account">Sharing…</string>
  <string name="email_address_invalid">Email address invalid</string>
  <string name="set_location_get_address_error">Can not load address now, please try again later!</string>
  <string name="cashbook_balance">Balance</string>
  <string name="statistic_trends">Trends</string>
  <string name="sync_transferring_data">Transferring data</string>
  <string name="sync_running">Sync is in progress…</string>
  <string name="trend_criteria_collapsed_time">From &lt;b&gt;%1$s&lt;/b&gt; to &lt;b&gt;%2$s&lt;/b&gt;</string>
  <string name="transaction_detail_set_location">Set location</string>
  <string name="transaction_detail_can_not_download_image">Can not download this image, please try another.</string>
  <string name="user_unauthenticated">You must login first</string>
  <string name="share_account_error">Share wallet failed</string>
  <string name="beta">Beta</string>
  <string name="sync_error">Sync error</string>
  <string name="sync_notification_ticker_text">Syncing data with server</string>
  <string name="sync_notification_content_title">Sync Money Lover</string>
  <string name="login_success">Login successfully</string>
  <string name="login_forgot_password">Forgot password?</string>
  <string name="register_show_password">Show password</string>
  <string name="sync_done">Sync process has done successfully</string>
  <string name="login_fail">Invalid email/password combination. Please try again.</string>
  <string name="connecting">Connecting…</string>
  <string name="sync_account">Sync wallet</string>
  <string name="message_sync_transfer_data">Do you want to transfer data?</string>
  <string name="sync_dialog_transfer_title">Transfer data</string>
  <string name="sync_running_cannot_add_item">Sync process is running, please wait for a moment</string>
  <string name="sync_last_sync">Last sync: %1$s</string>
  <string name="sync_sync_first_time">Tap to sync for the first time</string>
  <string name="icon_xmas_notification_title">Merry Xmas with new icon pack!</string>
  <string name="icon_xmas_notification_content">Holiday is coming: Decorate Money Lover with the beautiful Christmas icon pack today! And it’s free!</string>
  <string name="store_icon_re_download">Download again</string>
  <string name="store_icon_free">Free</string>
  <string name="store_icon_list_empty">No icon packs</string>
  <string name="store_icon_canceled_message">Download for icon package %1$s was canceled</string>
  <string name="store_icon_download_finished_message">Icon package %1$s was downloaded. You can use those new icons when creating category, event or saving.</string>
  <string name="transaction_detail_show_advanced">Add more detail</string>
  <string name="refresh">Refresh</string>
  <string name="navigation_store">Money Lover Store</string>
  <string name="create_category_select_parent_error">Can not choose this category as parent</string>
  <string name="sync_error_timeout">server is maintained</string>
  <string name="sync_error_server_busy">Server is busy</string>
  <string name="sync_register_success">Register successfully</string>
  <string name="transaction_detail_warning_time_not_in_range">This date is not in budget %1$s\' time range (%2$s)</string>
  <string name="notification_message_remind_transaction">You set a notification for a transaction %1$s: %2$s. Tap to view its detail.</string>
  <string name="location_add_new_address">Add %1$s as a place</string>
  <string name="category_none_name">No categories</string>
  <string name="saving_add_startamount_over">Start amount can not large than goal amount</string>
  <string name="share_account_permission">Set this person as OWNER so they can view, add, edit, delete all kind of data in this wallet</string>
  <string name="error_can_not_load_wallet">Can not load wallet or the selected wallet was deleted. Please try again or open application not from shortcut.</string>
  <string name="select_category_tap_to_create_one">Tap to create one</string>
  <string name="error_can_not_change_wallet_transaction_debt_loan">Can not change wallet for debt, loan transaction</string>
  <string name="quick_add_manager_title">Show on status bar</string>
  <string name="account_manager_create_shortcut">Create shortcut</string>
  <string name="budget_no_data">No budgets</string>
  <string name="event_no_data">No events</string>
  <string name="saving_no_data">No savings</string>
  <string name="notification_center_no_data">No notifications</string>
  <string name="recurring_transaction_no_data">No recurring transactions</string>
  <string name="notification_like_fan_page_title">Like us on Facebook</string>
  <string name="notification_like_fan_page_text">keep in touch with us for updates, tips and occasional free stuff</string>
  <string name="share_account_email_target">Email which you want to share with</string>
  <string name="share_account_email_error">This string is not a valid email address</string>
  <string name="monthly_report_other_categories">Other categories</string>
  <string name="transfer_wallet_unknown_error_message">Can not transfer between wallets at this moment, please try again. If you still see this message next time, please contact us so we can help to fix this problem.</string>
  <string name="forgot_password_error_wrong_email">This email is not registered with us, please try again.</string>
  <string name="forgot_pass_success">Please check your email account for further instructions.</string>
  <string name="register_error_email_exists">This email is unavailable. Please choose another one.</string>
  <string name="promote_event_expire">This event is already finished</string>
  <string name="promote_event_error_wrong_code">Invalid promote code. Please try again.</string>
  <string name="register_error_server">Our server encountered an weird error and we\'ve been noticed. Please take a cup of coffee why we\'re fixing it.</string>
  <string name="register_error_entered_info_not_enough">Please fill all information to continue</string>
  <string name="purchase_post_facebook_success">Thanks for sharing</string>
  <string name="promote_event_input_successfully">Promote code is valid. Now you can use all features as a Premium user! Thank you for using %1$s</string>
  <string name="promote_event_share_facebook">Share on Facebook</string>
  <string name="promote_event_login_description">TIP: Register a %1$s account to link your Premium status with that account, so next time you login to %1$s, you will have your Premium status back.</string>
  <string name="promote_event_share_facebook_description">It would be cool to share this code to your friends! Don\'t worry, it won\'t affect your Premium status.</string>
  <string name="notification_center_message_already_logged_in">You\'ve already logged in.</string>
  <string name="congratulation">Congratulation!</string>
  <string name="cashbook_pull_to_add_transaction">Pull to add transaction</string>
  <string name="cashbook_release_to_add_transaction">Release to add transaction</string>
  <string-array name="cashbook_set_timerange_items">
    <item>Day</item>
    <item>Week</item>
    <item>Month</item>
    <item>Quarter</item>
    <item>Year</item>
    <item>All</item>
    <item>Custom</item>
  </string-array>
  <string-array name="delimiters">
    <item>Semicolon ( ; )</item>
    <item>Comma ( , )</item>
    <item>Tab</item>
  </string-array>
  <string-array name="create_budget_array_time_range">
    <item>This month</item>
    <item>This quarter</item>
    <item>This year</item>
    <item>Next month</item>
    <item>Next quarter</item>
    <item>Next year</item>
    <item>Custom range</item>
  </string-array>
  <string-array name="budget_overview_titles">
    <item>Running</item>
    <item>Finished</item>
  </string-array>
  <string-array name="category_manager_edit_cate_menu">
    <item>@string/edit</item>
    <item>@string/delete</item>
  </string-array>
  <string-array name="debt_overview_titles">
    <item>@string/debt_wallet</item>
    <item>@string/loan_wallet</item>
  </string-array>
  <string-array name="campaign_overview_titles">
    <item>Running</item>
    <item>Finished</item>
  </string-array>
  <string-array name="arrays_time_mode">
    <item>Weekly</item>
    <item>Every 14 days</item>
    <item>Monthly</item>
    <item>Every 3 months</item>
    <item>Every 6 months</item>
    <item>Yearly</item>
  </string-array>
  <string-array name="arrays_type">
    <item>Simple interest</item>
    <item>Compound interest</item>
  </string-array>
  <string-array name="repeat_transaction_time_mode">
    <item>Repeat Daily</item>
    <item>Repeat Weekly</item>
    <item>Repeat Monthly</item>
    <item>Repeat Yearly</item>
  </string-array>
  <string-array name="backup_list_file_backup_select_item">
    <item>@string/restore_title</item>
    <item>@string/backup_share</item>
  </string-array>
  <string-array name="repeat_transaction_mode_month_week">
    <item>first</item>
    <item>second</item>
    <item>third</item>
    <item>fourth</item>
    <item>fifth</item>
    <item>sixth</item>
  </string-array>
  <string-array name="repeat_transaction_times_duration">
    <item>Forever</item>
    <item>Until</item>
    <item>For a number of events</item>
  </string-array>
  <string-array name="trend_type">
    <item>@string/expense</item>
    <item>@string/income</item>
    <item>Net Income</item>
  </string-array>
  <string-array name="trend_criteria">
    <item>Overtime</item>
    <item>By Category</item>
  </string-array>
  <plurals name="cashbook_transaction_count">
    <item quantity="one">%d transaction</item>
    <item quantity="other">%d transactions</item>
  </plurals>
  <plurals name="budget_days_left">
    <item quantity="one">%d day left</item>
    <item quantity="other">%d days left</item>
  </plurals>
  <plurals name="ail_view_photo_title">
    <item quantity="one">%1$s photo left</item>
    <item quantity="other">%1$s photos left</item>
  </plurals>
  <plurals name="editbar_selected_count">
    <item quantity="one">%d item selected</item>
    <item quantity="other">%d items selected</item>
  </plurals>
</resources>
