<?xml version="1.0" encoding="utf-8"?>
<!--Generated by crowdin.net-->
<resources>
  <string name="cate_salary">Salário</string>
  <string name="cate_award">Award</string>
  <string name="cate_selling">Selling</string>
  <string name="cate_give">Prêmios
Ganhos extras</string>
  <string name="cate_interest">Interest Money</string>
  <string name="cate_debt">Dívidas</string>
  <string name="cate_income_other">Other</string>
  <string name="cate_food">Food &amp; Drink</string>
  <string name="cate_entertainment">Entretenimento
Diversão</string>
  <string name="cate_travel">Viagens</string>
  <string name="cate_education">Educação</string>
  <string name="cate_transport">Transporte</string>
  <string name="cate_friend">Friends &amp; Lover</string>
  <string name="cate_family">Família</string>
  <string name="cate_medical">Medical</string>
  <string name="cate_shopping">Compras</string>
  <string name="cate_loan">Empéstimo</string>
  <string name="cate_invest">Invest</string>
  <string name="cate_expense_other">Outros Gastos</string>
</resources>
