<?xml version="1.0" encoding="utf-8"?>
<!--Generated by crowdin.net-->
<resources>
  <string name="notice">Aviso</string>
  <string name="error">Erro</string>
  <string name="close">Fechar</string>
  <string name="cancel">Cancelar</string>
  <string name="save">Guardar</string>
  <string name="done">Feito</string>
  <string name="yes">Sim</string>
  <string name="submit">Submit</string>
  <string name="sorry">Desculpe</string>
  <string name="ok">OK</string>
  <string name="search">Pesquisa</string>
  <string name="no">Não</string>
  <string name="confirm">Confirmar</string>
  <string name="today">Hoje</string>
  <string name="tomorrow">Amanhã</string>
  <string name="yesterday">Ontem</string>
  <string name="thisweek">Esta semana</string>
  <string name="nextweek">Próxima semana</string>
  <string name="lastweek">Semana passada</string>
  <string name="thismonth">Este mês</string>
  <string name="nextmonth">Próximo mês</string>
  <string name="lastmonth">Mês passado</string>
  <string name="thisquarter">Este trimestre</string>
  <string name="nextquarter">Próximo trimestre</string>
  <string name="lastquarter">Último trimestre</string>
  <string name="thisyear">Este ano</string>
  <string name="nextyear">Próximo ano</string>
  <string name="lastyear">Ano passado</string>
  <string name="quarter_shorten">Q</string>
</resources>
