<?xml version="1.0" encoding="utf-8"?>
<!--Generated by crowdin.net-->
<resources>
  <string name="second">segundo</string>
  <string name="minute">minuto</string>
  <plurals name="days_left">
    <item quantity="one">%d dia restante</item>
    <item quantity="other">%d dias restantes</item>
  </plurals>
  <plurals name="hour_left">
    <item quantity="one">%d hora restante</item>
    <item quantity="other">%d horas restantes</item>
  </plurals>
  <plurals name="minute_left">
    <item quantity="one">%d minuto restante</item>
    <item quantity="other">%d minutos restantes</item>
  </plurals>
  <plurals name="second_left">
    <item quantity="one">%d segundo restante</item>
    <item quantity="other">%d segundos restantes</item>
  </plurals>
</resources>
