<?xml version="1.0" encoding="utf-8"?>
<!--Generated by crowdin.net-->
<resources>
  <string name="settings_group_display">Écrã</string>
  <string name="settings_group_alarm_title">Alarme</string>
  <string name="settings_group_system">Sistema</string>
  <string name="settings_group_database">Base de dados</string>
  <string name="settings_group_about">Sobre</string>
  <string name="settings_select_date_format">Selecione o formato da data</string>
  <string name="settings_set_first_day_week">Definir o primeiro dia da semana</string>
  <string name="settings_set_first_day_month">Definir o primeiro dia do mês</string>
  <string name="settings_enable_pin">Habilitar senha</string>
  <string name="settings_connect_dropbox">Ligar ao Dropbox</string>
  <string name="settings_connect_dropbox_connected">Ligado</string>
  <string name="settings_select_language">Selecionar idioma</string>
  <string name="settings_alarm">Lembrete diario para adicionar transação</string>
  <string name="settings_auto_check_update">Auto verificação de atualização</string>
  <string name="settings_show_ail_notification_title">Mostrar notificação Adicionar mais tarde</string>
  <string name="pref_show_ail_summary">Tirar foto para lembrete primeiro, para que possa adicionar transação mais tarde</string>
  <string name="settings_about">Sobre Money Lover</string>
  <string name="settings_changes_log_title">Registo de alterações</string>
  <string name="settings_amount_text_display_title">Estilo do texto para Quantia</string>
  <string name="pref_amount_text_decimal_separator_title">Separador decimal</string>
  <string name="pref_amount_text_decimal_separator_imperial">1,999.95</string>
  <string name="pref_amount_text_decimal_separator_international">1.999,95</string>
  <string name="pref_amount_text_show_currency_title">Mostrar a moeda</string>
  <string name="pref_amount_text_minus_style_title">Estilo positivo/negativo</string>
  <string name="pref_amount_text_minus_style_color">Padrão com cor</string>
  <string name="pref_amount_text_minus_style_sign">Com sinal + /-</string>
  <string name="pref_amount_text_minus_style_bracket">Com o sinal ()</string>
  <string name="pref_amount_text_shorten_title">Quantidades abreviadas</string>
  <string name="pref_using_location">Using location</string>
  <string name="settings_reset_data">Inicializar dados</string>
  <string name="auto_backup_no">No auto backup</string>
  <string name="auto_backup">Backup automático</string>
  <string name="auto_backup_every_day">Todos os dias</string>
  <string name="auto_backup_every_week">Todas as semanas</string>
  <string name="auto_backup_every_month">Todos os meses</string>
  <string name="auto_backup_every_year">Todos os anos</string>
  <string name="auto_backup_test">2 phút</string>
  <string name="settings_quick_add_notification_title"></string>
  <string-array name="first_day_of_week_display">
    <item>Domingo</item>
    <item>Segunda</item>
    <item>Terça</item>
    <item>Quarta</item>
    <item>Quinta</item>
    <item>Sexta</item>
    <item>Sábado</item>
  </string-array>
  <string-array name="first_day_of_month_display">
    <item>1º</item>
    <item>2º</item>
    <item>3º</item>
    <item>4º</item>
    <item>5º</item>
    <item>6º</item>
    <item>7º</item>
    <item>8º</item>
    <item>9º</item>
    <item>10º</item>
    <item>11º</item>
    <item>12º</item>
    <item>13º</item>
    <item>14º</item>
    <item>15º</item>
    <item>16º</item>
    <item>17º</item>
    <item>18º</item>
    <item>19º</item>
    <item>20º</item>
    <item>21º</item>
    <item>22º</item>
    <item>23º</item>
    <item>24º</item>
    <item>25º</item>
    <item>26º</item>
    <item>27º</item>
    <item>28º</item>
  </string-array>
  <string-array name="alarm_time_display">
    <item>17:00</item>
    <item>18:00</item>
    <item>19:00</item>
    <item>20:00</item>
    <item>21:00</item>
    <item>22:00</item>
    <item>23:00</item>
    <item>Sem alarme</item>
  </string-array>
  <string-array name="auto_backup_repeat">
    <item>@string/auto_backup_every_day</item>
    <item>@string/auto_backup_every_week</item>
    <item>@string/auto_backup_every_month</item>
    <item>@string/auto_backup_every_year</item>
    <item>@string/auto_backup_no</item>
  </string-array>
</resources>
