<?xml version="1.0" encoding="utf-8"?>
<!--Generated by crowdin.net-->
<resources>
  <string name="notification_message_take_photo_title">Toque para adicionar transação de &lt;b&gt;Adicionar-mais-tarde&lt;/b&gt;foto</string>
  <string name="notification_message_daily_alarm_title">Toque para adicionar transação para &lt;b&gt;%1$s&lt;/b&gt;</string>
  <string name="notification_message_monthly_remind">Exibir relatório mensal para &lt;b&gt;%1$s&lt;/b&gt;</string>
  <string name="notification_message_no_expense_today">Não há gastos hoje, atualizar agora?</string>
  <string name="notification_message_remind_debt">Ainda tem &lt;b&gt;%1$s&lt;/b&gt; %2$s, atualizar agora?</string>
  <string name="notification_message_remind_loan">&lt;b&gt;%1$s&lt;/b&gt; ainda tem %2$s, atualizar agora?</string>
  <string name="budget_notification_budget_warning_title">Orçamento atingiu %1$s%%</string>
  <string name="budget_notification_budget_warning_category_text">%1$s ficaram em &lt;b&gt;%2$s&lt;/b&gt;</string>
  <string name="budget_notification_budget_warning_account_text">%1$s ficaram em &lt;b&gt;%2$s&lt;/b&gt;</string>
  <string name="budget_notification_budget_100percent_category_text">em &lt;b&gt;%1$s&lt;/b&gt;</string>
  <string name="budget_notification_budget_100percent_account_text">em &lt;b&gt;%1$s&lt;/b&gt;</string>
  <string name="budget_notification_budget_exceeded_title">Ultrapassado %1$s</string>
  <string name="budget_notification_budget_exceeded_category_text">em &lt;b&gt;%1$s&lt;/b&gt;</string>
  <string name="budget_notification_budget_exceeded_account_text">em &lt;b&gt;%1$s&lt;/b&gt;</string>
  <string name="ail_notification_title">Toque para tirar foto</string>
  <string name="ail_notification_text">então pode adicionar transação depois</string>
  <string name="ail_notification_cancel_message">Pode mostrar essa notificação novamente em configurações</string>
  <string name="notification_monthly_alarm_title">Toque para exibir o relatório para</string>
  <string name="notification_monthly_alarm_text">%1$s</string>
  <string name="notification_message_auto_backup">View file backup from &lt;b&gt;%1$s&lt;/b&gt;</string>
  <string name="notification_message_repeat_transaction">A new transaction was added on &lt;b&gt;%1$s&lt;/b&gt;</string>
</resources>
