<?xml version="1.0" encoding="utf-8"?>
<!--Generated by crowdin.net-->
<resources>
  <string name="wpDifferentCurrency">As contas que que escolheu não estão na mesma moeda!!! Quer mudar o valor = </string>
  <string name="downloading">Transferindo</string>
  <string name="duplicate">Duplicar</string>
  <string name="wpeditAmount"> Ou pode editar manualmente a quantidade.</string>
  <string name="wpEmptyContent">Sem dados para exibir</string>
  <string name="wpEmptySymbol">: (</string>
  <string name="wpEndDateAfterStartDateError">Data final não pode ser anterior à data de início.</string>
  <string name="wpEnterName">O nome da sua carteira?</string>
  <string name="wpEnterPass">Digite sua senha</string>
  <string name="exit">Sair</string>
  <string name="wpExpenseColor">Côr para despesas</string>
  <string name="wpFeedBackSubject">[W] feedback</string>
  <string name="format">Formatar</string>
  <string name="For">Para</string>
  <string name="wpHeaderColor">Cor do cabeçalho</string>
  <string name="wpHelpUsTranslate">Ajude-nos a traduzir</string>
  <string name="wpIncomeColor">Cor para receitas</string>
  <string name="wpInsertAccountAlert">Por favor, escolha uma conta</string>
  <string name="wpInsertAmountAlert">Por favor, introduza algum dinheiro</string>
  <string name="wpInsertCategoryAlert">Por favor, escolha uma categoria</string>
  <string name="wpInsertCategoryLength">O comprimento do nome da categoria deve ser maior que 2 e menor que 30!</string>
  <string name="wpInsertImageAlert">Por favor, escolha o ícone da imagem</string>
  <string name="wpInsertNameAlert">Por favor, insira o nome</string>
  <string name="wpInsertTimeRangeError">Por favor, escolha o intervalo de tempo</string>
  <string name="wpInsertTypeAlert">Por favor, escolha o tipo de categoria</string>
  <string name="items">Itens</string>
  <string name="wpLiveFolderError">Não posso obter a pasta do Money Lover no seu SkyDrive. Por favor, tente novamente mais tarde.</string>
  <string name="wpLocationServiceWarning">Aviso do serviço de localização</string>
  <string name="wpLocationService">Serviço de localização</string>
  <string name="wpMessage3">BNS erro: A ação está desabilitada</string>
  <string name="Message2">BNS erro: O número máximo de ações agendadas deste tipo foram atingidas. </string>
  <string name="wpMessage1">Processos em background para esta aplicação foram desativados pelo usuário.</string>
  <string name="wpMessage">Mensagem</string>
  <string name="monday">Segunda-feira</string>
  <string name="month">Mês</string>
  <string name="name">Nome</string>
  <string name="navigations">Navegações</string>
  <string name="wpDeleteNotify">Você quer remover todas?</string>
  <string name="wpNotify7">[Relatório]</string>
  <string name="wpNotify6">[Poupança]</string>
  <string name="wpNotify5">Acabou-se o orçamento {0}.</string>
  <string name="wpNotify4">Cuidado, o orçamento {0} está quase a acabar.</string>
  <string name="wpNotify3_2">O empréstimo {0} está terminado.</string>
  <string name="wpNotify3_1">A débito {0} está terminado.</string>
  <string name="wpNotify2">Não adicionou quaisquer transacções hoje. Adicionar agora?</string>
  <string name="wpNotify1">Gorjetas</string>
  <string name="wpNotify0">Bem-vindo ao Money Lover no Windows Phone. A partir de hoje, ajudará a planear e controlar todas as suas despesas, gravar tudo e gerar o relatório periodicamente. Tire um bom partido dele.</string>
  <string name="notifications">Notificações</string>
  <string name="notification">Notificação</string>
  <string name="wpNoParent">Sem pai</string>
  <string name="number">No. </string>
  <string name="other">Outros</string>
  <string name="Over">Terminado</string>
  <string name="wpOverDue">Vencido</string>
  <string name="wpOverAmount">O montante que está a transferir é maior do que os ganhos totais! Quer editar novamente?</string>
  <string name="wpPaidHistory">Histórico de pagamentos</string>
  <string name="parent">Item Principal</string>
  <string name="wpPasswordProtected">Protegido por senha</string>
  <string name="payment">Pagamento</string>
  <string name="people">Pessoas</string>
  <string name="picture">Foto</string>
  <string name="wpPinToStart">Pin para começar</string>
  <string name="place">Posição</string>
  <string name="wpPlaceFinder">Pesquisa de Posições</string>
  <string name="quarter">Trimestre</string>
  <string name="reason">Razão</string>
  <string name="reload">Recarregar</string>
  <string name="wpReminderAddTran">Lembrete adicionar transação</string>
  <string name="wpRestartNotify">Deve reiniciar esta app para ver as alterações.</string>
  <string name="wpRestoreMess">Restauro da base de dados irá substituir a sua base de dados atual com uma selecionada. Todos os dados serão perdidos. Tem a certeza de que deseja restaurar a base de dados?</string>
  <string name="wpRestoreComplete">O restauro está concluído.</string>
  <string name="restore">Restauro</string>
  <string name="running">Em execução</string>
  <string name="wpSamplePlaceSearch">Citar alguns lugares</string>
  <string name="wpSelectedCategory">Categoria selecionada</string>
  <string name="wpSkydriveLogin">Olá, antes continuar por favor faça login no seu SkyDrive.</string>
  <string name="sort">Ordenar</string>
  <string name="wpSpendWith">Gastar com</string>
  <string name="start_month">Primeiro dia do mês</string>
  <string name="start_week">Primeiro dia da semana</string>
  <string name="sunday">Domingo</string>
  <string name="sure">Certeza</string>
  <string name="wpSyncDone">Sincronização concluída.</string>
  <string name="wpThemeManager">Gestor de temas</string>
  <string name="wpThisMonth">Este mês</string>
  <string name="wpThisQuarter">Este trimestre</string>
  <string name="wpThisWeek">Esta semana</string>
  <string name="wpThisYear">Este ano</string>
  <string name="time_format">Formato de hora</string>
  <string name="wpTimeRange">Intervalo de tempo</string>
  <string name="title">Título</string>
  <string name="wpToAcount">Para conta</string>
  <string name="today">Hoje</string>
  <string name="tomorrow">Amanhã</string>
  <string name="tranfer">Transferencia</string>
  <string name="wpTranferFail">Por favor, verifique a informação novamente! O montante a transferir deve ser maior que 0.</string>
  <string name="wpTranferComplete">Transferência completa!</string>
  <string name="wpTransferFrom">Transferência de:</string>
  <string name="wpTransferMoney">Transferir dinheiro</string>
  <string name="wpTranferingException">TranferenciaExcepção</string>
  <string name="wpTransactionInfo">Informação de transação</string>
  <string name="tutorial">Tutorial</string>
  <string name="unfinished">Inacabado</string>
  <string name="unit">Unidade</string>
  <string name="wpUploadCompleted">Upload concluído.</string>
  <string name="uploading">Upload</string>
  <string name="wpUploadSkydrive">Fazer o upload para o SkyDrive</string>
  <string name="wpUseCustomColor">Usar cor personalizada</string>
  <string name="used">Usado</string>
  <string name="wpViewMode">Modo de exibição</string>
  <string name="wpViewOffice">Vêr no Office</string>
  <string name="week">Semana</string>
  <string name="wrong">Errado</string>
  <string name="wpWrongPass">Senha errada.</string>
  <string name="year">Ano</string>
  <string name="yesterday">Ontem</string>
  <string name="wpViewTran">Ver transação</string>
  <string name="editDebt">Editar débito</string>
  <string name="wpTimeAlreadyOver">O tempo que escolheu já acabou.</string>
  <string name="account_all">Todas as contas</string>
  <string name="about_msg_wp">Ganhar dinheiro e e gerir dinheiro não é o mesmo! Gastos descuidados e sem orçamento são um problema para as famílias em todo o mundo. Money Lover irá ajudá-lo a planear e controlar todas as suas despesas, gravar tudo e gerar o relatório periodicamente. Não é uma ferramenta de contabilidade completa, mas é útil para a gestão financeira de família/pessoal simples.</string>
  <string name="clear">Limpar</string>
  <string name="day">Dia</string>
  <string name="interest_rate">Taxa</string>
  <string name="string_select_all">Selecionar tudo</string>
  <string name="settings_alarm_group_title">Alarme</string>
  <string name="wpAddAccountFirst">Adicione uma carteira primeiro!</string>
  <string name="wpATM">ATM</string>
  <string name="wpAdd">Adicionar</string>
  <string name="wpBank">Banco</string>
  <string name="wpBackupRestore">Fazer cópia de segurança &amp; Restaurar</string>
  <string name="wpBackup">Backup</string>
  <string name="wpCannotEditAccount">Não é possível editar esta conta.</string>
  <string name="wpCannotEditTransaction">Não é possível editar esta transação.</string>
  <string name="wpConfirmBackCategory">Ainda não salvou sua categoria, tem a certeza que quer voltar?</string>
  <string name="wpConfirmBack">Ainda não salvou sua transação, tem a certeza que quer voltar?</string>
  <string name="wpConfirmBackBudget">Ainda não guardou o seu orçamento, tem a certeza que quer voltar?</string>
  <string name="wpCustomRange">Intervalo personalizado</string>
  <string name="wpCustomTimeNullError">O tempo personalizado é nulo. Por favor, escolha o intervalo de tempo.</string>
  <string name="wpDayLeft">dia para o fim</string>
  <string name="wpDaysLeft">dias para o fim</string>
  <string name="wpDeleteTransaction">Vai perder todos os dados desta transação.Quer continuar?</string>
  <string name="wpDeletePin">Você quer excluir o pin?</string>
  <string name="wpDeleteBudget">Vai perder todos os dados deste orçamento. Quer continuar?</string>
  <string name="wpDeleteAcc">Vai perder todos os dados desta conta. Quer continuar?</string>
  <string name="wpDeleteCategory">Vai perder todos os dados desta categoria e todas as transações em. Quer continuar?</string>
  <string name="wpAuto">Automático</string>
  <string name="rate">taxa</string>
  <string name="wp_warning_addtran_from_pin_message">Transação foi adicionada com êxito. Você quer retornar ao écrã da carteira?</string>
  <string name="navigation_group_policy">Política</string>
  <string name="wpNotify8">Parabéns, está completamente atualizado. Quer saber as mudanças na nova versão? Por favor toque para ver!</string>
</resources>
