<?xml version="1.0" encoding="utf-8"?>
<!--Generated by crowdin.net-->
<resources>
  <string name="cate_salary">Salário</string>
  <string name="cate_award">Prêmio</string>
  <string name="cate_selling">Venda</string>
  <string name="cate_give">Dar</string>
  <string name="cate_interest">Dinheiro com juros</string>
  <string name="cate_debt">Débito</string>
  <string name="cate_income_other">Outros</string>
  <string name="cate_food">Comida &amp; Bebida</string>
  <string name="cate_entertainment">Entretenimento</string>
  <string name="cate_travel">Viagens</string>
  <string name="cate_education">Educação</string>
  <string name="cate_transport">Transporte</string>
  <string name="cate_friend">Amigos &amp; Amada</string>
  <string name="cate_family">Família</string>
  <string name="cate_medical">Médicas</string>
  <string name="cate_shopping">Compras</string>
  <string name="cate_loan">Empréstimo</string>
  <string name="cate_invest">Investimento</string>
  <string name="cate_expense_other">Outros</string>
</resources>
