<?xml version="1.0" encoding="utf-8"?>
<!--Generated by crowdin.net-->
<resources>
  <string name="account">Carteira</string>
  <string name="amount">Quantia</string>
  <string name="budget">Orçamento</string>
  <string name="event_title">Evento</string>
  <string name="category">Categoria</string>
  <string name="earned_from">Ganho de</string>
  <string name="end_date">Data final</string>
  <string name="expense">Despesa</string>
  <string name="goto_today">Saltar para hoje</string>
  <string name="goto_thismonth">Saltar para este mês</string>
  <string name="income">Receita</string>
  <string name="migrate">Migrar</string>
  <string name="select_category">Selecionar Categoria</string>
  <string name="spent_on">Gasto em</string>
  <string name="start_date">Data de início</string>
  <string name="time">Hora</string>
  <string name="time_range">%1$s - %2$s</string>
  <string name="loading_more">A carregar mais…</string>
  <string name="goal">Objectivo</string>
  <string name="edit">Editar</string>
  <string name="saved">Guardado</string>
  <string name="search_go">Ir</string>
  <string name="buy_app">Subscrever Premium</string>
  <string name="undobar_message">%1$s foi apagado</string>
  <string name="backup_share">Partilhar</string>
  <string name="version">Versão %1$s</string>
  <string name="loading">A carregar…</string>
  <string name="total">Total</string>
  <string name="splashscreen_create_account">Criar a primeira carteira</string>
  <string name="splash_screen_use_cloud">Usar a nuvem (brevemente)</string>
  <string name="splash_screen_use_cloud_info">Sincronizar e partilhar transações de maneira fácil</string>
  <string name="splash_screen_use_right_away">Apenas para este dispositivo</string>
  <string name="splash_screen_use_right_away_info">Agora mesmo!</string>
  <string name="welcome_message_title">Como quer utilizar?</string>
  <string name="welcome_message">Pode mudar de ideia a qualquer momento</string>
  <string name="login_hint_email">Email</string>
  <string name="login_hint_password">Palavra-passe</string>
  <string name="login_facebook">Login com Facebook</string>
  <string name="login_money_lover">Faça o login com a conta de Money Lover</string>
  <string name="login_title">Login</string>
  <string name="register_title">Registar</string>
  <string name="register_register">Registar</string>
  <string name="cashbook_earning">A ganhar</string>
  <string name="cashbook_spending">A gastar</string>
  <string name="cashbook_all_transactions">Todas as transações</string>
  <string name="cashbook_delete_transaction_message">Você quer apagar esta transação?</string>
  <string name="cashbook_left">%1$s esquerda</string>
  <string name="cashbook_no_data_guide">Toque no botão %1$s abaixo para adicionar alguns</string>
  <string name="cashbook_no_data_swipe_down">Deslize para baixo e</string>
  <string name="cashbook_no_data_faq_tip">Muito difícil de usar? Toque em %1$s para suporte</string>
  <string name="cashbook_no_data_earning">Sem ganhos</string>
  <string name="cashbook_no_data_spending">Sem gastos</string>
  <string name="cashbook_no_data">Nenhuma transação</string>
  <string name="cashbook_selected_account_not_existed">Carteira selecionada não existe, a direcionar para a carteira padrão.</string>
  <string name="cashbook_contentdescription_help_support">Ajuda &amp; suporte</string>
  <string name="cashbook_contentdescription_select_time_range_to_view">Selecione o modo de exibição</string>
  <string name="cashbook_contentdescription_delete_transaction">Excluir transação</string>
  <string name="cashbook_contentdescription_sort_transaction">Ordenar trasacções</string>
  <string name="cashbook_contentdescription_search_transaction">Pesquisar transação</string>
  <string name="cashbook_contentdescription_viewmode_transaction">Ver por transação</string>
  <string name="cashbook_contentdescription_viewmode_category">Ver por categoria</string>
  <string name="cashbook_contentdescription_transfer_money">Transferir dinheiro</string>
  <string name="with_person">com %1$s</string>
  <string name="with_two_person">com %1$s &amp; %2$s</string>
  <string name="with_many_person">com %1$s &amp; %2$s outras pessoas</string>
  <string name="press_back_one_more_time_to_exit">Pressione o botão de voltar novamente para sair</string>
  <string name="paid">Reembolso</string>
  <string name="cashbook_cashback_info">para %1$s</string>
  <string name="add_transaction_amount_friendly_title">Quanto?</string>
  <string name="add_transaction_title_add">Adicionar transação</string>
  <string name="add_transaction_title_edit">Editar transação</string>
  <string name="add_transaction_title_view">Detalhes da transação</string>
  <string name="add_transaction_note_title_normal">Nota</string>
  <string name="add_transaction_note_hint">Vazio</string>
  <string name="add_transaction_cancel_adding">Deseja descartar esta transação</string>
  <string name="add_transaction_discard_edit">Deseja descartar as alterações a esta operação</string>
  <string name="add_transaction_account_alert_currency_change">Moeda do valor de entrada será alterada de %1$s para %2$s. Ainda quer processar?</string>
  <string name="add_transaction_account_alert_currency_change_start">Moeda do valor de entrada será alterada a partir de</string>
  <string name="add_transaction_account_alert_currency_change_middle">Para</string>
  <string name="add_transaction_account_alert_currency_change_end">Ainda quer processar?</string>
  <string name="add_transaction_add_success">Adicionar o sucesso da transação!</string>
  <string name="add_transaction_category_hint">Seleccionar um</string>
  <string name="add_transaction_with_title">Com?</string>
  <string name="add_transaction_with_hint">por exemplo, Jon Snow, Arya Stark…</string>
  <string name="add_transaction_reminder_empty">Não lembrar</string>
  <string name="add_transaction_subtransaction_title">Reembolso</string>
  <string name="add_transaction_timecreated_title">Data</string>
  <string name="add_transaction_reminder_title">Lembrete</string>
  <string name="add_transaction_error_amount">Deve preencher o campo quantia</string>
  <string name="add_transaction_error_category">Deve selecionar a categoria de despesas/ganhos</string>
  <string name="debtor">Devedor</string>
  <string name="lender">Credor</string>
  <string name="for_reason">Para %1$s</string>
  <string name="someone">Alguém</string>
  <string name="someone_hint">Alguém</string>
  <string name="add_transaction_note_spend_from_saving">Pago do plano de poupança %1$s</string>
  <string name="add_transaction_no_category_found">Sem correspondências</string>
  <string name="warning_big_amount_message">Este valor de transação parece ser grande demais. Tem certeza que está correto?</string>
  <string name="warning_big_amount_dont_show_again">Não mostrar novamente</string>
  <string name="im_wrong">Estou errado</string>
  <string name="add_note">Escrever nota</string>
  <string name="set_reminder_remove_reminder">Desligar</string>
  <string name="convert_currency_title_dialog">Insira outra moeda</string>
  <string name="convert_currency_message_convert_complete">Converter para</string>
  <string name="convert_currency_message_convert_error">Erro de conversão</string>
  <string name="convert_currency_message_converting">A converter..</string>
  <string name="edit_transaction_confirm_change_category_for_debtloan">Tem certeza que quer mudar de categoria? Serão removidas todas as suas transacções do histórico.</string>
  <string name="edit_transaction_mark_remove">Será apagado</string>
  <string name="edit_transaction_mark_remove_message">Todas as transações relacionadas serão excluídas</string>
  <string name="delete_sub_transaction">Apagar esta transação</string>
  <string name="sub_transaction_title">Histórico de reembolsos</string>
  <string name="quick_add_transaction_dialog_title">Nova transação</string>
  <string name="quick_add_notification_ticker">Pronto para adicionar nova transação</string>
  <string name="quick_add_transaction_title">Adicionar a %1$s</string>
  <string name="quick_add_transaction_notification_text">Toque para ir para a carteira</string>
  <string name="add_account_title_add">Adicionar a carteira</string>
  <string name="add_account_title_edit">Editar a carteira</string>
  <string name="add_account_name_title">Nome</string>
  <string name="add_account_currency_title">Moeda</string>
  <string name="add_account_start_balance_title">Saldo inicial</string>
  <string name="add_account_error_accountname_exists">Este nome de carteira já existe.</string>
  <string name="add_account_error_accountname_length_invalid">O nome da carteira deve ser entre %1$s e %2$s carateres.</string>
  <string name="add_account_discard_changed">Quer descartar todas as alterações feitas a esta carteira?</string>
  <string name="add_account_note_for_initial_balance">Saldo inicial</string>
  <string name="add_account_shortcut_title">Adicionar atalho para o ecrã inicial</string>
  <string name="add_account_shortcut_success">Sucesso a criar atalho</string>
  <string name="account_manager_title">Gestor de carteiras</string>
  <string name="account_manager_confirm_delete_account">Deseja apagar a carteira %1$s?</string>
  <string name="time_picker_dialog_title">Escolher a hora</string>
  <string name="navigation_cashbook">Transações</string>
  <string name="navigation_budget">Orçamentos</string>
  <string name="navigation_campaign">Poupanças</string>
  <string name="navigation_event">Eventos</string>
  <string name="navigation_category_manager">Categorias</string>
  <string name="navigation_statistic">Estatística</string>
  <string name="navigation_settings">Configurações</string>
  <string name="navigation_feedback">Feedback</string>
  <string name="navigation_debt_manager">Dívidas</string>
  <string name="navigation_tools">Ferramentas</string>
  <string name="navigation_about">Sobre</string>
  <string name="navigation_sync">Sincronização</string>
  <string name="navigation_logout">Terminar Sessão</string>
  <string name="navigation_login">Aceder à nuvem</string>
  <string name="navigation_database">Base de dados</string>
  <string name="navigation_copyright">© 2013 Zoo Studio. Todos os direitos reservados.</string>
  <string name="tools_interest_rate">Taxa de juros</string>
  <string name="tools_export_csv">Exportação para CSV</string>
  <string name="tools_export_excel">Exportação para Excel</string>
  <string name="tools_tip_calculator">Calculadora de gorjetas</string>
  <string name="tools_find_atm">Pesquisa de Multibancos</string>
  <string name="tools_find_bank">Pesquisa de Bancos</string>
  <string name="tools_install_app">Instalar a ferramenta</string>
  <string name="tools_install_app_message">Você quer instalar o &lt;b&gt;%1$s&lt;/b&gt; da Google Play Store?</string>
  <string name="statistic_monthly_report">Relatório mensal</string>
  <string name="bank_finder">Pesquisa de Bancos</string>
  <string name="bank_finder_hint">por exemplo, HSBC, Standard Chartered…</string>
  <string name="bank_finder_input_bank_name">Digite o nome do banco</string>
  <string name="open_file">Abrir arquivo</string>
  <string name="export_fail">Desculpe, o processo de exportação, encontrou um erro e não pode continuar</string>
  <string name="export_success">Exportado com sucesso</string>
  <string name="select_account">Selecionar carteira</string>
  <string name="export_csv">Exportação para CSV</string>
  <string name="export_excel">Exportação para EXCEL</string>
  <string name="attach_to_email">Anexar ao e-mail</string>
  <string name="delimiter">Delimitador</string>
  <string name="atm_finder">Pesquisa de Multibancos</string>
  <string name="change">Modificar</string>
  <string name="send_mail">Enviar e-mail</string>
  <string name="contact_me">Contate-nos</string>
  <string name="about_thanks">&lt;b&gt;Special thanks to&lt;/b&gt;&lt;br /&gt;
        Andreas Krings, Jake Wharton, Jeremy Feinstein, Roman Nurik, Simon Vig Therkildsen, Soarcn, Tjerk
        Wolterink for their awesome libraries.&lt;br /&gt;
        Brankic1979 and Nick Frost for their beautiful icon packs.&lt;br /&gt;
        And all our volunteers who help us on translating Money Lover to many other languages.</string>
  <string name="about_developed">por ZooStudio</string>
  <string name="about_view_profile_facebook">Visite nosso perfil</string>
  <string name="budget_overspent">Ultrapassado</string>
  <string name="budget_finished">Terminado</string>
  <string name="budget_spent">Gasto</string>
  <string name="budget_all_category">Todas as categorias</string>
  <string name="create_budget_title_add">Adicionar orçamento</string>
  <string name="create_budget_title_edit">Editar orçamento</string>
  <string name="create_budget_create_for">Adicionar para</string>
  <string name="create_budget_time_range">Intervalo de tempo</string>
  <string name="budget_detail_delete_confirm_message">Deseja apagar este orçamento?</string>
  <string name="create_budget_message_select_day_error">Data final deve ser posterior à data inicial</string>
  <string name="create_budget_message_duplicate_DB">Budget for this time was created, do you want to override old one?</string>
  <string name="create_budget_message_warning_enter_amount">Valor do orçamento inferior a 0!</string>
  <string name="create_budget_message_error_category">Tem de escolher a categoria</string>
  <string name="create_budget_message_error_time">Tem que selecionar o tempo para o orçamento</string>
  <string name="budget_overview_monthly">Plano de orçamento mensal</string>
  <string name="budget_overview_custom">Planos de orçamento personalizado</string>
  <string name="budget_overview_no_data_guide">Toque no botão de %1$s acima para adicionar o novo plano de orçamento</string>
  <string name="budget_detail_category">orçamento %1$s</string>
  <string name="budget_detail_account_detail_emptyview_message">Toque para adicionar orçamento</string>
  <string name="budget_detail_list_transactions_title">Lista de transações</string>
  <string name="clear_template">Limpar o modelo</string>
  <string name="budget_template">Modelo</string>
  <string name="dialog_enter_amount_title">Insira o valor</string>
  <string name="security_pin_title_create">Definir senha</string>
  <string name="security_pin_title_confirm">Confirmar senha</string>
  <string name="security_pin_title_open">Introduza a senha</string>
  <string name="security_pin_message_remove">para desativar o modo de segurança de senha</string>
  <string name="security_pin_title_wrong_password">Senha errada!</string>
  <string name="security_pin_message_try_again">Tente novamente</string>
  <string name="is_latest_version">A versão actual está atualizada.</string>
  <string name="update">Actualizar</string>
  <string name="has_new_version">Nova versão disponivel, por favor, atualize agora!</string>
  <string name="no_internet">Sem ligação à internet. Por favor, tente novamente!</string>
  <string name="check_update">Procurar atualização</string>
  <string name="thanks_feedback">Obrigado pelo seu feedback.</string>
  <string name="add_sub_transaction_input_more_than_left">Quantidade introduzida é maior que a quantidade não paga</string>
  <string name="warning">Aviso</string>
  <string name="process">A processar…</string>
  <string name="error_no_google_map">Por favor, instale o Google Maps para usar o recurso</string>
  <string name="set">defenir</string>
  <string name="category_manager_title">Gestor de categorias</string>
  <string name="category_manager_notice_cannot_edit_default_category">Não é possível editar categoria especial</string>
  <string name="category_manager_confirm_delete_category">Você quer excluir a categoria %1$s? Todas as transações que pertencem a esta categoria também serão excluídas.</string>
  <string name="category_manager_delete_success_message">A categoria %1$s s foi excluída</string>
  <string name="create_category_title">Nova categoria</string>
  <string name="edit_category_title">Editar Categoria</string>
  <string name="create_category_name_title">Nome</string>
  <string name="create_category_select_icon_title">Ícone</string>
  <string name="create_category_default_parent_category">Eu sou o pai</string>
  <string name="create_category_parent_category">Categoria pai</string>
  <string name="create_category_hint_name_review">Nome da categoria</string>
  <string name="create_category_message_duplicate_DB">Esta categoria tem existe</string>
  <string name="create_category_select_type_error">Deve escolher o tipo de categoria</string>
  <string name="create_category_input_name_error">Vamos introduzir o nome da sua categoria</string>
  <string name="create_category_select_icon_error">Não se esqueça do ícone para a categoria</string>
  <string name="select_parent_category_title">Selecione a categoria-pai</string>
  <string name="message_transfer_successful">Transferência bem sucedida!</string>
  <string name="title_dialog_transfer">De %1$s</string>
  <string name="back">Voltar</string>
  <string name="message_currency_error">Você quer mudar de %1$s para %2$s?</string>
  <string name="note_income_transfer">Recebido de %1$s</string>
  <string name="message_amount_zero">Quantidade de transferência deve maior que 0</string>
  <string name="default_note_transfer">Transferido para %1$s</string>
  <string name="monthly_report_start_balance">Saldo Inícial</string>
  <string name="monthly_report_this_month_balance">Lucro líquido</string>
  <string name="monthly_report_end_balance">Saldo final</string>
  <string name="monthly_report_compare_to_previous_month">Comparação mensal</string>
  <string name="monthly_report_largest_expense">Maior despesa</string>
  <string name="monthly_report_expense_by_category">Despesas por categoria</string>
  <string name="monthly_report_nodata">Nenhum relatório para este mês</string>
  <string name="monthly_report_nodata_guide">Relatórios mensais serão exibidos automaticamente quando começa um  um novo mês</string>
  <string name="search_result">Resultado da pesquisa</string>
  <string name="type">Tipo</string>
  <string name="with">com</string>
  <string name="select_time">Selecione a hora</string>
  <string name="notification_center_message_empty_notification">Nenhuma notificação</string>
  <string name="notification_center_title">Centro de notificação</string>
  <string name="notification_center_delete_read_notifications">Apagar mensagens lidas</string>
  <string name="notification_center_mark_all_as_read">Marcar todas como lidas</string>
  <string name="debt_manager_title">Débitos</string>
  <string name="debt_wallet">Pagável</string>
  <string name="loan_wallet">A Receber</string>
  <string name="now">Não pago</string>
  <string name="past">Pago</string>
  <string name="note_transaction_saving">Retirar-se da poupança %1$s</string>
  <string name="saving_overview_title">Poupanças</string>
  <string name="saving_overview_deposit">Depósito</string>
  <string name="saving_overview_need">Necessidade</string>
  <string name="saving_overview_spend">Gastar</string>
  <string name="saving_overview_withdraw">Levantar</string>
  <string name="saving_deposit">Depositar no plano de poupança %1$s</string>
  <string name="saving_withdraw_default_note">Retirar do plano de poupança %1$s</string>
  <string name="saving_overview_no_data_guide">Toque no botão %1$s acima para adicionar o novo plano de poupança</string>
  <string name="saving_menu_deposit">Depósito</string>
  <string name="saving_menu_withdraw">Levantar</string>
  <string name="saving_menu_spendon">Gastar em…</string>
  <string name="saving_add_title">Adicionar poupança</string>
  <string name="saving_edit_title">Editar poupança</string>
  <string name="saving_add_name_title">Nome</string>
  <string name="saving_add_start_amount">Valor inicial</string>
  <string name="saving_add_success">Criada nova campanha de poupança</string>
  <string name="saving_add_error_goal_amount">Deve inserir o valor meta!</string>
  <string name="saving_add_error_name">Deve introduzir o nome da campanha de poupança!</string>
  <string name="saving_add_error_icon">Deve escolher o ícone!</string>
  <string name="saving_add_cancel_adding">Você quer descartar esta poupança?</string>
  <string name="saving_add_discard_edit">Você quer descartar alterações para esta poupança?</string>
  <string name="dialog_select_event_remove">Remover evento</string>
  <string name="event_add_title">Criar Evento</string>
  <string name="event_edit_title">Editar evento</string>
  <string name="event_input_name_error">Vamos inserir o nome do seu evento</string>
  <string name="event_select_icon_error">Não se esqueça do ícone para o evento</string>
  <string name="event_overview_view_transactions">Transações</string>
  <string name="event_overview_deposit">Depósito</string>
  <string name="event_overview_withdraw">Levantar</string>
  <string name="event_overview_deposited">Depositado</string>
  <string name="event_overview_finish">Terminar</string>
  <string name="event_overview_no_data_guide">Toque no botão %1$s acima para adicionar novo plano de poupança</string>
  <string name="event_menu_mark_as_finished">Marcar como terminado</string>
  <string name="event_menu_mark_as_unfinish">Marcar como inacabado</string>
  <string name="interest_rate_title">Taxa de juros</string>
  <string name="interest_rate">Taxa</string>
  <string name="time_from">Tempo de duração</string>
  <string name="select_type_interest">Tipo de interesse</string>
  <string name="date_to_invalid">Data de obrigação após a data de </string>
  <string name="amount_empty">Por favor, insira o valor</string>
  <string name="time_mode_interest">Modo de tempo</string>
  <string name="rate_empty">Por favor, digite o valor da taxa</string>
  <string name="time_empty">Por favor, escolha o intervalo do tempo</string>
  <string name="interest">Valor dos juros</string>
  <string name="number_of_period">Número de períodos</string>
  <string name="total_amount">Montante total</string>
  <string name="interest_result">Resultado</string>
  <string name="total_people">com %d pessoas</string>
  <string name="percent_tip">Gorjeta de %1$s%%</string>
  <string name="total_pay">Pagamento total</string>
  <string name="total_tip">Gorjeta total</string>
  <string name="total_tip_person">Pessoa gorjeta total</string>
  <string name="total_per_person">Valor por pessoa</string>
  <string name="note_it">Observe isso</string>
  <string name="no_tip">nenhuma gorjeta</string>
  <string name="more_people">Número de pessoas</string>
  <string name="more_tip">Porcentagem de gorjeta</string>
  <string name="calculate">Calcular</string>
  <string name="change_review">%1$s%% é a melhor, &lt;b&gt;alterar?&lt;/b&gt;</string>
  <string name="empty_amount">Quantia está vazia</string>
  <string name="inapp_purchase">Opções Premium</string>
  <string name="message_purchase_error">Erro na compra</string>
  <string name="message_purchase_success">Compra com sucesso. Reinicie o aplicativo para aplicar as alterações.</string>
  <string name="purchase_bought">Você comprou este</string>
  <string name="reset_app_to_change">Reinicie o aplicativo para aplicar as alterações</string>
  <string name="purchase_buy_all_title">Subscrever Premium</string>
  <string name="purchase_buy_all_text">Ter mais de uma carteira, plano de orçamento, plano de poupanças, plano de evento. \nNão mais propaganda!</string>
  <string name="purchase_buy_ads_title">Remover anúncios</string>
  <string name="purchase_buy_ads_text">Aproveite o Money Lover básico sem mais anúncios!</string>
  <string name="purchase_input_premium_code_text">Se você tiver um código de licença</string>
  <string name="purchase_notice_buy_features">Na versão gratuita pode adicionar um orçamento, uma poupança, um evento apenas e não pode usar todos os recursos. Por favor, mude para premium para ter estes recursos ilimitados e acesso a todas as funcionalidades</string>
  <string name="premium_code">Digite o Código de licença</string>
  <string name="license_code_not_correct">O código de licença não está correto</string>
  <string name="license_code_success">O código de licença é válido. Está agora habilitado a aceder a todos os recursos em %1$s</string>
  <string name="widget_select_account_empty">Você precisa de uma carteira antes de criar o widget</string>
  <string name="widget_simple_light_name">Widget com luz simples</string>
  <string name="widget_select_account_title">Selecionar carteira</string>
  <string name="ail_message_empty_image">Não faltam fotos</string>
  <string name="ail_guide_1">Tire uma foto de algo</string>
  <string name="ail_guide_2">Então você pode adicionar a transação sobre isso mais tarde</string>
  <string name="migrate_dialog_message">Money Lover vai transferir os dados da versão antiga para uma nova. Quer continuar?</string>
  <string name="migrate_dialog_notice">Aviso</string>
  <string name="migrate_dialog_disabled_function">Nesta versão, o recurso de cobrança foi temporáriamente desabilitado mas os seus dados de conta vão ser transferidos de qualquer forma.</string>
  <string name="migrate_dialog_cancel_message">Se você mudar de idéia mais tarde, ainda pode selecionar migrar em %1$s. Mas todos os seus novos dados de agora em diante esse momento serão perdidos permanentemente.</string>
  <string name="migrate_processing_transfer_currencies">Transferência de moedas</string>
  <string name="migrate_processing_transfer_accounts">A transferir e converter contas antigas em carteiras</string>
  <string name="migrate_processing_transfer_master_categories">Transferência de categorias mãe</string>
  <string name="migrate_processing_transfer_categories">A transferir categorias</string>
  <string name="migrate_processing_transfer_transactions">A transferir transações</string>
  <string name="migrate_processing_transfer_tagged_people">A transferir as pessoas marcadas</string>
  <string name="migrate_processing_transfer_sub_transactions">A transferir sub transações</string>
  <string name="migrate_processing_transfer_interests">A transferir juros</string>
  <string name="migrate_processing_transfer_bills">A transferir contas</string>
  <string name="migrate_processing_transfer_budgets">A transferir orçamentos</string>
  <string name="migrate_processing_transfer_campaigns">A transferir campanhas</string>
  <string name="restore_title">Restaurar dados</string>
  <string name="restore_message_successful">Importação com sucesso!</string>
  <string name="restore_message_error">Ocorreu um erro ao importar dados</string>
  <string name="restore_loading_file_from_dropbox">Carregando arquivo do Dropbox…</string>
  <string name="restore_connect_dropbox">Ligar ao Dropbox</string>
  <string name="restore_message">Selecione um ficheiro abaixo de onde restaurar dados</string>
  <string name="restore_message_edit">Selecione o arquivo para excluir</string>
  <string name="restore_empty_file">Não há arquivos</string>
  <string name="restore_disconnect_dropbox">Desvincular o Dropbox</string>
  <string name="restore_disconnect_dropbox_confirm">Você realmente quer desvincular o Dropbox?</string>
  <string name="backup_title">Backup de dados</string>
  <string name="backup_file_name">Backup para arquivo</string>
  <string name="backup_notice_about_file_ext">Partir desta versão, usamos o novo arquivo extensão &lt;b&gt;.mlx&lt;/b&gt; , mas ainda pode importar arquivo tanto .money e .mlx para %1$s</string>
  <string name="backup_success_message">Backup com êxito</string>
  <string name="backup_fail_message">Backup falhado</string>
  <string name="navigation_group_support">Suporte</string>
  <string name="navigation_group_setting">Configuração</string>
  <string name="navigation_group_plans">Planeamento</string>
  <string name="navigation_group_others">Outros</string>
  <string name="navigation_group_tools">Ferramentas</string>
  <string name="widget_account_was_deleted">Carteira foi eliminada</string>
  <string name="tools_install_go_to_playstore">Ir à PlayStore</string>
  <string name="tools_shopping_lover_intro">Este aplicativo é construído com base nos hábitos dos consumidores. Aumenta a eficiência e rapidez de sua experiência de compras e também evita erros desnecessários.</string>
  <string name="tools_exchanger_intro">Exchanger é uma maneira simples para converter a moeda em mobile. &lt;br /&gt;-design agradável com design plano &lt;br /&gt; - 100 + moedas mundiais &lt; br / &gt;-converter moedas múltiplas em uma vez &lt;br /&gt;
-Modo Offline (não precisa de rede).</string>
  <string name="rate_app_dont_show_again">Não mostrar taxa App notificação novamente</string>
  <string name="rate_app_dont_show_again_short">Não mostrar novamente</string>
  <string name="rate_app_config_title">Definição de taxa app</string>
  <string name="delete">Apagar</string>
  <string name="restore_delete_message">Você quer excluir esses arquivos defenitivamente?</string>
  <string name="restore_message_confirm">Você quer restaurar dados do arquivo %1$s? Todos os seus dados atuais serão apagados!</string>
  <string name="restore_autobackup_fail">Falha de backup automático. O processo de restauro não pode continuar.</string>
  <string name="deleting">A apagar…</string>
  <string name="purchase_error_unknown">Apareceu um erro desconhecido.</string>
  <string name="purchase_please_wait_until_data_is_loaded">Aguarde até que os dados sejam carregados.</string>
  <string name="announce_update_lost_data_message">&lt;p&gt;Estamos atualizando o Money Lover para uma nova versão e migração de dados do antigo para o novo. Durante o processo, você pode experimentar algumas perdas de dados, às vezes, infelizmente, todos eles. &lt;p&gt;&lt;p&gt;&lt;b&gt; Tecnicamente, os seus dados ainda lá estarão porque não os excluímos se o processo de migração não correr bem.&lt;/b&gt;&lt;/p&gt;&lt;p&gt; se se encontra nesta situação, entre em contato conosco e ajudaremos a recuperar os seus dados. &lt;/p &gt;</string>
  <string name="announce_update_lost_data_message_title">Sobre a perda de dados após a atualização</string>
  <string name="cannot_find_my_language">Mais idiomas?</string>
  <string name="feedback_language_text">Olá, \nI gostaria de traduzir os seguintes Idiomas: \n</string>
  <string name="feedback_language_subject">[LANG] FEEDBACK PARA O IDIOMA</string>
  <string name="message_more_languages">Estamos a trabalhar na tradução da nova versão do Money Lover para outros idiomas, mas esse processo pode demorar um pouco, então precisamos muito de ajuda dos nossos usuários para acelerá-lo.</string>
  <string name="message_more_languages_help">Por favor ajude-nos se pode traduzir do inglês para outras línguas. Pode contactar-nos para mais informações.</string>
  <string name="languagehelp_ok">Sim, eu vou ajudar!</string>
  <string name="languagehelp_cancel">Não, talvez mais tarde :(</string>
  <string name="languagehelp_title">Ajuda em Tradução</string>
  <string name="changes_log_title">Registo de alterações</string>
  <string name="restore_menu_show_auto_backup">Mostrar arquivos de backup automático</string>
  <string name="restore_menu_hide_auto_backup">Esconder arquivos de backup automático</string>
  <string name="restore_menu_edit">Selecione os arquivos</string>
  <string name="title_view_web">Exibição da Web</string>
  <string name="title_notification_web">Conexão cliente web</string>
  <string name="turn_on_web">Ativar servidor</string>
  <string name="turn_off_web">Desligar o servidor</string>
  <string name="tab_to_turn_off_web">Toque para desligar da web</string>
  <string name="budget_detail_error_budget_not_exists">Este orçamento já não existe</string>
  <string name="new_expense_category">Nova categoria de despesa</string>
  <string name="new_income_category">Nova categoria de receita</string>
  <string name="turn_on_wifi">Ligar o wifi primeiro</string>
  <string name="server_off">Servidor desligado</string>
  <string name="access_link">%1$s</string>
  <string name="previous_web">Anterior</string>
  <string name="next_web">Próxima</string>
  <string name="webdisplay_status_title">Status</string>
  <string name="webdisplay_menu_help">Ajuda</string>
  <string name="webdisplay_menu_advance">Opções avançadas</string>
  <string name="add_web">Adicionar</string>
  <string name="cashback_loan_info">de %1$s</string>
  <string name="webdisplay_turning_on">A ligar…</string>
  <string name="webdisplay_turned_on">Desligar</string>
  <string name="webdisplay_turning_off">A desligar…</string>
  <string name="webdisplay_turned_off">Ligar</string>
  <string name="set_as_start_date">Definir como data de início</string>
  <string name="set_as_end_date">Definir como a data de término</string>
  <string name="webdisplay_warning_port_over">Porto deve ter intervalo de %1$s a %2$s</string>
  <string name="webdisplay_warning_port_web">Esta porta é duplicada com %1$s</string>
  <string name="webdisplay_will_change_port">Porto será alterado depois de ligar o serviço novamente.</string>
  <string name="webdisplay_open_web_browser">Abrir este endereço no navegador da web</string>
  <string name="webdisplay_warning_port_exist">Esta porta está a ser usada por outro serviço. Por favor, seleccione outra porta.</string>
  <string name="webdisplay_change_port">Mudar a porta</string>
  <string name="webdisplay_web_actions">Ações</string>
  <string name="webdisplay_web_feedback_support">Suporte de \u0026 feedback</string>
  <string name="webdisplay_web_add_more">Adicionar mais</string>
  <string name="reset_data_message">Você quer redefinir todos os dados? Todos os dados como carteiras, transações, orçamentos, poupança ou eventos serão removidos. Esta ação não pode ser desfeita.</string>
  <string name="upload_to_dropbox_success">Enviados para DropBox</string>
  <string name="message_large_spend_amount">Quantidade inserida deve ser menor do que a quantidade atual da poupança.</string>
  <string name="message_error_select_parent_cate">Não pode seleccionar-se como pai</string>
  <string name="translated_by">Traduzido por %1$s</string>
  <string name="add_transaction_with_suggestion">Você pode adicionar pessoas que não está no contato, adicionando uma vírgula (,) após seu nome.</string>
  <string name="msg_add_transaction_first">Quer adicionar a primeira transação agora?</string>
  <string name="global">Global</string>
  <string name="notification_bank_sms_title">Your %1$s wallet change %2$s</string>
  <string name="custom_range_cashbook">Personalizado</string>
  <string name="navigation_travel_mode">Modo de viagem</string>
  <string name="select_event_title">Selecione o evento</string>
  <string name="travel_mode_description">No modo de viagem, pode selecionar um evento em execução para ser selecionado automáticamente cada vez que criar uma transação.</string>
  <string name="travel_mode_activated_message">Modo de viagem está activado. Feliz viagem!</string>
  <string name="travel_mode_turn_off_message">Você quer desativar o modo de viagem?</string>
  <string name="travel_mode_quick_add_notification">Adicionar ao evento %1$s</string>
  <string name="travel_mode_turned_off_message">Modo de viagem está desligado</string>
  <string name="purchase_description">Cada compra é válida por apenas 100 anos.</string>
  <string name="backup_select_one">Selecione um</string>
  <string name="repeat_transaction_mode_month_same_days">em %1$s cada mês</string>
  <string name="repeat_transaction_mode_month_this_day">on every %1$s %2$s of month</string>
  <string name="repeat_transaction_times_duration_for_a_number_of_event_shorted">Para</string>
  <string name="repeat_transaction_manager">Transações recorrentes</string>
  <string name="recent_transaction_no_transactions">Não há transações recentes</string>
  <string name="repeat_transaction_next_repeat">Em seguida, repetir</string>
  <string name="repeat_transaction_need_specify_repeat">Você precisa especificar as opções de repetição</string>
  <string name="recent_transaction_dialog_list_title">Transação recente</string>
  <string name="repeat_transaction_message_confirm_delete_template">Deseja apagar este modelo?</string>
  <string name="repeat_transaction_no_template">Não há nenhum modelo repetido</string>
  <string name="repeat_transaction_no_repeat">Sem repetição</string>
  <string name="repeat_transaction_next_repeat_at">Next repeat at %1$s</string>
  <string name="share_need_to_download_before_sharing">This file will be downloaded from DropBox before being shared</string>
  <string name="repeat_transaction_add_template">Adicionar transação recorrente</string>
  <string name="repeat_transaction_edit_template">Editar transação recorrente</string>
  <string name="recent_transaction_show_when_add_transaction">Mostrar esta caixa de diálogo automaticamente quando adicionar transação</string>
  <string name="message_login_now">After enter promotion code, you could create an Money Lover account to link your account with your Premium status. If you have another device, login Money Lover with your account so Premium status in that device will be automatically activated.</string>
  <string name="recent_transaction_dialog_description">You can import transaction data from these previous ones</string>
  <string name="repeat_transaction_every">Every</string>
  <string name="repeat_transaction_from">From</string>
  <string name="repeat_transaction_at">at</string>
  <string name="repeat_transaction_times">times</string>
  <string name="event_delete_message">Do you want to delete this event?</string>
  <string name="saving_delete_message">Do you want to delete this saving?</string>
  <string name="budget_delete_message">Do you want to delete this budget?</string>
  <string name="transaction_detail_cashback_left">Left</string>
  <string name="transaction_detail_cashback_paid">Paid</string>
  <string name="add_account_error_message_no_currency">Please select one currency for your wallet</string>
  <string name="store_download_fail">Can not download icon at this moment</string>
  <string name="dialog_turn_on_location_service">Do you want turn on location service?</string>
  <string name="set_icon_default_tab">Default</string>
  <string name="set_icon_tab_sdcard">Downloaded</string>
  <string name="set_icon_more_tab">More icon</string>
  <string name="store_preview_icon">Preview</string>
  <string name="store_buy_icon">Buy</string>
  <string name="store_icon_title">Icon Store</string>
  <string name="store_purchase_preview">Preview</string>
  <string name="download">Download</string>
  <string name="do_not_show_again">Don\'t show again</string>
  <string name="new_icon_packs_are_available">Two new icon packs are available for using for category, event and saving. You can create a new category to see them right now!</string>
  <string name="dialog_share_account">Share wallet with</string>
  <string name="share_account_success">Share wallet success</string>
  <string name="dialog_sharing_account">Sharing…</string>
  <string name="email_address_invalid">Email address invalid</string>
  <string name="set_location_get_address_error">Can not load address now, please try again later!</string>
  <string name="cashbook_balance">Balance</string>
  <string name="statistic_trends">Trends</string>
  <string name="sync_transferring_data">Transferring data</string>
  <string name="sync_running">Sync is in progress…</string>
  <string name="trend_criteria_collapsed_time">From &lt;b&gt;%1$s&lt;/b&gt; to &lt;b&gt;%2$s&lt;/b&gt;</string>
  <string name="transaction_detail_set_location">Set location</string>
  <string name="transaction_detail_can_not_download_image">Can not download this image, please try another.</string>
  <string name="user_unauthenticated">You must login first</string>
  <string name="share_account_error">Share wallet failed</string>
  <string name="beta">Beta</string>
  <string name="sync_error">Sync error</string>
  <string name="sync_notification_ticker_text">Syncing data with server</string>
  <string name="sync_notification_content_title">Sync Money Lover</string>
  <string name="login_success">Login successfully</string>
  <string name="login_forgot_password">Esqueceu a palavra-passe?</string>
  <string name="register_show_password">Mostrar palavra-passe</string>
  <string name="sync_done">Processo de sincronização feito com sucesso</string>
  <string name="login_fail">Invalid email/password combination. Please try again.</string>
  <string name="connecting">Connecting…</string>
  <string name="sync_account">Sync wallet</string>
  <string name="message_sync_transfer_data">Do you want to transfer data?</string>
  <string name="sync_dialog_transfer_title">Transfer data</string>
  <string name="sync_running_cannot_add_item">Sync process is running, please wait for a moment</string>
  <string name="sync_last_sync">Last sync: %1$s</string>
  <string name="sync_sync_first_time">Tap to sync for the first time</string>
  <string name="icon_xmas_notification_title">Merry Xmas with new icon pack!</string>
  <string name="icon_xmas_notification_content">Holiday is coming: Decorate Money Lover with the beautiful Christmas icon pack today! And it’s free!</string>
  <string name="store_icon_re_download">Download again</string>
  <string name="store_icon_free">Free</string>
  <string name="store_icon_list_empty">No icon packs</string>
  <string name="store_icon_canceled_message">Download for icon package %1$s was canceled</string>
  <string name="store_icon_download_finished_message">Icon package %1$s was downloaded. You can use those new icons when creating category, event or saving.</string>
  <string name="transaction_detail_show_advanced">Add more detail</string>
  <string name="refresh">Refresh</string>
  <string name="navigation_store">Money Lover Store</string>
  <string name="create_category_select_parent_error">Can not choose this category as parent</string>
  <string name="sync_error_timeout">server is maintained</string>
  <string name="sync_error_server_busy">Server is busy</string>
  <string name="sync_register_success">Register successfully</string>
  <string name="transaction_detail_warning_time_not_in_range">This date is not in budget %1$s\' time range (%2$s)</string>
  <string name="notification_message_remind_transaction">You set a notification for a transaction %1$s: %2$s. Tap to view its detail.</string>
  <string name="location_add_new_address">Add %1$s as a place</string>
  <string name="category_none_name">No categories</string>
  <string name="saving_add_startamount_over">Start amount can not large than goal amount</string>
  <string name="share_account_permission">Set this person as OWNER so they can view, add, edit, delete all kind of data in this wallet</string>
  <string name="error_can_not_load_wallet">Can not load wallet or the selected wallet was deleted. Please try again or open application not from shortcut.</string>
  <string name="select_category_tap_to_create_one">Tap to create one</string>
  <string name="error_can_not_change_wallet_transaction_debt_loan">Can not change wallet for debt, loan transaction</string>
  <string name="quick_add_manager_title">Show on status bar</string>
  <string name="account_manager_create_shortcut">Create shortcut</string>
  <string name="budget_no_data">No budgets</string>
  <string name="event_no_data">No events</string>
  <string name="saving_no_data">No savings</string>
  <string name="notification_center_no_data">No notifications</string>
  <string name="recurring_transaction_no_data">No recurring transactions</string>
  <string name="notification_like_fan_page_title">Like us on Facebook</string>
  <string name="notification_like_fan_page_text">keep in touch with us for updates, tips and occasional free stuff</string>
  <string name="share_account_email_target">Email which you want to share with</string>
  <string name="share_account_email_error">This string is not a valid email address</string>
  <string name="monthly_report_other_categories">Other categories</string>
  <string name="transfer_wallet_unknown_error_message">Can not transfer between wallets at this moment, please try again. If you still see this message next time, please contact us so we can help to fix this problem.</string>
  <string name="forgot_password_error_wrong_email">This email is not registered with us, please try again.</string>
  <string name="forgot_pass_success">Please check your email account for further instructions.</string>
  <string name="register_error_email_exists">This email is unavailable. Please choose another one.</string>
  <string name="promote_event_expire">This event is already finished</string>
  <string name="promote_event_error_wrong_code">Invalid promote code. Please try again.</string>
  <string name="register_error_server">Our server encountered an weird error and we\'ve been noticed. Please take a cup of coffee why we\'re fixing it.</string>
  <string name="register_error_entered_info_not_enough">Please fill all information to continue</string>
  <string name="purchase_post_facebook_success">Thanks for sharing</string>
  <string name="promote_event_input_successfully">Promote code is valid. Now you can use all features as a Premium user! Thank you for using %1$s</string>
  <string name="promote_event_share_facebook">Share on Facebook</string>
  <string name="promote_event_login_description">TIP: Register a %1$s account to link your Premium status with that account, so next time you login to %1$s, you will have your Premium status back.</string>
  <string name="promote_event_share_facebook_description">It would be cool to share this code to your friends! Don\'t worry, it won\'t affect your Premium status.</string>
  <string name="notification_center_message_already_logged_in">You\'ve already logged in.</string>
  <string name="congratulation">Congratulation!</string>
  <string name="cashbook_pull_to_add_transaction">Pull to add transaction</string>
  <string name="cashbook_release_to_add_transaction">Release to add transaction</string>
  <string-array name="cashbook_set_timerange_items">
    <item>Day</item>
    <item>Week</item>
    <item>Month</item>
    <item>Quarter</item>
    <item>Year</item>
    <item>All</item>
    <item>Custom</item>
  </string-array>
  <string-array name="delimiters">
    <item>Ponto e vírgula (;)</item>
    <item>Vírgula (,)</item>
    <item>Tabulação</item>
  </string-array>
  <string-array name="create_budget_array_time_range">
    <item>Este mês</item>
    <item>Este trimestre</item>
    <item>Este ano</item>
    <item>No próximo mês</item>
    <item>Próximo trimestre</item>
    <item>No próximo ano</item>
    <item>Intervalo personalizado</item>
  </string-array>
  <string-array name="budget_overview_titles">
    <item>Em execução</item>
    <item>Terminado</item>
  </string-array>
  <string-array name="category_manager_edit_cate_menu">
    <item>@string/edit</item>
    <item>@string/delete</item>
  </string-array>
  <string-array name="debt_overview_titles">
    <item>@string/debt_wallet</item>
    <item>@string/loan_wallet</item>
  </string-array>
  <string-array name="campaign_overview_titles">
    <item>Em execução</item>
    <item>Terminado</item>
  </string-array>
  <string-array name="arrays_time_mode">
    <item>Semanal</item>
    <item>Cada 14 dias</item>
    <item>Mensal</item>
    <item>Cada 3 meses</item>
    <item>Cada 6 meses</item>
    <item>Anual</item>
  </string-array>
  <string-array name="arrays_type">
    <item>Juros simples</item>
    <item>Juros compostos</item>
  </string-array>
  <string-array name="repeat_transaction_time_mode">
    <item>Repeat Daily</item>
    <item>Repeat Weekly</item>
    <item>Repeat Monthly</item>
    <item>Repeat Yearly</item>
  </string-array>
  <string-array name="backup_list_file_backup_select_item">
    <item>@string/restore_title</item>
    <item>@string/backup_share</item>
  </string-array>
  <string-array name="repeat_transaction_mode_month_week">
    <item>first</item>
    <item>second</item>
    <item>third</item>
    <item>fourth</item>
    <item>fifth</item>
    <item>sixth</item>
  </string-array>
  <string-array name="repeat_transaction_times_duration">
    <item>Forever</item>
    <item>Until</item>
    <item>For a number of events</item>
  </string-array>
  <string-array name="trend_type">
    <item>@string/expense</item>
    <item>@string/income</item>
    <item>Net Income</item>
  </string-array>
  <string-array name="trend_criteria">
    <item>Overtime</item>
    <item>By Category</item>
  </string-array>
  <plurals name="cashbook_transaction_count">
    <item quantity="one">%d transação</item>
    <item quantity="other">%d transações</item>
  </plurals>
  <plurals name="budget_days_left">
    <item quantity="one">%d dia restante</item>
    <item quantity="other">%d dias restantes</item>
  </plurals>
  <plurals name="ail_view_photo_title">
    <item quantity="one">Falta %1$s Foto</item>
    <item quantity="other">Faltam %1$s Fotos</item>
  </plurals>
  <plurals name="editbar_selected_count">
    <item quantity="one">%d item selecionado</item>
    <item quantity="other">%d items selecionados</item>
  </plurals>
</resources>
