<?xml version="1.0" encoding="utf-8"?>
<!--Generated by crowdin.net-->
<resources>
  <string name="notice">Benachrichtigung</string>
  <string name="error">Fehler</string>
  <string name="close">Schließen</string>
  <string name="cancel">Abbrechen</string>
  <string name="save">Speichern</string>
  <string name="done">Fertig</string>
  <string name="yes">Ja</string>
  <string name="submit">Absenden</string>
  <string name="sorry">Entschuldigung</string>
  <string name="ok">Okay</string>
  <string name="search">Suchen</string>
  <string name="no">Nein</string>
  <string name="confirm">Bestätigen</string>
  <string name="today">Heute</string>
  <string name="tomorrow">Morgen</string>
  <string name="yesterday">Gestern</string>
  <string name="thisweek">Diese Woche</string>
  <string name="nextweek">Nächste Woche</string>
  <string name="lastweek">Letzte Woche</string>
  <string name="thismonth">Diesen Monat</string>
  <string name="nextmonth">Nächsten Monat</string>
  <string name="lastmonth">Letzten Monat</string>
  <string name="thisquarter">Dieses Quartal</string>
  <string name="nextquarter">Nächstes Quartal</string>
  <string name="lastquarter">Letztes Quartal</string>
  <string name="thisyear">Dieses Jahr</string>
  <string name="nextyear">Nächstes Jahr</string>
  <string name="lastyear">Letztes Jahr</string>
  <string name="quarter_shorten">Q</string>
</resources>
