<?xml version="1.0" encoding="utf-8"?>
<!--Generated by crowdin.net-->
<resources>
  <string name="AGO">zuvor</string>
  <string name="DAY">einen Tag</string>
  <string name="DAYS">%1$s Tage</string>
  <string name="HOUR">etwa eine Stunde</string>
  <string name="HOURS">%1$s Stunden</string>
  <string name="MINUTE">etwa eine Minute</string>
  <string name="MINUTES">%1$s Minuten</string>
  <string name="MONTH">etwa einen Monat</string>
  <string name="MONTHS">%1$s Monate</string>
  <string name="SECONDS">weniger als eine Minute</string>
  <string name="SUFFIX_FROM_NOW">ab sofort</string>
  <string name="YEAR">etwa ein Jahr</string>
  <string name="YEARS">%1$s Jahre</string>
</resources>
