<?xml version="1.0" encoding="utf-8"?>
<!--Generated by crowdin.net-->
<resources>
  <string name="second">Sekunde</string>
  <string name="minute">Minute</string>
  <plurals name="days_left">
    <item quantity="one">%d Tag verbleibt</item>
    <item quantity="other">%d Tage verbleiben</item>
  </plurals>
  <plurals name="hour_left">
    <item quantity="one">%d Stunde verbleibt</item>
    <item quantity="other">%d Stunden verbleiben</item>
  </plurals>
  <plurals name="minute_left">
    <item quantity="one">%d Minute verbleibt</item>
    <item quantity="other">%d Minuten verbleiben</item>
  </plurals>
  <plurals name="second_left">
    <item quantity="one">%d Sekunde verbleibt</item>
    <item quantity="other">%d Sekunden verbleiben</item>
  </plurals>
</resources>
