<?xml version="1.0" encoding="utf-8"?>
<!--Generated by crowdin.net-->
<resources>
  <string name="wpDifferentCurrency">Die ausgewählten Accounts haben nicht die selbe Währung!!! Möchten Sie den Betrag ändern = </string>
  <string name="downloading">Wird heruntergeladen</string>
  <string name="duplicate">Duplikat</string>
  <string name="wpeditAmount"> Oder Sie können den Betrag manuell bearbeiten.</string>
  <string name="wpEmptyContent">Keine Daten zum Anzeigen vorhanden</string>
  <string name="wpEmptySymbol">: (</string>
  <string name="wpEndDateAfterStartDateError">Enddatum kann nicht vor dem Anfangsdatum liegen.</string>
  <string name="wpEnterName">Ihr Brieftaschenname?</string>
  <string name="wpEnterPass">Geben Sie Ihr Passwort ein</string>
  <string name="exit">Beenden</string>
  <string name="wpExpenseColor">Farbe der Ausgaben</string>
  <string name="wpFeedBackSubject">[W] Feedback</string>
  <string name="format">Format</string>
  <string name="For">Für</string>
  <string name="wpHeaderColor">Farbe der Kopfzeile</string>
  <string name="wpHelpUsTranslate">Helfen Sie mit zu Übersetzen</string>
  <string name="wpIncomeColor">Farbe der Einnahmen</string>
  <string name="wpInsertAccountAlert">Bitte Konto auswählen</string>
  <string name="wpInsertAmountAlert">Bitte Geld eingeben</string>
  <string name="wpInsertCategoryAlert">Bitte eine Kategorie auswählen</string>
  <string name="wpInsertCategoryLength">Die Länge des Kategorie-Namens muss länger als 2 und kleiner als 30 sein!</string>
  <string name="wpInsertImageAlert">Bitte wählen Sie ein Icon</string>
  <string name="wpInsertNameAlert">Bitte geben Sie einen Namen ein</string>
  <string name="wpInsertTimeRangeError">Bitte wählen Sie einen Zeitintervall aus</string>
  <string name="wpInsertTypeAlert">Bitte wählen Sie die Art der Kategorie</string>
  <string name="items">Objekte</string>
  <string name="wpLiveFolderError">Der Money Lover Ordner in SkyDrive kann nicht gefunden werden. Bitte versuchen Sie es später erneut.</string>
  <string name="wpLocationServiceWarning">LocationServiceWarning</string>
  <string name="wpLocationService">Positionsbestimmung</string>
  <string name="wpMessage3">BNS Fehler: Die Aktion ist deaktiviert</string>
  <string name="Message2">BNS Fehler: Die maximale Anzahl an ScheduledActions dieses Typs ist erreicht worden. </string>
  <string name="wpMessage1">Hintergrundagenten für diesen Dienst sind vom Benutzer deaktiviert worden.</string>
  <string name="wpMessage">Nachricht</string>
  <string name="monday">Montag</string>
  <string name="month">Monat</string>
  <string name="name">Name</string>
  <string name="navigations">Navigation</string>
  <string name="wpDeleteNotify">Möchten Sie alles löschen?</string>
  <string name="wpNotify7">[Melden]</string>
  <string name="wpNotify6">[Speichern]</string>
  <string name="wpNotify5">Das Budget ist {0} ist zu ende.</string>
  <string name="wpNotify4">Seien Sie vorsichtig, das Budget {0} ist fast am Ende.</string>
  <string name="wpNotify3_2">Der Verleih {0} ist terminiert.</string>
  <string name="wpNotify3_1">Die Schuld {0} ist bezahlt.</string>
  <string name="wpNotify2">Sie haben heute keine Transaktion hinzugefügt. Jetzt hinzufügen?</string>
  <string name="wpNotify1">Tips</string>
  <string name="wpNotify0">Willkommen bei Money Lover auf Windows Phone. Ab heute werden wir Ihnen helfen Ihre Ausgaben zu planen und zu archivieren, alles aufzuzeichnen und einen periodischen Report zu generieren. Haben Sie eine schöne Zeit damit.</string>
  <string name="notifications">Benachrichtigungen</string>
  <string name="notification">Benachrichtigung</string>
  <string name="wpNoParent">Nichts Übergeordnet</string>
  <string name="number">Nein. </string>
  <string name="other">Sonstiges</string>
  <string name="Over">Über</string>
  <string name="wpOverDue">Verspätet</string>
  <string name="wpOverAmount">Die Summe die Sie überweisen möchten ist größer als Ihr gesamtes Guthaben! Möchten Sie es wieder bearbeiten?</string>
  <string name="wpPaidHistory">Zahlungsverlauf</string>
  <string name="parent">Übergeordnet</string>
  <string name="wpPasswordProtected">Passwort geschützt</string>
  <string name="payment">Zahlung</string>
  <string name="people">Personen</string>
  <string name="picture">Bild</string>
  <string name="wpPinToStart">Hinzufügen um zu starten</string>
  <string name="place">Ort</string>
  <string name="wpPlaceFinder">Ort suchen</string>
  <string name="quarter">Quartal</string>
  <string name="reason">Grund</string>
  <string name="reload">Neu laden</string>
  <string name="wpReminderAddTran">Erinnerungsfunktion für die Transaktion</string>
  <string name="wpRestartNotify">Sie müssen diese App neu starten um die Änderungen anzuwenden.</string>
  <string name="wpRestoreMess">Daten wiederherstellen wird die aktuelle Datenbank mit der ausgewählten ersetzen. Alle Daten werden gelöscht. Sind Sie sicher die Datenbank wiederherstellen zu wollen?</string>
  <string name="wpRestoreComplete">Wiederherstellung erfolgt.</string>
  <string name="restore">Wiederherstellen</string>
  <string name="running">Aktiv</string>
  <string name="wpSamplePlaceSearch">Nennen Sie einige Orte</string>
  <string name="wpSelectedCategory">Kategorie</string>
  <string name="wpSkydriveLogin">Hallo, logge dich bitte zuerst in dein SkyDrive Account ein.</string>
  <string name="sort">Sortieren</string>
  <string name="wpSpendWith">Ausgeben mit</string>
  <string name="start_month">Erster Tag des Monats</string>
  <string name="start_week">Erster Tag der Woche</string>
  <string name="sunday">Sonntag</string>
  <string name="sure">Sicher</string>
  <string name="wpSyncDone">Synchronisierung vollständig.</string>
  <string name="wpThemeManager">Vorlagen Manager</string>
  <string name="wpThisMonth">Diesen Monat</string>
  <string name="wpThisQuarter">Dieses Quartal</string>
  <string name="wpThisWeek">Diese Woche</string>
  <string name="wpThisYear">Dieses Jahr</string>
  <string name="time_format">Zeitformat</string>
  <string name="wpTimeRange">Zeitspanne</string>
  <string name="title">Titel</string>
  <string name="wpToAcount">Zum Konto</string>
  <string name="today">Heute</string>
  <string name="tomorrow">Morgen</string>
  <string name="tranfer">Überweisen</string>
  <string name="wpTranferFail">Bitte überprüfen Sie die Information erneut! Der Betrag, den Sie überweisen wollen, muss größer als 0 sein.</string>
  <string name="wpTranferComplete">Überweisung abgeschlossen!</string>
  <string name="wpTransferFrom">Überweisen von:</string>
  <string name="wpTransferMoney">Geldtransfer</string>
  <string name="wpTranferingException">TransferingException</string>
  <string name="wpTransactionInfo">Transferinformation</string>
  <string name="tutorial">Tutorial</string>
  <string name="unfinished">Nicht fertig</string>
  <string name="unit">Einheit</string>
  <string name="wpUploadCompleted">Hochladen abgeschlossen.</string>
  <string name="uploading">Lädt hoch</string>
  <string name="wpUploadSkydrive">Zu SkyDrive hochladen</string>
  <string name="wpUseCustomColor">Verwende benutzerdefinierte Farbe</string>
  <string name="used">Benutzt</string>
  <string name="wpViewMode">Ansichtsmodus</string>
  <string name="wpViewOffice">Büroansicht</string>
  <string name="week">Woche</string>
  <string name="wrong">Falsch</string>
  <string name="wpWrongPass">Falsches Passwort.</string>
  <string name="year">Jahr</string>
  <string name="yesterday">Gestern</string>
  <string name="wpViewTran">Transaktionen anzeigen</string>
  <string name="editDebt">Schulden bearbeiten</string>
  <string name="wpTimeAlreadyOver">Die angegebene Zeit ist schon vorüber.</string>
  <string name="account_all">Alle Konten</string>
  <string name="about_msg_wp">Geld verdienen und Geld verwalten ist nicht ein und das Selbe! Undurchdachte Ausgaben und Leichtsinnlichkeit sind Probleme mit denen sich Familien weltweit oft konfrontiert finden. Money Lover wird Ihnen dabei helfen Ihre Ausgaben zu planen und unter Kontrolle zu halten, alles aufzeichnen und einen periodischen Report für Sie generieren. Es ist nicht ein Voll-Umfangreiches Finanzprogramm, jedoch ist es sehr hilfreich für einfache Familien-/Persönliche finanzielle Planungen.</string>
  <string name="clear">Leeren</string>
  <string name="day">Tag</string>
  <string name="interest_rate">Zinsen</string>
  <string name="string_select_all">Alles auswählen</string>
  <string name="settings_alarm_group_title">Alarm</string>
  <string name="wpAddAccountFirst">Fügen Sie bitte erst eine Brieftasche hinzu!</string>
  <string name="wpATM">Bankomat</string>
  <string name="wpAdd">Hinzufügen</string>
  <string name="wpBank">Bank</string>
  <string name="wpBackupRestore">Sichern &amp; Wiederherstellen</string>
  <string name="wpBackup">Sicherung</string>
  <string name="wpCannotEditAccount">Das Konto kann nicht bearbeitet werden.</string>
  <string name="wpCannotEditTransaction">Diese Transaktion kann nicht bearbeitet werden.</string>
  <string name="wpConfirmBackCategory">Die Kategorie wurde noch nicht gespeichert, sind Sie sicher dass Sie zurück gehen wollen?</string>
  <string name="wpConfirmBack">Die Transaktion wurde noch nicht gespeichert, sind Sie sicher dass Sie zurück gehen möchten?</string>
  <string name="wpConfirmBackBudget">Ihr Budget wurde noch nicht gespeichert, sind Sie sicher dass Sie zurück gehen möchten?</string>
  <string name="wpCustomRange">Benutzerdefinierter Intervall</string>
  <string name="wpCustomTimeNullError">Die benutzerdefinierte Zeit ist null. Bitte wählen Sie einen Zeitintervall.</string>
  <string name="wpDayLeft">Tag verbleibt</string>
  <string name="wpDaysLeft">Tage verbleiben</string>
  <string name="wpDeleteTransaction">Sie werden alle Daten dieser Transaktion verlieren. Möchten Sie fortfahren?</string>
  <string name="wpDeletePin">Möchten Sie den das Angeheftete löschen?</string>
  <string name="wpDeleteBudget">Sie werden alle Daten dieses Budgets verlieren. Möchten Sie fortfahren?</string>
  <string name="wpDeleteAcc">Sie werden alle Daten dieses Account verlieren. Möchten Sie fortfahren?</string>
  <string name="wpDeleteCategory">Sie werden alle Daten dieser Kategorie und alle Überweisungen in dieser verlieren. Möchten Sie fortfahren?</string>
  <string name="wpAuto">Automatisch</string>
  <string name="rate">Zinsen</string>
  <string name="wp_warning_addtran_from_pin_message">Transaktion erfolgreich hinzugefügt. Möchten Sie zur Brieftaschenanzeige zurück gelangen?</string>
  <string name="navigation_group_policy">Strategie</string>
  <string name="wpNotify8">Herzlichen Glückwunsch, das Update ist vollendet. Möchten Sie die Neuerungen dieser Version kennen lernen? Bitte berühren Sie um zu sehen!</string>
</resources>
