<?xml version="1.0" encoding="utf-8"?>
<!--Generated by crowdin.net-->
<resources>
  <string name="settings_group_display">Anzeigen</string>
  <string name="settings_group_alarm_title">Alarm</string>
  <string name="settings_group_system">System</string>
  <string name="settings_group_database">Datenbank</string>
  <string name="settings_group_about">Über</string>
  <string name="settings_select_date_format">Datumsformat auswählen</string>
  <string name="settings_set_first_day_week">Ersten Tag der Woche wählen</string>
  <string name="settings_set_first_day_month">Ersten Tag des Monats wählen</string>
  <string name="settings_enable_pin">Password aktivieren</string>
  <string name="settings_connect_dropbox">Mit Dropbox verbinden</string>
  <string name="settings_connect_dropbox_connected">Verbunden</string>
  <string name="settings_select_language">Sprache wählen</string>
  <string name="settings_alarm">Täglich daran erinnern Überweisungen einzustellen</string>
  <string name="settings_auto_check_update">Automatisch nach Aktualisierungen suchen</string>
  <string name="settings_show_ail_notification_title">Zeige Add-it-later (Später hinzufügen) Warnung</string>
  <string name="pref_show_ail_summary">Machen Sie ein Foto zur Erinnerung, somit können Sie die Überweisung später eintragen</string>
  <string name="settings_about">Über Money Lover</string>
  <string name="settings_changes_log_title">Changelogs</string>
  <string name="settings_amount_text_display_title">Anzeige der darzustellenden Ziffern</string>
  <string name="pref_amount_text_decimal_separator_title">Dezimaltrennzeichen</string>
  <string name="pref_amount_text_decimal_separator_imperial">1,999.95</string>
  <string name="pref_amount_text_decimal_separator_international">1.999,95</string>
  <string name="pref_amount_text_show_currency_title">Währung anzeigen</string>
  <string name="pref_amount_text_minus_style_title">Positiv/Negativ Format</string>
  <string name="pref_amount_text_minus_style_color">Standard mit Farbe</string>
  <string name="pref_amount_text_minus_style_sign">Mit +/- Zeichen</string>
  <string name="pref_amount_text_minus_style_bracket">Mit ( ) Zeichen</string>
  <string name="pref_amount_text_shorten_title">Aufgerundeter Betrag</string>
  <string name="pref_using_location">Aufenthaltsort nutzen</string>
  <string name="settings_reset_data">Daten zurücksetzen</string>
  <string name="auto_backup_no">Keine automatische Sicherheitskopie</string>
  <string name="auto_backup">Automatische Sicherheitskopie</string>
  <string name="auto_backup_every_day">Jeden Tag</string>
  <string name="auto_backup_every_week">Jede Woche</string>
  <string name="auto_backup_every_month">Jeden Monat</string>
  <string name="auto_backup_every_year">Jedes Jahr</string>
  <string name="auto_backup_test">2 phút</string>
  <string name="settings_quick_add_notification_title"></string>
  <string-array name="first_day_of_week_display">
    <item>Sonntag</item>
    <item>Montag</item>
    <item>Dienstag</item>
    <item>Mittwoch</item>
    <item>Donnerstag</item>
    <item>Freitag</item>
    <item>Samstag</item>
  </string-array>
  <string-array name="first_day_of_month_display">
    <item>1ste</item>
    <item>2te</item>
    <item>3te</item>
    <item>4te</item>
    <item>5te</item>
    <item>6te</item>
    <item>7te</item>
    <item>8te</item>
    <item>9te</item>
    <item>10te</item>
    <item>11te</item>
    <item>12te</item>
    <item>13te</item>
    <item>14te</item>
    <item>15te</item>
    <item>16te</item>
    <item>17te</item>
    <item>18te</item>
    <item>19te</item>
    <item>20ste</item>
    <item>21ste</item>
    <item>22ste</item>
    <item>23ste</item>
    <item>24ste</item>
    <item>25ste</item>
    <item>26ste</item>
    <item>27ste</item>
    <item>28ste</item>
  </string-array>
  <string-array name="alarm_time_display">
    <item>17:00</item>
    <item>18:00</item>
    <item>19:00</item>
    <item>20:00</item>
    <item>21:00</item>
    <item>22:00</item>
    <item>23:00</item>
    <item>Kein Alarm</item>
  </string-array>
  <string-array name="auto_backup_repeat">
    <item>@string/auto_backup_every_day</item>
    <item>@string/auto_backup_every_week</item>
    <item>@string/auto_backup_every_month</item>
    <item>@string/auto_backup_every_year</item>
    <item>@string/auto_backup_no</item>
  </string-array>
</resources>
