<?xml version="1.0" encoding="utf-8"?>
<!--Generated by crowdin.net-->
<resources>
  <string name="cate_salary">Einkommen</string>
  <string name="cate_award">Preis</string>
  <string name="cate_selling">Verkauf</string>
  <string name="cate_give">Geben</string>
  <string name="cate_interest">Zinsen Geld</string>
  <string name="cate_debt">Schulden</string>
  <string name="cate_income_other">Sonstiges</string>
  <string name="cate_food">Essen &amp; Trinken</string>
  <string name="cate_entertainment">Unterhaltung</string>
  <string name="cate_travel">Reisen</string>
  <string name="cate_education">Bildung</string>
  <string name="cate_transport">Verkehrsmittel</string>
  <string name="cate_friend">Freunde &amp; Liebe</string>
  <string name="cate_family">Familie</string>
  <string name="cate_medical">Gesundheit</string>
  <string name="cate_shopping">Einkaufen</string>
  <string name="cate_loan">Verleih</string>
  <string name="cate_invest">Anlage</string>
  <string name="cate_expense_other">Sonstiges</string>
</resources>
