<?xml version="1.0" encoding="utf-8"?>
<!--Generated by crowdin.net-->
<resources>
  <string name="account">Brieftasche</string>
  <string name="amount">Betrag</string>
  <string name="budget">Budget</string>
  <string name="event_title">Ereignis</string>
  <string name="category">Kategorie</string>
  <string name="earned_from">Verdient von</string>
  <string name="end_date">End-Datum</string>
  <string name="expense">Ausgaben</string>
  <string name="goto_today">Zu heute springen</string>
  <string name="goto_thismonth">Zu diesen Monat springen</string>
  <string name="income">Einkommen</string>
  <string name="migrate">Migrieren</string>
  <string name="select_category">Kategorie auswählen</string>
  <string name="spent_on">Ausgegeben für</string>
  <string name="start_date">Startdatum</string>
  <string name="time">Zeit</string>
  <string name="time_range">%1$s - %2$s</string>
  <string name="loading_more">Lade…</string>
  <string name="goal">Ziel</string>
  <string name="edit">Bearbeiten</string>
  <string name="saved">Gespart</string>
  <string name="search_go">Suchen</string>
  <string name="buy_app">Go Premium</string>
  <string name="undobar_message">%1$s wurde gelöscht</string>
  <string name="backup_share">Teilen</string>
  <string name="version">Version %1$s</string>
  <string name="loading">Lade…</string>
  <string name="total">Insgesamt</string>
  <string name="splashscreen_create_account">Erste Brieftasche erstellen</string>
  <string name="splash_screen_use_cloud">Cloudservice (in Kürze)</string>
  <string name="splash_screen_use_cloud_info">Transaktionen mit easy syncronisieren und teilen</string>
  <string name="splash_screen_use_right_away">Nur für dieses Gerät</string>
  <string name="splash_screen_use_right_away_info">Sofort!</string>
  <string name="welcome_message_title">Wie willst du es nutzen?</string>
  <string name="welcome_message">Du kannst es später ändern</string>
  <string name="login_hint_email">E-Mail</string>
  <string name="login_hint_password">Passwort</string>
  <string name="login_facebook">Mit Facebook anmelden</string>
  <string name="login_money_lover">Mit Money Lover Konto anmelden</string>
  <string name="login_title">Einloggen</string>
  <string name="register_title">Registrieren</string>
  <string name="register_register">Anmelden</string>
  <string name="cashbook_earning">Einnahmen</string>
  <string name="cashbook_spending">Ausgaben</string>
  <string name="cashbook_all_transactions">Alle Transaktionen</string>
  <string name="cashbook_delete_transaction_message">Wollen Sie diese Transaktion löschen?</string>
  <string name="cashbook_left">%1$s fehlt</string>
  <string name="cashbook_no_data_guide">Tippen Sie auf %1$s Button unten, um einige hinzuzufügen</string>
  <string name="cashbook_no_data_swipe_down">Wischen Sie runter und</string>
  <string name="cashbook_no_data_faq_tip">Zu schwer zu verwenden? Tippen Sie auf %1$s, um Unterstützer zu finden</string>
  <string name="cashbook_no_data_earning">Keine Einnahmen</string>
  <string name="cashbook_no_data_spending">Keine Ausgaben</string>
  <string name="cashbook_no_data">Keine Transaktionen</string>
  <string name="cashbook_selected_account_not_existed">Ausgewählte Brieftasche existiert nicht, Sie werden zur Standard-Brieftasche weitergeleitet.</string>
  <string name="cashbook_contentdescription_help_support">Hilfe &amp; Support</string>
  <string name="cashbook_contentdescription_select_time_range_to_view">Wählen Sie den Ansicht-Modus</string>
  <string name="cashbook_contentdescription_delete_transaction">Transaktion entfernen</string>
  <string name="cashbook_contentdescription_sort_transaction">Transaktionen sortieren</string>
  <string name="cashbook_contentdescription_search_transaction">Transaktion suchen</string>
  <string name="cashbook_contentdescription_viewmode_transaction">nach Transaktionen sortieren</string>
  <string name="cashbook_contentdescription_viewmode_category">nach Kategorie sortieren</string>
  <string name="cashbook_contentdescription_transfer_money">Geldtransfer</string>
  <string name="with_person">mit %1$s</string>
  <string name="with_two_person">mit %1$s &amp; %2$s</string>
  <string name="with_many_person">mit %1$s &amp; %2$s anderen</string>
  <string name="press_back_one_more_time_to_exit">Nochmal zurück drücken zum beenden</string>
  <string name="paid">Cashback</string>
  <string name="cashbook_cashback_info">zu %1$s</string>
  <string name="add_transaction_amount_friendly_title">Wie viel?</string>
  <string name="add_transaction_title_add">Transaktion hinzufügen</string>
  <string name="add_transaction_title_edit">Buchung bearbeiten</string>
  <string name="add_transaction_title_view">Transaktionsdetails</string>
  <string name="add_transaction_note_title_normal">Notiz</string>
  <string name="add_transaction_note_hint">Leer</string>
  <string name="add_transaction_cancel_adding">möchtest du die Transaktion abbrechen</string>
  <string name="add_transaction_discard_edit">Möchten Sie die Änderungen verwerfen</string>
  <string name="add_transaction_account_alert_currency_change">Währung wird von %1$s in %2$s geändert. Trotzdem fortfahren?</string>
  <string name="add_transaction_account_alert_currency_change_start">Währung wird geändert von</string>
  <string name="add_transaction_account_alert_currency_change_middle">in</string>
  <string name="add_transaction_account_alert_currency_change_end">Wollen Sie fortfahren?</string>
  <string name="add_transaction_add_success">Transaktion erfolgreich hinzugefügt!</string>
  <string name="add_transaction_category_hint">Bitte wählen</string>
  <string name="add_transaction_with_title">Mit?</string>
  <string name="add_transaction_with_hint">z.B. Jon Snow, Arya Stark...</string>
  <string name="add_transaction_reminder_empty">keine Erinnerung</string>
  <string name="add_transaction_subtransaction_title">Cashback</string>
  <string name="add_transaction_timecreated_title">Datum</string>
  <string name="add_transaction_reminder_title">Erinnerung</string>
  <string name="add_transaction_error_amount">Betrag eintragen</string>
  <string name="add_transaction_error_category">Kategorie auswählen</string>
  <string name="debtor">Schuldner</string>
  <string name="lender">Kreditgeber</string>
  <string name="for_reason">Für %1$s</string>
  <string name="someone">jemand</string>
  <string name="someone_hint">Jemand</string>
  <string name="add_transaction_note_spend_from_saving">Ausgegeben aus Sparplan %1$s</string>
  <string name="add_transaction_no_category_found">Keine Übereinstimmungen</string>
  <string name="warning_big_amount_message">Diese Transaktionsbetrag scheint zu groß. Bist du sicher, dass er richtig ist?</string>
  <string name="warning_big_amount_dont_show_again">Nicht wieder anzeigen</string>
  <string name="im_wrong">Mein Fehler</string>
  <string name="add_note">Notiz schreiben</string>
  <string name="set_reminder_remove_reminder">Ausschalten</string>
  <string name="convert_currency_title_dialog">Geben Sie eine anderen Währung ein</string>
  <string name="convert_currency_message_convert_complete">Umwandeln zu</string>
  <string name="convert_currency_message_convert_error">Konvertierungsfehler</string>
  <string name="convert_currency_message_converting">konvertiere..</string>
  <string name="edit_transaction_confirm_change_category_for_debtloan">SInd Sie sicher, dass Sie die Kategorie ändern möchten? Es entfernt alle Transaktionen dieser Kategorie.</string>
  <string name="edit_transaction_mark_remove">Wird gelöscht</string>
  <string name="edit_transaction_mark_remove_message">Alle untergeordneten Transaktionen werden gelöscht</string>
  <string name="delete_sub_transaction">Diese Transaktion löschen</string>
  <string name="sub_transaction_title">Cashback-History</string>
  <string name="quick_add_transaction_dialog_title">Neue Transaktion</string>
  <string name="quick_add_notification_ticker">Neue Transaktion hinzufügen</string>
  <string name="quick_add_transaction_title">Zu %1$s hinzufügen</string>
  <string name="quick_add_transaction_notification_text">Tippen um zum Brieftasche zu gelangen</string>
  <string name="add_account_title_add">Brieftasche hinzufügen</string>
  <string name="add_account_title_edit">Brieftasche bearbeiten</string>
  <string name="add_account_name_title">Name</string>
  <string name="add_account_currency_title">Währung</string>
  <string name="add_account_start_balance_title">Erste Bilanz</string>
  <string name="add_account_error_accountname_exists">Diese Brieftasche-Namen ist bereits vorhanden.</string>
  <string name="add_account_error_accountname_length_invalid">Brieftasche-Name muss zwischen %1$s auf %2$s Zeichen haben.</string>
  <string name="add_account_discard_changed">Wollen SIe alle Änderungen an dieser Brieftasche verwerfen?</string>
  <string name="add_account_note_for_initial_balance">Erste Bilanz</string>
  <string name="add_account_shortcut_title">Home-Bildschirm Verknüpfung hinzufügen</string>
  <string name="add_account_shortcut_success">Verknüpfung erfolgreich erstellt</string>
  <string name="account_manager_title">Briefatschen Manager</string>
  <string name="account_manager_confirm_delete_account">Wollen Sie die Brieftasche %1$s  löschen?</string>
  <string name="time_picker_dialog_title">Wählen Sie Zeit</string>
  <string name="navigation_cashbook">Transaktionen</string>
  <string name="navigation_budget">Budgets</string>
  <string name="navigation_campaign">Erparnisse</string>
  <string name="navigation_event">Ereignisse</string>
  <string name="navigation_category_manager">Kategorien</string>
  <string name="navigation_statistic">Statistik</string>
  <string name="navigation_settings">Einstellungen</string>
  <string name="navigation_feedback">Feedback</string>
  <string name="navigation_debt_manager">Schulden</string>
  <string name="navigation_tools">Werkzeuge</string>
  <string name="navigation_about">Über</string>
  <string name="navigation_sync">Sync</string>
  <string name="navigation_logout">Ausloggen</string>
  <string name="navigation_login">Go Cloud</string>
  <string name="navigation_database">Datenbank</string>
  <string name="navigation_copyright">© 2013 ZooStudio. Alle Rechte vorbehalten.</string>
  <string name="tools_interest_rate">Zinssatz</string>
  <string name="tools_export_csv">Als CSV exportieren</string>
  <string name="tools_export_excel">Als Excel exportieren</string>
  <string name="tools_tip_calculator">Trinkgeld Rechner</string>
  <string name="tools_find_atm">ATM-Finder</string>
  <string name="tools_find_bank">Bank-Finder</string>
  <string name="tools_install_app">App installieren</string>
  <string name="tools_install_app_message">Möchten Sie &lt;b&gt;%1$s&lt;/b&gt; über den Google Play Store installieren?</string>
  <string name="statistic_monthly_report">Monatlicher Bericht</string>
  <string name="bank_finder">Bank-Finder</string>
  <string name="bank_finder_hint">z.B. HSBC, Standard Chartered...</string>
  <string name="bank_finder_input_bank_name">Geben Sie den Namen der Bank ein</string>
  <string name="open_file">Datei öffnen</string>
  <string name="export_fail">Sorry, beim Exportieren ist ein Fehler aufgetreten und kann nicht fortgesetzt werden</string>
  <string name="export_success">Export erfolgreich</string>
  <string name="select_account">Auswählen</string>
  <string name="export_csv">Als CSV exportieren</string>
  <string name="export_excel">Als EXCEL exportieren</string>
  <string name="attach_to_email">An E-Mail anhängen</string>
  <string name="delimiter">Begrenzer</string>
  <string name="atm_finder">ATM Finder</string>
  <string name="change">Wechseln</string>
  <string name="send_mail">E-Mail senden</string>
  <string name="contact_me">Kontaktieren Sie uns</string>
  <string name="about_thanks">&lt;b&gt;Einen besonderen Dank an&lt;/b&gt;&lt;br /&gt;
Andreas Krings, Jake Wharton, Jeremy Feinstein, Roman Nurik, Simon Vig Therkildsen, Soarcn, Tjerk
Wolterink für Ihre fantastischen Bibliotheken.&lt;br /&gt;
Brankic1979 and Nick Frost für Ihre wunderschönen icon packs.&lt;br /&gt;
Und all unseren Freiwilligen die uns helfen Money Lover in andere Sprachen zu übersetzen.</string>
  <string name="about_developed">von ZooStudio</string>
  <string name="about_view_profile_facebook">Besuchen Sie unser Profil</string>
  <string name="budget_overspent">Überzogen</string>
  <string name="budget_finished">Fertig</string>
  <string name="budget_spent">Ausgegebene</string>
  <string name="budget_all_category">Alle Kategorien</string>
  <string name="create_budget_title_add">Budget</string>
  <string name="create_budget_title_edit">Budget bearbeiten</string>
  <string name="create_budget_create_for">Hinzufügen für</string>
  <string name="create_budget_time_range">Zeitspanne</string>
  <string name="budget_detail_delete_confirm_message">Möchten Sie dieses Budget löschen?</string>
  <string name="create_budget_message_select_day_error">Enddatum muss nach dem Startdatum liegen</string>
  <string name="create_budget_message_duplicate_DB">Budget ist erstellt worden, möchten Sie das alte überschreiben?</string>
  <string name="create_budget_message_warning_enter_amount">Budget Betrag geringer als 0!</string>
  <string name="create_budget_message_error_category">Sie müssen eine Kategorie wählen</string>
  <string name="create_budget_message_error_time">Sie müssen eine Zeitplan für das Budget eingeben</string>
  <string name="budget_overview_monthly">Monatlicher Budget Plan</string>
  <string name="budget_overview_custom">Benutzerdefinierte Budgetpläne</string>
  <string name="budget_overview_no_data_guide">Tippen Sie auf den %1$s Buttonum neue Finanzplan hinzufügen</string>
  <string name="budget_detail_category">%1$s Budget</string>
  <string name="budget_detail_account_detail_emptyview_message">Tippen um Budget hinzuzufügen</string>
  <string name="budget_detail_list_transactions_title">Liste der Transaktionen</string>
  <string name="clear_template">Klare Vorlage</string>
  <string name="budget_template">Vorlage</string>
  <string name="dialog_enter_amount_title">Betrag eingeben</string>
  <string name="security_pin_title_create">Kennwort festlegen</string>
  <string name="security_pin_title_confirm">Kennwort bestätigen</string>
  <string name="security_pin_title_open">Passwort eingeben</string>
  <string name="security_pin_message_remove">Passwort-Sicherheit-Modus deaktivieren</string>
  <string name="security_pin_title_wrong_password">Falsches Passwort!</string>
  <string name="security_pin_message_try_again">Wiederholen</string>
  <string name="is_latest_version">Ihre Version ist aktuell.</string>
  <string name="update">Update</string>
  <string name="has_new_version">Neue Version veröffentlicht! Bitte jetzt aktualisieren!</string>
  <string name="no_internet">Keine Internet-Verbindung. Bitte versuchen Sie es erneut!</string>
  <string name="check_update">Update überprüfen</string>
  <string name="thanks_feedback">Vielen Dank für Ihr Feedback.</string>
  <string name="add_sub_transaction_input_more_than_left">Eingegebenen Betrag ist größer als unbezahlte Beträge</string>
  <string name="warning">Warnung</string>
  <string name="process">Verarbeite…</string>
  <string name="error_no_google_map">Bitte installieren Sie Google Maps um diese Funktion zu verwenden</string>
  <string name="set">wählen</string>
  <string name="category_manager_title">Kategorie Manager</string>
  <string name="category_manager_notice_cannot_edit_default_category">Spezielle Kategorie kann nicht bearbeitet werden</string>
  <string name="category_manager_confirm_delete_category">Wollen Sie die Kategorie %1$s zu löschen? Alle Transaktionen die zu dieser Kategorie gehören werden auch gelöscht.</string>
  <string name="category_manager_delete_success_message">Kategorie %1$s wurde gelöscht</string>
  <string name="create_category_title">Neue Kategorie</string>
  <string name="edit_category_title">Kategorie bearbeiten</string>
  <string name="create_category_name_title">Name</string>
  <string name="create_category_select_icon_title">Icon</string>
  <string name="create_category_default_parent_category">Ich bin Elternteil</string>
  <string name="create_category_parent_category">Übergeordnete Kategorie</string>
  <string name="create_category_hint_name_review">Kategorienamen</string>
  <string name="create_category_message_duplicate_DB">Diese Kategorie war vorhanden</string>
  <string name="create_category_select_type_error">Sie müssen eine Kategorie auswählen</string>
  <string name="create_category_input_name_error">Geben Sie den Kategorie Namen ein</string>
  <string name="create_category_select_icon_error">Vergessen Sie nicht das Symbol für Ihre Kategorie</string>
  <string name="select_parent_category_title">Wählen Sie eine übergeordnete Kategorie</string>
  <string name="message_transfer_successful">Transfer erfolgreich!</string>
  <string name="title_dialog_transfer">Von %1$s</string>
  <string name="back">Zurück</string>
  <string name="message_currency_error">Möchten Sie von %1$s in %2$s ändern?</string>
  <string name="note_income_transfer">Erhalten von %1$s</string>
  <string name="message_amount_zero">Überweisungsbetrag sollte größer als 0 sein</string>
  <string name="default_note_transfer">Auf %1$s übertragen</string>
  <string name="monthly_report_start_balance">Startguthaben</string>
  <string name="monthly_report_this_month_balance">Nettoeinnahmen</string>
  <string name="monthly_report_end_balance">Endguthaben</string>
  <string name="monthly_report_compare_to_previous_month">Monatlicher Vergleich</string>
  <string name="monthly_report_largest_expense">Größte Ausgabe</string>
  <string name="monthly_report_expense_by_category">Ausgaben nach Kategorien</string>
  <string name="monthly_report_nodata">Kein Bericht für diesen Monat</string>
  <string name="monthly_report_nodata_guide">Monatsberichte werden automatisch angezeigt, wenn ein neuer Monat beginnt</string>
  <string name="search_result">Suchergebnis</string>
  <string name="type">Typ</string>
  <string name="with">Mit</string>
  <string name="select_time">Zeit wählen</string>
  <string name="notification_center_message_empty_notification">Keine Benachrichtigungen</string>
  <string name="notification_center_title">Benachrichtigungen</string>
  <string name="notification_center_delete_read_notifications">Gelesene Nachrichten löschen</string>
  <string name="notification_center_mark_all_as_read">Alle als gelesen markieren</string>
  <string name="debt_manager_title">Schulden</string>
  <string name="debt_wallet">Zahlbar</string>
  <string name="loan_wallet">Fällig</string>
  <string name="now">Offen</string>
  <string name="past">Bezahlt</string>
  <string name="note_transaction_saving">Abheben aus Erspartem %1$s</string>
  <string name="saving_overview_title">Erparnisse</string>
  <string name="saving_overview_deposit">Deponieren</string>
  <string name="saving_overview_need">Benötigt</string>
  <string name="saving_overview_spend">Ausgaben</string>
  <string name="saving_overview_withdraw">Abheben</string>
  <string name="saving_deposit">Deponieren nach Sparplan %1$s</string>
  <string name="saving_withdraw_default_note">Abheben aus Sparplan %1$s</string>
  <string name="saving_overview_no_data_guide">Drücke die %1$s Schaltfläche oben um einen neuen Sparplan zu erstellen</string>
  <string name="saving_menu_deposit">Deponieren</string>
  <string name="saving_menu_withdraw">Abheben</string>
  <string name="saving_menu_spendon">Ausgegeben für...</string>
  <string name="saving_add_title">Ersparnis hinzufügen</string>
  <string name="saving_edit_title">Ersparnis bearbeiten</string>
  <string name="saving_add_name_title">Name</string>
  <string name="saving_add_start_amount">Start-Betrag</string>
  <string name="saving_add_success">Einen neuen Sparplan erstellen</string>
  <string name="saving_add_error_goal_amount">Sie müssen Ihr Ziel einfügen!</string>
  <string name="saving_add_error_name">Sie müssen einen Name eingeben um die Kampagne zu speichern!</string>
  <string name="saving_add_error_icon">Sie müssen ein Symbol auswählen!</string>
  <string name="saving_add_cancel_adding">Wollen Sie diese Ersparnis zu entlassen?</string>
  <string name="saving_add_discard_edit">Do you want to discard changes to this saving?</string>
  <string name="dialog_select_event_remove">Ereignis entfernen</string>
  <string name="event_add_title">Ereignis hinzufügen</string>
  <string name="event_edit_title">Ereignis bearbeiten</string>
  <string name="event_input_name_error">Namen des Ereignisses eingeben</string>
  <string name="event_select_icon_error">Symbol für das Ereignis nicht vergessen</string>
  <string name="event_overview_view_transactions">Transaktionen</string>
  <string name="event_overview_deposit">Deponieren</string>
  <string name="event_overview_withdraw">Abheben</string>
  <string name="event_overview_deposited">Deponiert</string>
  <string name="event_overview_finish">Fertig</string>
  <string name="event_overview_no_data_guide">Drücke die %1$s Schaltfläche oben um einen neuen Sparplan zu erstellen</string>
  <string name="event_menu_mark_as_finished">Als abgeschlossen markieren</string>
  <string name="event_menu_mark_as_unfinish">Als unfertig markieren</string>
  <string name="interest_rate_title">Zinssatz</string>
  <string name="interest_rate">Bewerten</string>
  <string name="time_from">Zeitspanne</string>
  <string name="select_type_interest">Zinsenart</string>
  <string name="date_to_invalid">Datum der Rückgabe nach Erhaltdatum </string>
  <string name="amount_empty">Bitte geben Sie Ihren Betrag ein</string>
  <string name="time_mode_interest">Zeit Methode</string>
  <string name="rate_empty">Bitte fügen Sie den Zinssatz ein</string>
  <string name="time_empty">Bitte wählen Sie die Dauer</string>
  <string name="interest">Zinsaufkommen</string>
  <string name="number_of_period">Anzahl der Perioden</string>
  <string name="total_amount">Gesamtbetrag</string>
  <string name="interest_result">Ergebnis</string>
  <string name="total_people">mit %d Personen</string>
  <string name="percent_tip">Trinkgeld %1$s%%</string>
  <string name="total_pay">Gesamte Zahlung</string>
  <string name="total_tip">Gesamtes Trinkgeld</string>
  <string name="total_tip_person">Gesamtes Trinkgeld Person</string>
  <string name="total_per_person">Betrag pro Person</string>
  <string name="note_it">Notieren</string>
  <string name="no_tip">kein Trinkgeld</string>
  <string name="more_people">Anzahl Personen</string>
  <string name="more_tip">Prozent Trinkgeld</string>
  <string name="calculate">Berechnen</string>
  <string name="change_review">%1$s%% ist besser, &lt;b&gt;ändern?&lt;/b&gt;</string>
  <string name="empty_amount">Betrag ist leer</string>
  <string name="inapp_purchase">Premium Optionen</string>
  <string name="message_purchase_error">Da ist beim Kauf wohl ein Fehler unterlaufen</string>
  <string name="message_purchase_success">Kauf erfolgreich. Neustarten um Änderungen zu übernehmen.</string>
  <string name="purchase_bought">Sie kauften</string>
  <string name="reset_app_to_change">Anwendung neustarten um Änderungen zu übernehmen</string>
  <string name="purchase_buy_all_title">Go Premium</string>
  <string name="purchase_buy_all_text">Mehr als eine Brieftasche, Budget Plan, Ersparnis Plan, Ereignis haben.\nKeine Werbung mehr!</string>
  <string name="purchase_buy_ads_title">Werbung entfernen</string>
  <string name="purchase_buy_ads_text">Genießen Sie basic Money Lover ohne Werbung!</string>
  <string name="purchase_input_premium_code_text">Wenn Sie einen Lizenzschlüssel besitzen</string>
  <string name="purchase_notice_buy_features">Kostenlose Version kann nur einen Haushalt, einen Sparplan, ein Ereignis hinzufügen und hat nicht alle Funktionen. Nutzen Sie bitte Premium um unbegrenzt Haushalte, Sparpläne, Ereignisse und alle Funktionen freizuschalten</string>
  <string name="premium_code">Lizenzschlüssel eingeben</string>
  <string name="license_code_not_correct">Lizenzschlüssel ist nicht korrekt</string>
  <string name="license_code_success">Lizenzschlüssel akzeptiert. Sie können nun alle Funktionen von %1$s nutzen</string>
  <string name="widget_select_account_empty">Sie brauchen eine Brieftasche bevor Sie ein Widget erstellen können</string>
  <string name="widget_simple_light_name">einfaches Widget</string>
  <string name="widget_select_account_title">Auswählen</string>
  <string name="ail_message_empty_image">Keine Fotos übrig</string>
  <string name="ail_guide_1">Foto von etwas machen</string>
  <string name="ail_guide_2">um die Transaktionen später hinzuzufügen</string>
  <string name="migrate_dialog_message">Money Lover wird die Nutzerdaten der alten in die neue Version übernehmen. Möchten Sie fortfahren?</string>
  <string name="migrate_dialog_notice">Benachrichtigung</string>
  <string name="migrate_dialog_disabled_function">In dieser Version ist die Rechnungsfunktion derzeit deaktiviert , auch wenn die Rechnungsdaten weiterhin übertragen werden.</string>
  <string name="migrate_dialog_cancel_message">Sollten Sie Ihre Meinung ändern, können Sie migrieren nach %1$s wählen. Jedoch werden Sie alle neuen Daten von diesem Moment an für immer verlieren.</string>
  <string name="migrate_processing_transfer_currencies">Übertragung von Währungen</string>
  <string name="migrate_processing_transfer_accounts">Übertragung und Umwandlung von alten Accounts in Brieftaschen</string>
  <string name="migrate_processing_transfer_master_categories">Übertragung von master-Kategorien</string>
  <string name="migrate_processing_transfer_categories">Übertragung von Kategorien</string>
  <string name="migrate_processing_transfer_transactions">Übertragung von Transaktionen</string>
  <string name="migrate_processing_transfer_tagged_people">Übertragung markierter Personen</string>
  <string name="migrate_processing_transfer_sub_transactions">Übertragung von Sub-Transaktionen</string>
  <string name="migrate_processing_transfer_interests">Übertragung der Interessen</string>
  <string name="migrate_processing_transfer_bills">Übertragung von Rechnungen</string>
  <string name="migrate_processing_transfer_budgets">Übertragung des Etats</string>
  <string name="migrate_processing_transfer_campaigns">Übertragung von Kampagnen</string>
  <string name="restore_title">Wiederherstellen von Daten</string>
  <string name="restore_message_successful">Import erfolgreich!</string>
  <string name="restore_message_error">Fehler beim Importieren von Daten</string>
  <string name="restore_loading_file_from_dropbox">Lade Datei von Dropbox...</string>
  <string name="restore_connect_dropbox">Mit Dropbox verbinden</string>
  <string name="restore_message">Wählen Sie zum Wiederherstellen eine Datei von unten</string>
  <string name="restore_message_edit">Zum Löschen Datei auswählen</string>
  <string name="restore_empty_file">Keine Dateien</string>
  <string name="restore_disconnect_dropbox">von Dropbox trennen</string>
  <string name="restore_disconnect_dropbox_confirm">Wollen Sie Dropbox wirklich trennen?</string>
  <string name="backup_title">Backup-Daten</string>
  <string name="backup_file_name">Backup in Datei</string>
  <string name="backup_notice_about_file_ext">Von dieser Version an verwenden wir die Dateiendung &lt;b&gt;.mlx&lt;/b&gt; , aber Sie können weiterhin .money und .mlx Dateinen in %1$s importieren</string>
  <string name="backup_success_message">Backup erfolgreich</string>
  <string name="backup_fail_message">Sicherheitskopie fehlgeschlagen</string>
  <string name="navigation_group_support">Support</string>
  <string name="navigation_group_setting">Einstellung</string>
  <string name="navigation_group_plans">Planung</string>
  <string name="navigation_group_others">Sonstiges</string>
  <string name="navigation_group_tools">Werkzeuge</string>
  <string name="widget_account_was_deleted">Brieftasche wurde gelöscht</string>
  <string name="tools_install_go_to_playstore">Gehe zum Play Store</string>
  <string name="tools_shopping_lover_intro">Die Applikation baut auf die Kaufgewohnheiten der Kunden auf. Sie hilft dabei die Effizienz zu steigern, den Zeitverlust zu minimieren und Fehlkäufe zu verhindern.</string>
  <string name="tools_exchanger_intro">Exchanger ist der einfache Weg Währungen mobil zu wechseln.&lt;br /&gt;
		- Schönes flaches Design&lt;br /&gt;
		- 100+ Weltwährungen&lt;br /&gt;
		- Konvertiere mehrere Währungen auf ein mal&lt;br /&gt;
		- Offline Modus (braucht keine Internetverbindung).</string>
  <string name="rate_app_dont_show_again">App bewerten Dialog nicht mehr anzeigen</string>
  <string name="rate_app_dont_show_again_short">Nicht wieder anzeigen</string>
  <string name="rate_app_config_title">App bewerten Einstellungen</string>
  <string name="delete">Löschen</string>
  <string name="restore_delete_message">Möchten Sie diese Daten permanent löschen?</string>
  <string name="restore_message_confirm">Möchten Sie Daten aus Datei %1$s wiederherstellen? Alle aktuellen Daten werden gelöscht!</string>
  <string name="restore_autobackup_fail">Automatische Sicherheitskopie fehlgeschlagen. Wiederherstellungsprozess kann nicht weiter geführt werden.</string>
  <string name="deleting">Löschen…</string>
  <string name="purchase_error_unknown">Ein unbekannter Fehler ist aufgetreten.</string>
  <string name="purchase_please_wait_until_data_is_loaded">Bitte warten bist die Daten geladen worden sind.</string>
  <string name="announce_update_lost_data_message">&lt;p&gt;Wir aktualisieren Money Lover auf eine neue Version und migrieren Ihre Daten von der alten zur neuen Version. Während diesem Prozess, werden Sie vielleicht einen kleinen Datenverlust erleiden, manchmal können Sie Ihre gesamten Daten verlieren. &lt;/p&gt;&lt;p&gt;&lt;b&gt;Technisch gesehen sind Ihre Daten noch erhalten, da wir sie nicht löschen werden sollte der Aktualisierungsprozess fehlschlagen.&lt;/b&gt;&lt;/p&gt;&lt;p&gt; Sollten Sie sich in einer solchen Situation befinden, kontaktieren Sie uns und wir werden Ihnen helfen Ihre Daten wieder herzustellen.&lt;/p&gt;</string>
  <string name="announce_update_lost_data_message_title">Über das Verlieren Ihrer Daten nach einer Aktualisierung</string>
  <string name="cannot_find_my_language">Mehr Sprachen?</string>
  <string name="feedback_language_text">Hallo,\nI Ich würde gerne folgende Sprachen übersetzen:\n</string>
  <string name="feedback_language_subject">[LANG] FEEDBACK FÜR SPRACHE</string>
  <string name="message_more_languages">Wir arbeiten daran neue Money Lover Versionen in andere Sprachen zu übersetzen aber dieser Prozess kann eine Weile dauern, daher brauchen wir wirklich Hilfe von unseren Nutzern um die Übersetzung zu beschleunigen.</string>
  <string name="message_more_languages_help">Bitte helfen Sie uns wenn Sie vom Englischen in andere Sprachen übersetzten können. Sie können uns für weitere Informationen kontaktieren.</string>
  <string name="languagehelp_ok">Ja, ich möchte helfen!</string>
  <string name="languagehelp_cancel">Nein, vielleicht später :(</string>
  <string name="languagehelp_title">Übersetzen helfen</string>
  <string name="changes_log_title">Changelogs</string>
  <string name="restore_menu_show_auto_backup">Zeige automatisch erstellte Sicherheitskopien</string>
  <string name="restore_menu_hide_auto_backup">Verstecke automatisch erstellte Sicherheitskopien</string>
  <string name="restore_menu_edit">Dateiauswahl</string>
  <string name="title_view_web">Web Anzeige</string>
  <string name="title_notification_web">Web Client Verbindung</string>
  <string name="turn_on_web">Server einschalten</string>
  <string name="turn_off_web">Server ausschalten</string>
  <string name="tab_to_turn_off_web">Drücken um Internet abzustellen</string>
  <string name="budget_detail_error_budget_not_exists">Dieses Budget existiert nicht länger</string>
  <string name="new_expense_category">Neue Ausgabenkategorie</string>
  <string name="new_income_category">Neue Einkommenskategorien</string>
  <string name="turn_on_wifi">Erst WIFI einschalten</string>
  <string name="server_off">Server aus</string>
  <string name="access_link">%1$s</string>
  <string name="previous_web">Vorherige</string>
  <string name="next_web">Nächste</string>
  <string name="webdisplay_status_title">Status</string>
  <string name="webdisplay_menu_help">Hilfe</string>
  <string name="webdisplay_menu_advance">Erweiterte Einstellungen</string>
  <string name="add_web">Hinzufügen</string>
  <string name="cashback_loan_info">von %1$s</string>
  <string name="webdisplay_turning_on">Einschalten...</string>
  <string name="webdisplay_turned_on">Ausschalten</string>
  <string name="webdisplay_turning_off">Ausschalten...</string>
  <string name="webdisplay_turned_off">Einschalten</string>
  <string name="set_as_start_date">Als Start-Datum festlegen</string>
  <string name="set_as_end_date">Als Enddatum festlegen</string>
  <string name="webdisplay_warning_port_over">Port muss einen Bereich von %1$s bis %2$s haben</string>
  <string name="webdisplay_warning_port_web">Dieser Port wird dupliziert mit %1$s</string>
  <string name="webdisplay_will_change_port">Der Port wird geändert sobald der Service wieder eingeschaltet wird.</string>
  <string name="webdisplay_open_web_browser">Öffne diese Adresse im Webbrower</string>
  <string name="webdisplay_warning_port_exist">Dieser Port wird bereits von einem anderen Dienst genutzt. Bitte wählen Sie einen anderen Port aus.</string>
  <string name="webdisplay_change_port">Port wechseln</string>
  <string name="webdisplay_web_actions">Aktionen</string>
  <string name="webdisplay_web_feedback_support">Feedback \u0026 Support</string>
  <string name="webdisplay_web_add_more">Mehr hinzufügen</string>
  <string name="reset_data_message">Möchten Sie alle Daten zurücksetzen? Alle Daten wie Brieftaschen, Transaktionen, Budgets, Ersparnisse oder Ereignisse werden entfernt. Diese Aktion kann NICHT rückgängig gemacht werden.</string>
  <string name="upload_to_dropbox_success">Auf Dropbox hochgeladen</string>
  <string name="message_large_spend_amount">Der eingegebene Betrag muss kleiner sein als der aktuell gespeicherte Betrag.</string>
  <string name="message_error_select_parent_cate">Kann sich selbst nicht als Vorläufer einstellen</string>
  <string name="translated_by">Übersetzt von %1$s</string>
  <string name="add_transaction_with_suggestion">Sie können Personen die nicht in Ihrer Kontaktliste stehen mit einem Komma ( , ) nach dem Namen hinzufügen.</string>
  <string name="msg_add_transaction_first">Möchten Sie die allererste Transaktion nun eingeben?</string>
  <string name="global">Global</string>
  <string name="notification_bank_sms_title">Ihre %1$s Brieftasche hat sich um %2$s geändert</string>
  <string name="custom_range_cashbook">Benutzerdefiniert</string>
  <string name="navigation_travel_mode">Reisemodus</string>
  <string name="select_event_title">Ereignis Wählen</string>
  <string name="travel_mode_description">Im Reisemodus können Sie ein Aktives Ereignis wählen, welches automatisch zu jeder Transaktion hinzugefügt wird.</string>
  <string name="travel_mode_activated_message">Reisemodus ist an. Gute Reise!</string>
  <string name="travel_mode_turn_off_message">Möchten Sie den Reisemodus beenden?</string>
  <string name="travel_mode_quick_add_notification">Hinzugefügt zu Ereignis %1$s</string>
  <string name="travel_mode_turned_off_message">Reisemodus ist ausgeschaltet</string>
  <string name="purchase_description">Jeder Erwerb ist nur für 100 Jahre gültig.</string>
  <string name="backup_select_one">Bitte einen wählen</string>
  <string name="repeat_transaction_mode_month_same_days">am %1$s jeden Monats</string>
  <string name="repeat_transaction_mode_month_this_day">an jedem %1$s %2$s des Monats</string>
  <string name="repeat_transaction_times_duration_for_a_number_of_event_shorted">Für</string>
  <string name="repeat_transaction_manager">Wiederkehrende Überweisungen</string>
  <string name="recent_transaction_no_transactions">Keine kürzlich erfolgten Überweisungen</string>
  <string name="repeat_transaction_next_repeat">Nächste Wiederholung </string>
  <string name="repeat_transaction_need_specify_repeat">Sie müssen die Optionen für die Wiederholung wählen</string>
  <string name="recent_transaction_dialog_list_title">Kürzlich erfolgten Überweisungen</string>
  <string name="repeat_transaction_message_confirm_delete_template">Möchten Sie diese Vorlage löschen?</string>
  <string name="repeat_transaction_no_template">Sie haben keine Wiederholungsvorlage</string>
  <string name="repeat_transaction_no_repeat">Keine Wiederholung</string>
  <string name="repeat_transaction_next_repeat_at">Nächste Wiederholung am %1$s</string>
  <string name="share_need_to_download_before_sharing">Diese Datei wir von DropBox heruntergeladen bevor sie geteilt werden kann</string>
  <string name="repeat_transaction_add_template">Wiederkehrende Überweisung</string>
  <string name="repeat_transaction_edit_template">Bearbeite wiederkehrende Überweisungen</string>
  <string name="recent_transaction_show_when_add_transaction">Zeige diesen Dialog automatisch wenn eine Überweisung hinzugefügt wird</string>
  <string name="message_login_now">Nachdem du den Promotions Code eingegeben hast, kannst du ein Money Lover Konto eröffnen. Melde dich anschliessend mit diesem Konto auf einem anderen Gerät an, um dort den Premium Status automatisch freizuschalten.</string>
  <string name="recent_transaction_dialog_description">Sie können Transaktionsdaten von diesen Vorherigen importieren</string>
  <string name="repeat_transaction_every">Jede</string>
  <string name="repeat_transaction_from">Von</string>
  <string name="repeat_transaction_at">bis</string>
  <string name="repeat_transaction_times">mal</string>
  <string name="event_delete_message">Möchten Sie dieses Ereignis löschen?</string>
  <string name="saving_delete_message">Möchten Sie dieses Ersparnis löschen?</string>
  <string name="budget_delete_message">Möchten Sie diesen Etat löschen?</string>
  <string name="transaction_detail_cashback_left">Links</string>
  <string name="transaction_detail_cashback_paid">Bezahlt</string>
  <string name="add_account_error_message_no_currency">Bitte wählen Sie eine Währung für Ihre Brieftasche</string>
  <string name="store_download_fail">Derzeit ist kein Icon-Download möglich</string>
  <string name="dialog_turn_on_location_service">Möchten Sie die Positionsbestimmung einschalten?</string>
  <string name="set_icon_default_tab">Standard</string>
  <string name="set_icon_tab_sdcard">Heruntergeladen</string>
  <string name="set_icon_more_tab">Mehr Icons</string>
  <string name="store_preview_icon">Vorschau</string>
  <string name="store_buy_icon">Kaufen</string>
  <string name="store_icon_title">Icon Store</string>
  <string name="store_purchase_preview">Vorschau</string>
  <string name="download">Herunterladen</string>
  <string name="do_not_show_again">Nicht wieder anzeigen</string>
  <string name="new_icon_packs_are_available">Es stehen zwei neue Icon-Packs  für die Kategorien Ereignisse und Ersparnisse zur Verfügung. Sie können eine neue Kategorie erstellen um diese jetzt zu sehen!</string>
  <string name="dialog_share_account">Teile die Brieftasche mit</string>
  <string name="share_account_success">Teilen der Brieftasche erfolgreich</string>
  <string name="dialog_sharing_account">Teile…</string>
  <string name="email_address_invalid">E-Mail Adresse ungültig</string>
  <string name="set_location_get_address_error">Kann die Adresse derzeit nicht laden, bitte versuchen Sie es später erneut!</string>
  <string name="cashbook_balance">Bilanz</string>
  <string name="statistic_trends">Tendenzen</string>
  <string name="sync_transferring_data">Daten werden übertragen</string>
  <string name="sync_running">Synchronisation wird ausgeführt…</string>
  <string name="trend_criteria_collapsed_time">Von &lt;b&gt;%1$s&lt;/b&gt; nach &lt;b&gt;%2$s&lt;/b&gt;</string>
  <string name="transaction_detail_set_location">Setze Position</string>
  <string name="transaction_detail_can_not_download_image">Das Bild kann nicht runter geladen werden, bitte versuchen Sie ein anderes.</string>
  <string name="user_unauthenticated">Sie müssen sich zuerst einloggen</string>
  <string name="share_account_error">Teilen der Brieftasche fehlgeschlagen</string>
  <string name="beta">Beta</string>
  <string name="sync_error">Synchronisierungsfehler</string>
  <string name="sync_notification_ticker_text">Synchronisiere Daten mit dem Server</string>
  <string name="sync_notification_content_title">Synchronisiere Money Lover</string>
  <string name="login_success">Anmeldung erfolgreich!</string>
  <string name="login_forgot_password">Passwort vergessen?</string>
  <string name="register_show_password">Passwort anzeigen</string>
  <string name="sync_done">Synchronisierungsprozess erfolgreich abgeschlossen</string>
  <string name="login_fail">Ungültige e-Mail/Passwort-Kombination. Bitte versuchen Sie es erneut.</string>
  <string name="connecting">Verbinden…</string>
  <string name="sync_account">Synchronisiere Brieftasche</string>
  <string name="message_sync_transfer_data">Möchten Sie Ihre Daten Übertragen?</string>
  <string name="sync_dialog_transfer_title">Übertrage Daten</string>
  <string name="sync_running_cannot_add_item">Synchronisationsprozess wir ausgeführt, bitte warten Sie einen Moment</string>
  <string name="sync_last_sync">Letzte Synchronisierung am %1$s</string>
  <string name="sync_sync_first_time">Berühren um das erste mal zu Synchronisieren</string>
  <string name="icon_xmas_notification_title">Fröhliche Weihnachten mit Ihrem neuen Icon-Pack!</string>
  <string name="icon_xmas_notification_content">Der Urlaub naht: Dekorieren Sie Money Lover mit den wunderschönen Weihnacht Icon-Pack noch heute! Es ist kostenlos!</string>
  <string name="store_icon_re_download">Noch mal herrunterladen</string>
  <string name="store_icon_free">Kostenlos</string>
  <string name="store_icon_list_empty">Kein Icon-Pack</string>
  <string name="store_icon_canceled_message">Das Herunterladen für Icon-Pack %1$s ist abgebrochen worden</string>
  <string name="store_icon_download_finished_message">Icon-Pack %1$s wurde heruntergeladen. Sie können die neuen Icons benutzen wenn Sie eine neue Kategorie, ein neues Ereignis oder eine neue Ersparnis erstellen.</string>
  <string name="transaction_detail_show_advanced">Mehr Infos hinzufügen</string>
  <string name="refresh">Aktualisieren</string>
  <string name="navigation_store">Money Lover Store</string>
  <string name="create_category_select_parent_error">Diese Kategorie kann nicht als übergeordnete ausgewählt werden</string>
  <string name="sync_error_timeout">Server wird gewartet</string>
  <string name="sync_error_server_busy">Server ist ausgelastet</string>
  <string name="sync_register_success">Registrierung erfolgreich</string>
  <string name="transaction_detail_warning_time_not_in_range">Dieses Datum liegt nicht Zeitraum (%2$s) von Budget %1$s</string>
  <string name="notification_message_remind_transaction">Eine Benachrichtigung für Transaktion %1$s: %2$s wurde erstellt. Tippen für mehr Infos.</string>
  <string name="location_add_new_address">%1$s als Ort hinzufügen</string>
  <string name="category_none_name">Keine Kategorien</string>
  <string name="saving_add_startamount_over">Der Anfangsbetrag kann nicht grösser sein als der Gesamtbetrag</string>
  <string name="share_account_permission">Diese Person als Besitzer festlegen. Sie kann alle Daten in dieser Brieftasche ansehen, hinzufügen, bearbeiten und löschen</string>
  <string name="error_can_not_load_wallet">Die Brieftasche kann nicht geöffnet werden. Bitte erneut versuchen oder die Applikation nicht über eine Verknüpfung starten.</string>
  <string name="select_category_tap_to_create_one">Tippen, um eine Kategorie hinzuzufügen</string>
  <string name="error_can_not_change_wallet_transaction_debt_loan">Die Brieftasche für Schuld- und Darlehentransaktionen kann nicht geändert werden</string>
  <string name="quick_add_manager_title">Statusleiste anzeigen</string>
  <string name="account_manager_create_shortcut">Verknüpfung erstellen</string>
  <string name="budget_no_data">Keine Budgets</string>
  <string name="event_no_data">Keine Ereignisse</string>
  <string name="saving_no_data">Keine Ersparnisse</string>
  <string name="notification_center_no_data">Keine Benachrichtigungen</string>
  <string name="recurring_transaction_no_data">Keine wiederkehrenden Transaktionen</string>
  <string name="notification_like_fan_page_title">Like us auf Facebook</string>
  <string name="notification_like_fan_page_text">Bleibe mit uns in Verbindung für Updates und gelegentliche Gratisinhalte</string>
  <string name="share_account_email_target">E-Mail, mit der geteilt werden soll</string>
  <string name="share_account_email_error">Die eingegebene E-Mailadresse ist ungültig</string>
  <string name="monthly_report_other_categories">Andere Kategorien</string>
  <string name="transfer_wallet_unknown_error_message">Derzeit kann nichts zwischen Brieftaschen transferiert werden, bitte versuche es nochmal. Erscheint diese Meldung erneut, nimm bitte mit uns Kontakt auf, sodass wir das Problem beheben können.</string>
  <string name="forgot_password_error_wrong_email">Diese e-Mail ist bei uns nicht registriert, bitte versuchen Sie es erneut.</string>
  <string name="forgot_pass_success">Bitte überprüfen Sie Ihr e-Mail-Konto für weitere Anweisungen.</string>
  <string name="register_error_email_exists">Diese e-Mail ist nicht verfügbar. Bitte wählen Sie eine andere.</string>
  <string name="promote_event_expire">Dieses Ereignis ist bereits vorüber</string>
  <string name="promote_event_error_wrong_code">Lizenz-Code ungültig. Bitte erneut versuchen.</string>
  <string name="register_error_server">Unser Server hat ein Problem festgestellt und wir wurden benachrichtigt. Gönn dir eine Tasse Kaffee, während wir das reparieren.</string>
  <string name="register_error_entered_info_not_enough">Bitte geben Sie alle Informationen ein um weiter zu machen</string>
  <string name="purchase_post_facebook_success">Danke fürs teilen</string>
  <string name="promote_event_input_successfully">Der Lizenz Code ist gültig. Du kannst nun alle Premium Funktionen nutzen! Danke, dass du %1$s benutzt</string>
  <string name="promote_event_share_facebook">Auf Facebook teilen</string>
  <string name="promote_event_login_description">Hinweis: Eröffne ein %1$s Konto, um deinen Premium-Status damit zu verknüpfen. Wenn du dich das nächste Mal bei %1$s anmeldest, hast du deinen Premium-Status zurück.</string>
  <string name="promote_event_share_facebook_description">Es wäre cool, du diesen Code mit deinen Freunden teilst. Keine Sorge, dies hat keinen Einfluss auf deinen Premium-Status.</string>
  <string name="notification_center_message_already_logged_in">Du bist bereits eingeloggt.</string>
  <string name="congratulation">Glückwunsch!</string>
  <string name="cashbook_pull_to_add_transaction">Ziehen um Transaktion hinzuzufügen</string>
  <string name="cashbook_release_to_add_transaction">Loslassen um die Transaktion hinzuzufügen</string>
  <string-array name="cashbook_set_timerange_items">
    <item>Tag</item>
    <item>Woche</item>
    <item>Monat</item>
    <item>Quartal</item>
    <item>Jahr</item>
    <item>Alles</item>
    <item>Benutzerdefiniert</item>
  </string-array>
  <string-array name="delimiters">
    <item>Semikolon ( ; )</item>
    <item>Komma ( , )</item>
    <item>Tabulator</item>
  </string-array>
  <string-array name="create_budget_array_time_range">
    <item>Diesen Monat</item>
    <item>Dieses Quartal</item>
    <item>Dieses Jahr</item>
    <item>Nächsten Monat</item>
    <item>Nächstes Quartal</item>
    <item>Nächstes Jahr</item>
    <item>Benutzerdefinierter Intervall</item>
  </string-array>
  <string-array name="budget_overview_titles">
    <item>Aktiv</item>
    <item>Fertig</item>
  </string-array>
  <string-array name="category_manager_edit_cate_menu">
    <item>@string/bearbeiten</item>
    <item>@sting/löschen</item>
  </string-array>
  <string-array name="debt_overview_titles">
    <item>@string/debt_wallet</item>
    <item>@string/loan_wallet</item>
  </string-array>
  <string-array name="campaign_overview_titles">
    <item>Aktiv</item>
    <item>Fertig</item>
  </string-array>
  <string-array name="arrays_time_mode">
    <item>Wöchentlich</item>
    <item>Alle 14 Tage</item>
    <item>Monatlich</item>
    <item>Alle 3 Monate</item>
    <item>Alle 6 Monate</item>
    <item>Jährlich</item>
  </string-array>
  <string-array name="arrays_type">
    <item>Einfache Interessen</item>
    <item>Zusammengesetzte Interessen</item>
  </string-array>
  <string-array name="repeat_transaction_time_mode">
    <item>Täglich wiederholen</item>
    <item>Wöchentlich wiederholen</item>
    <item>Monatlich wiederholen</item>
    <item>Jährlich wiederholen</item>
  </string-array>
  <string-array name="backup_list_file_backup_select_item">
    <item>@string/restore_title</item>
    <item>@string/backup_share</item>
  </string-array>
  <string-array name="repeat_transaction_mode_month_week">
    <item>erstens</item>
    <item>zweitens</item>
    <item>drittens</item>
    <item>viertens</item>
    <item>fünftens</item>
    <item>sechste</item>
  </string-array>
  <string-array name="repeat_transaction_times_duration">
    <item>Für immer</item>
    <item>Bis</item>
    <item>Für eine Anzahl an Ereignissen</item>
  </string-array>
  <string-array name="trend_type">
    <item>@string/Ausgaben</item>
    <item>@string/Einnahmen</item>
    <item>Nächste Einnahme</item>
  </string-array>
  <string-array name="trend_criteria">
    <item>Überstunden</item>
    <item>Nach Kategorie</item>
  </string-array>
  <plurals name="cashbook_transaction_count">
    <item quantity="one">%d Transaktion</item>
    <item quantity="other">%d Transaktionen</item>
  </plurals>
  <plurals name="budget_days_left">
    <item quantity="one">%d Tag verbleibend</item>
    <item quantity="other">%d Tage verbleibend</item>
  </plurals>
  <plurals name="ail_view_photo_title">
    <item quantity="one">%1$s Foto verbleibend</item>
    <item quantity="other">%1$s Fotos verbleibend</item>
  </plurals>
  <plurals name="editbar_selected_count">
    <item quantity="one">%d Objekt ausgewählt</item>
    <item quantity="other">%d Objekte ausgewählt</item>
  </plurals>
</resources>
