<?xml version="1.0" encoding="utf-8"?>
<!--Generated by crowdin.net-->
<resources>
  <string name="search_over">Über</string>
  <string name="search_under">Unter</string>
  <string name="search_time_over">Nachher</string>
  <string name="search_time_under">Vorher</string>
  <string name="search_between">Zwischen</string>
  <string name="search_exact">Genau</string>
  <string name="search_remove">Entfernen</string>
  <string name="search_none">Nichts</string>
  <string name="search_all">Alles</string>
  <string name="search_select">Auswählen</string>
  <string name="start">Anfang</string>
  <string name="end">Ende</string>
  <string name="from">Von</string>
  <string name="to">Nach</string>
  <string-array name="arr_amount">
    <item>@string/search_all</item>
    <item>@string/search_over</item>
    <item>@string/search_under</item>
    <item>@string/search_between</item>
    <item>@string/search_exact</item>
  </string-array>
  <string-array name="arr_type">
    <item>Alles</item>
    <item>Einkommen</item>
    <item>Ausgaben</item>
  </string-array>
  <string-array name="arr_time">
    <item>@string/search_all</item>
    <item>@string/search_time_over</item>
    <item>@string/search_time_under</item>
    <item>@string/search_between</item>
    <item>@string/search_exact</item>
  </string-array>
</resources>
