<?xml version="1.0" encoding="utf-8"?>
<!--Generated by crowdin.net-->
<resources>
  <string name="notification_message_take_photo_title">Berühre um eine Transaktion von &lt;b&gt;Add-it-later&lt;/b&gt; Foto einzufügen</string>
  <string name="notification_message_daily_alarm_title">Berühre um eine Transaktion von &lt;b&gt;%1$s&lt;/b&gt; einzufügen</string>
  <string name="notification_message_monthly_remind">Sehe monatlichen Bericht für &lt;b&gt;%1$s&lt;/b&gt;</string>
  <string name="notification_message_no_expense_today">Heute keine Ausgaben gehabt, aktualisieren?</string>
  <string name="notification_message_remind_debt">Sie besitzen noch &lt;b&gt;%1$s&lt;/b&gt; %2$s, aktualisieren?</string>
  <string name="notification_message_remind_loan">&lt;b&gt;%1$s&lt;/b&gt; schuldet Ihnen noch %2$s, aktualisieren?</string>
  <string name="budget_notification_budget_warning_title">Budget erreicht %1$s%%</string>
  <string name="budget_notification_budget_warning_category_text">%1$s verblieben in &lt;b&gt;%2$s&lt;/b&gt;</string>
  <string name="budget_notification_budget_warning_account_text">%1$s verblieben in &lt;b&gt;%2$s&lt;/b&gt;</string>
  <string name="budget_notification_budget_100percent_category_text">in &lt;b&gt;%1$s&lt;/b&gt;</string>
  <string name="budget_notification_budget_100percent_account_text">in &lt;b&gt;%1$s&lt;/b&gt;</string>
  <string name="budget_notification_budget_exceeded_title">Verausgabung %1$s</string>
  <string name="budget_notification_budget_exceeded_category_text">in &lt;b&gt;%1$s&lt;/b&gt;</string>
  <string name="budget_notification_budget_exceeded_account_text">in &lt;b&gt;%1$s&lt;/b&gt;</string>
  <string name="ail_notification_title">Tippen um ein Foto aufzunehmen</string>
  <string name="ail_notification_text">Sie können Ihre Überweisung später erstellen</string>
  <string name="ail_notification_cancel_message">Sie können diesen Dialog in den Einstellungen wieder einsehen</string>
  <string name="notification_monthly_alarm_title">Tippen um den Bericht zu sehen für</string>
  <string name="notification_monthly_alarm_text">%1$s</string>
  <string name="notification_message_auto_backup">Sehe Sicherheitskopie-Datei vom &lt;b&gt;%1$s&lt;/b&gt;</string>
  <string name="notification_message_repeat_transaction">Eine neue Transaktion ist am &lt;b&gt;%1$s&lt;/b&gt; hinzugefügt worden</string>
</resources>
