<?xml version="1.0" encoding="utf-8"?>
<!--Generated by crowdin.net-->
<resources>
  <string name="AGO">πριν</string>
  <string name="DAY">μια μέρα</string>
  <string name="DAYS">%1$s ημέρες</string>
  <string name="HOUR">περίπου μία ώρα</string>
  <string name="HOURS">%1$s ώρες</string>
  <string name="MINUTE">περίπου ένα λεπτό</string>
  <string name="MINUTES">%1$s λεπτά</string>
  <string name="MONTH">περίπου ένα μήνα</string>
  <string name="MONTHS">%1$s μήνες</string>
  <string name="SECONDS">λιγότερο από ένα λεπτό</string>
  <string name="SUFFIX_FROM_NOW">από τώρα</string>
  <string name="YEAR">περίπου ένα χρόνο</string>
  <string name="YEARS">%1$s χρόνια</string>
</resources>
