<?xml version="1.0" encoding="utf-8"?>
<!--Generated by crowdin.net-->
<resources>
  <string name="second">δευτερόλεπτο</string>
  <string name="minute">λεπτό</string>
  <plurals name="days_left">
    <item quantity="one">απομένει %d μέρα</item>
    <item quantity="other">απομένει %d μέρα</item>
  </plurals>
  <plurals name="hour_left">
    <item quantity="one">απομένει %d ώρα</item>
    <item quantity="other">απομένουν %d ώρες</item>
  </plurals>
  <plurals name="minute_left">
    <item quantity="one">απομένει %d λεπτό</item>
    <item quantity="other">απομένουν %d λεπτά</item>
  </plurals>
  <plurals name="second_left">
    <item quantity="one">απομένει %d δευτερόλεπτο</item>
    <item quantity="other">απομένουν %d δευτερόλεπτα</item>
  </plurals>
</resources>
