<?xml version="1.0" encoding="utf-8"?>
<!--Generated by crowdin.net-->
<resources>
  <string name="notice">Ανακοίνωση</string>
  <string name="error">Σφάλμα</string>
  <string name="close">Κλείσιμο</string>
  <string name="cancel">Ακύρωση</string>
  <string name="save">Αποθήκευση</string>
  <string name="done">Έγινε</string>
  <string name="yes">Ναι</string>
  <string name="submit">Υποβολή</string>
  <string name="sorry">Συγνώμη</string>
  <string name="ok">Οκ</string>
  <string name="search">Αναζήτηση</string>
  <string name="no">Όχι</string>
  <string name="confirm">Επιβεβαίωση</string>
  <string name="today">Σήμερα</string>
  <string name="tomorrow">Αύριο</string>
  <string name="yesterday">Χθες</string>
  <string name="thisweek">Αυτή την εβδομάδα</string>
  <string name="nextweek">Επόμενη εβδομάδα</string>
  <string name="lastweek">Προηγούμενη εβδομάδα</string>
  <string name="thismonth">Αυτό το μήνα</string>
  <string name="nextmonth">Επόμενο μήνα</string>
  <string name="lastmonth">Περασμένο μήνα</string>
  <string name="thisquarter">Αυτό το δεκαπενθήμερο</string>
  <string name="nextquarter">Επόμενο δεκαπενθήμερο</string>
  <string name="lastquarter">Προηγούμενο δεκαπενθήμερο</string>
  <string name="thisyear">Φέτος</string>
  <string name="nextyear">Επόμενο έτος</string>
  <string name="lastyear">Πέρυσι</string>
  <string name="quarter_shorten">Q</string>
</resources>
