<?xml version="1.0" encoding="utf-8"?>
<!--Generated by crowdin.net-->
<resources>
  <string name="search_over">Πάνω από</string>
  <string name="search_under">Κάτω από</string>
  <string name="search_time_over">Μετά</string>
  <string name="search_time_under">Πριν από</string>
  <string name="search_between">Μεταξύ</string>
  <string name="search_exact">Ακριβής</string>
  <string name="search_remove">Κατάργηση</string>
  <string name="search_none">Κανένα</string>
  <string name="search_all">Όλα</string>
  <string name="search_select">Επιλογή</string>
  <string name="start">Έναρξη</string>
  <string name="end">Τέλος</string>
  <string name="from">Από</string>
  <string name="to">Μέχρι</string>
  <string-array name="arr_amount">
    <item>@string/search_all</item>
    <item>@string/search_over</item>
    <item>@string/search_under</item>
    <item>@string/search_between</item>
    <item>@string/search_exact</item>
  </string-array>
  <string-array name="arr_type">
    <item>Όλα</item>
    <item>Εισόδημα</item>
    <item>Δαπάνη</item>
  </string-array>
  <string-array name="arr_time">
    <item>@string/search_all</item>
    <item>@string/search_time_over</item>
    <item>@string/search_time_under</item>
    <item>@string/search_between</item>
    <item>@string/search_exact</item>
  </string-array>
</resources>
