<?xml version="1.0" encoding="utf-8"?>
<!--Generated by crowdin.net-->
<resources>
  <string name="settings_group_display">Προβολή</string>
  <string name="settings_group_alarm_title">Υπενθυμίσεις</string>
  <string name="settings_group_system">Σύστημα</string>
  <string name="settings_group_database">Βάση δεδομένων</string>
  <string name="settings_group_about">Σχετικά με</string>
  <string name="settings_select_date_format">Επιλογή μορφής ημερομηνίας</string>
  <string name="settings_set_first_day_week">Επιλογή πρώτης ημέρας της εβδομάδας</string>
  <string name="settings_set_first_day_month">Επιλογή πρώτης μέρας του μήνα</string>
  <string name="settings_enable_pin">Ενεργοποίηση κωδικού πρόσβασης</string>
  <string name="settings_connect_dropbox">Σύνδεση με Dropbox</string>
  <string name="settings_connect_dropbox_connected">Συνδεδεμένο</string>
  <string name="settings_select_language">Επιλογή γλώσσας</string>
  <string name="settings_alarm">Καθημερινή υπενθύμιση προσθήκης συναλλαγής</string>
  <string name="settings_auto_check_update">Αυτόματος έλεγχος ενημερώσεων</string>
  <string name="settings_show_ail_notification_title">Εμφάνιση ειδοποίησης \"προσθήκη αργότερα\"</string>
  <string name="pref_show_ail_summary">Τραβήξτε πρώτα φωτογραφία για υπενθύμιση, έτσι μπορείτε να προσθέσετε αργότερα τη συναλλαγή</string>
  <string name="settings_about">Σχετικά με το Money Lover</string>
  <string name="settings_changes_log_title">Ιστορικό Αλλαγών</string>
  <string name="settings_amount_text_display_title">Μορφή νομισματικών αριθμών</string>
  <string name="pref_amount_text_decimal_separator_title">Διαχωριστικό δεκαδικών</string>
  <string name="pref_amount_text_decimal_separator_imperial">1,999.95</string>
  <string name="pref_amount_text_decimal_separator_international">1.999,95</string>
  <string name="pref_amount_text_show_currency_title">Εμφάνιση νομίσματος</string>
  <string name="pref_amount_text_minus_style_title">Θετικό/αρνητικό στυλ</string>
  <string name="pref_amount_text_minus_style_color">Προεπιλογή με χρώμα</string>
  <string name="pref_amount_text_minus_style_sign">Με σύμβολο + /-</string>
  <string name="pref_amount_text_minus_style_bracket">Με σύμβολο ()</string>
  <string name="pref_amount_text_shorten_title">Συντόμευση ποσού</string>
  <string name="pref_using_location">Χρήση Τοποθεσίας</string>
  <string name="settings_reset_data">Επαναφορά δεδομένων</string>
  <string name="auto_backup_no">Μη αυτόματη δημιουργία αντιγράφων ασφαλείας</string>
  <string name="auto_backup">Αυτόματη δημιουργία αντιγράφων ασφαλείας</string>
  <string name="auto_backup_every_day">Κάθε μέρα</string>
  <string name="auto_backup_every_week">Κάθε εβδομάδα</string>
  <string name="auto_backup_every_month">Κάθε μήνα</string>
  <string name="auto_backup_every_year">Κάθε χρόνο</string>
  <string name="auto_backup_test">2 phút</string>
  <string name="settings_quick_add_notification_title"></string>
  <string-array name="first_day_of_week_display">
    <item>Κυριακή</item>
    <item>Δευτέρα</item>
    <item>Τρίτη</item>
    <item>Τετάρτη</item>
    <item>Πέμπτη</item>
    <item>Παρασκευή</item>
    <item>Σάββατο</item>
  </string-array>
  <string-array name="first_day_of_month_display">
    <item>1η</item>
    <item>2</item>
    <item>3</item>
    <item>4</item>
    <item>5</item>
    <item>6</item>
    <item>7</item>
    <item>8</item>
    <item>9</item>
    <item>10</item>
    <item>11</item>
    <item>12</item>
    <item>13</item>
    <item>14</item>
    <item>15</item>
    <item>16</item>
    <item>17</item>
    <item>18</item>
    <item>19</item>
    <item>20</item>
    <item>21</item>
    <item>22</item>
    <item>23</item>
    <item>24</item>
    <item>25</item>
    <item>26</item>
    <item>27</item>
    <item>28</item>
  </string-array>
  <string-array name="alarm_time_display">
    <item>17:00</item>
    <item>18:00</item>
    <item>19:00</item>
    <item>20:00</item>
    <item>21:00</item>
    <item>22:00</item>
    <item>23:00</item>
    <item>Χωρίς ειδοποίηση</item>
  </string-array>
  <string-array name="auto_backup_repeat">
    <item>@string/auto_backup_every_day</item>
    <item>@string/auto_backup_every_week</item>
    <item>@string/auto_backup_every_month</item>
    <item>@string/auto_backup_every_year</item>
    <item>@string/auto_backup_no</item>
  </string-array>
</resources>
