<?xml version="1.0" encoding="utf-8"?>
<!--Generated by crowdin.net-->
<resources>
  <string name="notification_message_take_photo_title">Πατήστε για να προσθέσετε συναλλαγή από &lt;b&gt; Προσθήκη-αργότερα &lt;/b&gt; φωτογραφία</string>
  <string name="notification_message_daily_alarm_title">Πατήστε για να προσθέσετε συναλλαγή για &lt;b&gt;%1$s&lt;/b&gt;</string>
  <string name="notification_message_monthly_remind">Δείτε την μηνιαία αναφορά για &lt;b&gt;%1$s&lt;/b&gt;</string>
  <string name="notification_message_no_expense_today">Καθόλου δαπάνες σήμερα, ανανέωση τώρα;</string>
  <string name="notification_message_remind_debt">Χρωστάτε ακόμα &lt;b&gt;%1$s&lt;/b&gt; %2$s, ανανέωση τώρα;</string>
  <string name="notification_message_remind_loan">&lt;b&gt;%1$s&lt;/b&gt; σας χρωστάει ακόμα %2$s, ανανέωση τώρα?</string>
  <string name="budget_notification_budget_warning_title">Ο προϋπολογισμός έφθασε %1$s%%</string>
  <string name="budget_notification_budget_warning_category_text">%1$s έμειναν στο &lt;b&gt;%2$s&lt;/b&gt;</string>
  <string name="budget_notification_budget_warning_account_text">%1$s έμειναν στο &lt;b&gt;%2$s&lt;/b&gt;</string>
  <string name="budget_notification_budget_100percent_category_text">στο &lt;b&gt;%1$s&lt;/b&gt;</string>
  <string name="budget_notification_budget_100percent_account_text">στο &lt;b&gt;%1$s&lt;/b&gt;</string>
  <string name="budget_notification_budget_exceeded_title">Υπερδαπάνη %1$s</string>
  <string name="budget_notification_budget_exceeded_category_text">στο &lt;b&gt;%1$s&lt;/b&gt;</string>
  <string name="budget_notification_budget_exceeded_account_text">στο &lt;b&gt;%1$s&lt;/b&gt;</string>
  <string name="ail_notification_title">Πιέστε για να τραβήξετε φωτογραφία</string>
  <string name="ail_notification_text">ώστε να μπορείτε να προσθέσετε συναλλαγή αργότερα</string>
  <string name="ail_notification_cancel_message">Μπορείτε να δείτε και πάλι αυτήν την ειδοποίηση στις Ρυθμίσεις</string>
  <string name="notification_monthly_alarm_title">Πατήστε για να δείτε την αναφορά για</string>
  <string name="notification_monthly_alarm_text">%1$s</string>
  <string name="notification_message_auto_backup">Δείτε το αντίγραφο ασφαλείας από  &lt;b&gt;%1$s&lt;/b&gt;</string>
  <string name="notification_message_repeat_transaction">Έχει προστεθεί μια νέα συναλλαγή στο &lt;b&gt;%1$s&lt;/b&gt;</string>
</resources>
