<?xml version="1.0" encoding="utf-8"?>
<!--Generated by crowdin.net-->
<resources>
  <string name="cate_salary">Μισθός</string>
  <string name="cate_award">Βραβείο</string>
  <string name="cate_selling">Πώληση</string>
  <string name="cate_give">Δώσε</string>
  <string name="cate_interest">Τόκος</string>
  <string name="cate_debt">Χρέος</string>
  <string name="cate_income_other">Άλλο</string>
  <string name="cate_food">Φαγητό &amp; Ποτό</string>
  <string name="cate_entertainment">Ψυχαγωγία</string>
  <string name="cate_travel">Ταξίδια</string>
  <string name="cate_education">Εκπαίδευση</string>
  <string name="cate_transport">Μεταφορές</string>
  <string name="cate_friend">Φίλοι &amp; Εραστής</string>
  <string name="cate_family">Οικογένεια</string>
  <string name="cate_medical">Ιατρικά</string>
  <string name="cate_shopping">Ψώνια</string>
  <string name="cate_loan">Δάνειο</string>
  <string name="cate_invest">Επένδυση</string>
  <string name="cate_expense_other">Άλλο</string>
</resources>
