<?xml version="1.0" encoding="utf-8"?>
<!--Generated by crowdin.net-->
<resources>
  <string name="account">Πορτοφόλι</string>
  <string name="amount">Ποσό</string>
  <string name="budget">Προϋπολογισμός</string>
  <string name="event_title">Συμβάν</string>
  <string name="category">Κατηγορία</string>
  <string name="earned_from">Επιλογή κατηγορίας</string>
  <string name="end_date">Ημερομηνία λήξης</string>
  <string name="expense">Δαπάνη</string>
  <string name="goto_today">Μετάβαση στο σήμερα</string>
  <string name="goto_thismonth">Μετάβαση στον τρέχων μήνα</string>
  <string name="income">Εισόδημα</string>
  <string name="migrate">Μετεγκατάσταση</string>
  <string name="select_category">Επιλογή κατηγορίας</string>
  <string name="spent_on">Δαπάνη για</string>
  <string name="start_date">Ημερομηνία έναρξης</string>
  <string name="time">Ώρα</string>
  <string name="time_range">%1$s - %2$s</string>
  <string name="loading_more">Φόρτωση περισσότερων…</string>
  <string name="goal">Στόχος</string>
  <string name="edit">Επεξεργασία</string>
  <string name="saved">Αποθηκευμένο</string>
  <string name="search_go">Αναζήτηση</string>
  <string name="buy_app">Αναβάθμιση σε Premium</string>
  <string name="undobar_message">%1$s έχει διαγραφεί</string>
  <string name="backup_share">Κοινή χρήση</string>
  <string name="version">Έκδοση %1$s</string>
  <string name="loading">Φόρτωση…</string>
  <string name="total">Σύνολο</string>
  <string name="splashscreen_create_account">Δημιουργήστε το πρώτο πορτοφόλι</string>
  <string name="splash_screen_use_cloud">Πάμε σύννεφο (προσεχώς)</string>
  <string name="splash_screen_use_cloud_info">Συγχρονισμό και Διαμοιρασμός συναλλαγών με ευκολία</string>
  <string name="splash_screen_use_right_away">Για αυτήν τη συσκευή μόνο</string>
  <string name="splash_screen_use_right_away_info">Αμέσως!</string>
  <string name="welcome_message_title">Πώς θέλετε να χρησιμοποιήσετε την εφαρμογή;</string>
  <string name="welcome_message">Μπορείτε να αλλάξετε γνώμη ανά πάσα στιγμή αργότερα</string>
  <string name="login_hint_email">Διεύθυνση ηλ. ταχυδρομείου</string>
  <string name="login_hint_password">Κωδικός πρόσβασης</string>
  <string name="login_facebook">Είσοδος με λογαριασμό Facebook</string>
  <string name="login_money_lover">Είσοδος με λογαριασμό Money Lover</string>
  <string name="login_title">Σύνδεση</string>
  <string name="register_title">Εγγραφή</string>
  <string name="register_register">Εγγραφή</string>
  <string name="cashbook_earning">Κέρδη</string>
  <string name="cashbook_spending">Δαπάνες</string>
  <string name="cashbook_all_transactions">Όλες οι συναλλαγές</string>
  <string name="cashbook_delete_transaction_message">Θέλετε να διαγράψετε αυτή τη συναλλαγή;</string>
  <string name="cashbook_left">%1$s έμεινε</string>
  <string name="cashbook_no_data_guide">Πατήστε το %1$s κουμπί παρακάτω για να προσθέσετε μερικά</string>
  <string name="cashbook_no_data_swipe_down">Swipe down και</string>
  <string name="cashbook_no_data_faq_tip">Δύσκολο στην χρήση; Πατήστε %1$s για υποστήριξη</string>
  <string name="cashbook_no_data_earning">Χωρίς κέρδη</string>
  <string name="cashbook_no_data_spending">Χωρίς δαπάνες</string>
  <string name="cashbook_no_data">Χωρίς συναλλαγές</string>
  <string name="cashbook_selected_account_not_existed">Το πορτοφόλι που επιλέξατε δεν υπάρχει, θα οδηγηθείτε στο προεπιλεγμένο πορτοφόλι.</string>
  <string name="cashbook_contentdescription_help_support">Βοήθεια &amp; Υποστήριξη</string>
  <string name="cashbook_contentdescription_select_time_range_to_view">Επιλογή λειτουργίας προβολής</string>
  <string name="cashbook_contentdescription_delete_transaction">Διαγραφή συναλλαγής</string>
  <string name="cashbook_contentdescription_sort_transaction">Ταξινόμηση συναλλαγών</string>
  <string name="cashbook_contentdescription_search_transaction">Αναζήτηση για συναλλαγή</string>
  <string name="cashbook_contentdescription_viewmode_transaction">Προβολή ανά συναλλαγή</string>
  <string name="cashbook_contentdescription_viewmode_category">Προβολή ανά κατηγορία</string>
  <string name="cashbook_contentdescription_transfer_money">Μεταφορά χρημάτων</string>
  <string name="with_person">με τον/την %1$s</string>
  <string name="with_two_person">με τους %1$s &amp; %2$s</string>
  <string name="with_many_person">με τους %1$s &amp; %2$s. άλλους ανθρώπους</string>
  <string name="press_back_one_more_time_to_exit">Πατήστε ξανά το κουμπί \"πίσω\" για να εξέλθετε</string>
  <string name="paid">Αποπληρωμή</string>
  <string name="cashbook_cashback_info">to %1$s</string>
  <string name="add_transaction_amount_friendly_title">Πόσο?</string>
  <string name="add_transaction_title_add">Προσθήκη συναλλαγής</string>
  <string name="add_transaction_title_edit">Επεξεργασία συναλλαγής</string>
  <string name="add_transaction_title_view">Λεπτομέρειες Συναλλαγής</string>
  <string name="add_transaction_note_title_normal">Σημείωση</string>
  <string name="add_transaction_note_hint">Κενό</string>
  <string name="add_transaction_cancel_adding">Θέλετε να απορρίψετε αυτή τη συναλλαγή</string>
  <string name="add_transaction_discard_edit">Θέλετε να απορρίψετε τις αλλαγές σε αυτήν τη συναλλαγή</string>
  <string name="add_transaction_account_alert_currency_change">Το νόμισμα του εισαγόμενου ποσού  θα αλλάξει από %1$s σε %2$s. Είστε βέβαιοι ότι θέλετε να προχωρήσετε;</string>
  <string name="add_transaction_account_alert_currency_change_start">Το νόμισμα του εισαγόμενου ποσού θα αλλάξει από</string>
  <string name="add_transaction_account_alert_currency_change_middle">to</string>
  <string name="add_transaction_account_alert_currency_change_end">Θέλετε ακόμα να επεξεργαστείτε;</string>
  <string name="add_transaction_add_success">Η συναλλαγή προστέθηκε με επιτυχία!</string>
  <string name="add_transaction_category_hint">Επιλογή Κατηγορίας</string>
  <string name="add_transaction_with_title">Μαζί με;</string>
  <string name="add_transaction_with_hint">π.χ. Jon Snow, Arya Stark…</string>
  <string name="add_transaction_reminder_empty">Χωρίς υπενθύμιση</string>
  <string name="add_transaction_subtransaction_title">Cashback</string>
  <string name="add_transaction_timecreated_title">Ημερομηνία</string>
  <string name="add_transaction_reminder_title">Υπενθύμιση</string>
  <string name="add_transaction_error_amount">Θα πρέπει να συμπληρώσετε το πεδίο \"ποσό\"</string>
  <string name="add_transaction_error_category">Πρέπει να επιλέξετε κατηγορία δαπανών/κερδών</string>
  <string name="debtor">Οφειλέτης</string>
  <string name="lender">Δανειστής</string>
  <string name="for_reason">Για %1$s</string>
  <string name="someone">κάποιος</string>
  <string name="someone_hint">Κάποιος</string>
  <string name="add_transaction_note_spend_from_saving">Spent from saving plan %1$s</string>
  <string name="add_transaction_no_category_found">Δεν βρέθηκαν αντιστοιχίσεις</string>
  <string name="warning_big_amount_message">Το ποσό αυτή της συναλλαγής φαίνεται πάρα πολύ μεγάλο. Είστε βέβαιος ότι είναι σωστό;</string>
  <string name="warning_big_amount_dont_show_again">Μην εμφανιστεί ξανά</string>
  <string name="im_wrong">Κάνω λάθος</string>
  <string name="add_note">Γράψτε σημείωση</string>
  <string name="set_reminder_remove_reminder">Απενεργοποίηση</string>
  <string name="convert_currency_title_dialog">Εισαγωγή άλλου νομίσματος</string>
  <string name="convert_currency_message_convert_complete">Μετατροπή σε</string>
  <string name="convert_currency_message_convert_error">Σφάλμα μετατροπής</string>
  <string name="convert_currency_message_converting">Μετατροπή..</string>
  <string name="edit_transaction_confirm_change_category_for_debtloan">Είστε βέβαιοι ότι θέλετε να αλλάξετε την κατηγορία; Θα αφαιρεθεί όλο το ιστορικό συναλλαγών.</string>
  <string name="edit_transaction_mark_remove">Θα διαγραφούν</string>
  <string name="edit_transaction_mark_remove_message">All sub transactions of this transaction will be deleted</string>
  <string name="delete_sub_transaction">Διαγραφή αυτής της συναλλαγής</string>
  <string name="sub_transaction_title">Ιστορία Αποπληρωμών</string>
  <string name="quick_add_transaction_dialog_title">Νέα συναλλαγή</string>
  <string name="quick_add_notification_ticker">Έτοιμοι να προσθέσετε νέα συναλλαγή</string>
  <string name="quick_add_transaction_title">Προσθήκη στο %1$s</string>
  <string name="quick_add_transaction_notification_text">Πατήστε για να πάτε στο πορτοφόλι</string>
  <string name="add_account_title_add">Προσθήκη πορτοφολιού</string>
  <string name="add_account_title_edit">Επεξεργασία πορτοφολιού</string>
  <string name="add_account_name_title">Όνομα</string>
  <string name="add_account_currency_title">Νόμισμα</string>
  <string name="add_account_start_balance_title">Αρχικό ισοζύγιο</string>
  <string name="add_account_error_accountname_exists">Αυτό το όνομα πορτοφολιού υπάρχει ήδη.</string>
  <string name="add_account_error_accountname_length_invalid">Το όνομα του πορτοφολιού πρέπει να έχει από %1$s έως %2$s χαρακτήρες.</string>
  <string name="add_account_discard_changed">Θέλετε να απορρίψετε όλες τις αλλαγές που κάνατε σε αυτό το πορτοφόλι;</string>
  <string name="add_account_note_for_initial_balance">Αρχικό ισοζύγιο</string>
  <string name="add_account_shortcut_title">Προσθήκη συντόμευσης στην αρχική οθόνη</string>
  <string name="add_account_shortcut_success">Η συντόμευση δημιουργήθηκε με επιτυχία</string>
  <string name="account_manager_title">Διαχείριση Πορτοφολιών</string>
  <string name="account_manager_confirm_delete_account">Θέλετε να διαγράψετε το πορτοφόλι %1$s;</string>
  <string name="time_picker_dialog_title">Επιλογή ώρας</string>
  <string name="navigation_cashbook">Συναλλαγές</string>
  <string name="navigation_budget">Προϋπολογισμοί</string>
  <string name="navigation_campaign">Οικονομίες</string>
  <string name="navigation_event">Συμβάντα</string>
  <string name="navigation_category_manager">Κατηγορίες</string>
  <string name="navigation_statistic">Στατιστικά</string>
  <string name="navigation_settings">Ρυθμίσεις</string>
  <string name="navigation_feedback">Feedback</string>
  <string name="navigation_debt_manager">Χρέη</string>
  <string name="navigation_tools">Εργαλεία</string>
  <string name="navigation_about">Σχετικά με</string>
  <string name="navigation_sync">Συγχρονισμός</string>
  <string name="navigation_logout">Αποσύνδεση</string>
  <string name="navigation_login">Πάμε σύννεφο</string>
  <string name="navigation_database">Βάση δεδομένων</string>
  <string name="navigation_copyright">© 2013 Zoo Studio. Με επιφύλαξη κάθε νόμιμου δικαιώματος.</string>
  <string name="tools_interest_rate">Επιτόκιο</string>
  <string name="tools_export_csv">Εξαγωγή σε CSV</string>
  <string name="tools_export_excel">Εξαγωγή σε Excel</string>
  <string name="tools_tip_calculator">Υπολογιστής φιλοδωρήματος</string>
  <string name="tools_find_atm">Εύρεση ATM</string>
  <string name="tools_find_bank">Εύρεση Τράπεζας</string>
  <string name="tools_install_app">Εγκατάσταση εργαλείου</string>
  <string name="tools_install_app_message">Θέλετε να εγκαταστήσετε &lt;b&gt;%1$s&lt;/b&gt; από το κατάστημα Google Play;</string>
  <string name="statistic_monthly_report">Μηνιαία αναφορά</string>
  <string name="bank_finder">Εύρεση Τράπεζας</string>
  <string name="bank_finder_hint">π.χ. HSBC, Standard Chartered…</string>
  <string name="bank_finder_input_bank_name">Πληκτρολογήστε όνομα Τράπεζας</string>
  <string name="open_file">Άνοιγμα αρχείου</string>
  <string name="export_fail">Συγνώμη, η διαδικασία εξαγωγής αντιμετώπισε ένα σφάλμα και δεν μπορεί να συνεχίσει</string>
  <string name="export_success">Επιτυχημένη εξαγωγή</string>
  <string name="select_account">Επιλέξτε πορτοφόλι</string>
  <string name="export_csv">Εξαγωγή σε CSV</string>
  <string name="export_excel">Εξαγωγή σε EXCEL</string>
  <string name="attach_to_email">Επισύναψη σε Email</string>
  <string name="delimiter">Delimiter</string>
  <string name="atm_finder">Εύρεση ATM</string>
  <string name="change">Αλλαγή</string>
  <string name="send_mail">Αποστολή Email</string>
  <string name="contact_me">Επικοινωνία</string>
  <string name="about_thanks">&lt;b&gt;Ιδιαίτερες ευχαριστίες στούς&lt;/b&gt;&lt;br /&gt;
Andreas Krings, Jake Wharton, Jeremy Feinstein, Roman Nurik, Simon Vig Therkildsen, Soarcn, Tjerk
Wolterink για τις φανταστικές βιβλιοθήκες τους.&lt;br /&gt;
Brankic1979 and Nick Frost για τα πανέμορφα πακέτα εικονιδίων.&lt;br /&gt;
Και σε όλους τους εθελοντές που μας βοήθησαν με την μετάφραση του Money Lover σε πολλές άλλες γλώσσες.</string>
  <string name="about_developed">από την ZooStudio</string>
  <string name="about_view_profile_facebook">Επισκεφθείτε το προφίλ μας</string>
  <string name="budget_overspent">Υπερδαπάνη</string>
  <string name="budget_finished">Ολοκληρώθηκε</string>
  <string name="budget_spent">Δαπάνη</string>
  <string name="budget_all_category">Όλες οι κατηγορίες</string>
  <string name="create_budget_title_add">Προσθήκη προϋπολογισμού</string>
  <string name="create_budget_title_edit">Επεξεργασία προϋπολογισμού</string>
  <string name="create_budget_create_for">Προσθήκη για</string>
  <string name="create_budget_time_range">Εύρος χρόνου</string>
  <string name="budget_detail_delete_confirm_message">Θέλετε να διαγράψετε αυτόν τον προϋπολογισμό;</string>
  <string name="create_budget_message_select_day_error">Η Ημερομηνία λήξης πρέπει να είναι μετά την ημερομηνία έναρξης</string>
  <string name="create_budget_message_duplicate_DB">Δημιουργήθηκε ο προϋπολογισμού για αυτή τη φορά, είστε βέβαιοι ότι θέλετε να υπερισχύσει του παλιού?</string>
  <string name="create_budget_message_warning_enter_amount">Προϋπολογισμό ποσού μικρότερου από το 0!</string>
  <string name="create_budget_message_error_category">Πρέπει να επιλέξετε κατηγορία</string>
  <string name="create_budget_message_error_time">Πρέπει να επιλέξετε χρόνο για προϋπολογισμό</string>
  <string name="budget_overview_monthly">Μηνιαίο σχέδιο προϋπολογισμού</string>
  <string name="budget_overview_custom">Προσαρμοσμένο σχέδιο προϋπολογισμού</string>
  <string name="budget_overview_no_data_guide">Πατήστε το %1$s κουμπί επάνω για να προσθέσετε νέο σχέδιο προϋπολογισμού</string>
  <string name="budget_detail_category">%1$s προϋπολογισμός</string>
  <string name="budget_detail_account_detail_emptyview_message">Πατήστε για να προσθέσετε προϋπολογισμό</string>
  <string name="budget_detail_list_transactions_title">Λίστα συναλλαγών</string>
  <string name="clear_template">Σαφές πρότυπο</string>
  <string name="budget_template">Πρότυπο</string>
  <string name="dialog_enter_amount_title">Εισάγετε το ποσό</string>
  <string name="security_pin_title_create">Ορισμός κωδικού πρόσβασης</string>
  <string name="security_pin_title_confirm">Επιβεβαίωση κωδικού πρόσβασης</string>
  <string name="security_pin_title_open">Εισάγωγή κωδικού πρόσβασης</string>
  <string name="security_pin_message_remove">για να απενεργοποιήσετε τη λειτουργία ασφαλείας κωδικού πρόσβασης</string>
  <string name="security_pin_title_wrong_password">Εσφαλμένος κωδικός πρόσβασης!</string>
  <string name="security_pin_message_try_again">Δοκίμασε ξανά</string>
  <string name="is_latest_version">H τρέχουσα έκδοση είναι ενημερωμένη.</string>
  <string name="update">Ενημέρωση</string>
  <string name="has_new_version">Κυκλοφόρησε νέα έκδοση, παρακαλούμε ενημερώστε τώρα!</string>
  <string name="no_internet">Δεν υπάρχει σύνδεση στο internet. Παρακαλώ ξαναπροσπαθήστε!</string>
  <string name="check_update">Έλεγχος ενημέρωσης</string>
  <string name="thanks_feedback">Ευχαριστούμε για τα σχόλιά σας.</string>
  <string name="add_sub_transaction_input_more_than_left">Το εισαγόμενο ποσό είναι μεγαλύτερο από το ανεξόφλητο ποσό</string>
  <string name="warning">Προειδοποίηση</string>
  <string name="process">επεξεργασία…</string>
  <string name="error_no_google_map">Παρακαλώ εγκαταστήστε το Google Maps για να χρησιμοποιήσετε τη δυνατότητα</string>
  <string name="set">Ορίστε</string>
  <string name="category_manager_title">Διαχείριση Κατηγοριών</string>
  <string name="category_manager_notice_cannot_edit_default_category">Δεν μπορείτε να επεξεργαστείτε ειδική κατηγορία</string>
  <string name="category_manager_confirm_delete_category">Θέλετε να διαγράψετε την κατηγορία %1$s? Όλες οι συναλλαγές που ανήκουν σε αυτή την κατηγορία θα διαγραφούν επίσης.</string>
  <string name="category_manager_delete_success_message">Έχει διαγραφεί η κατηγορία %1$s</string>
  <string name="create_category_title">Νέα κατηγορία</string>
  <string name="edit_category_title">Επεξεργασία κατηγορίας</string>
  <string name="create_category_name_title">Όνομα</string>
  <string name="create_category_select_icon_title">Εικονίδιο</string>
  <string name="create_category_default_parent_category">Γονικός</string>
  <string name="create_category_parent_category">Γονική κατηγορία</string>
  <string name="create_category_hint_name_review">Όνομα κατηγορίας</string>
  <string name="create_category_message_duplicate_DB">Αυτή η κατηγορία έχει υπάρξει</string>
  <string name="create_category_select_type_error">Πρέπει να επιλέξετε τύπο κατηγορίας</string>
  <string name="create_category_input_name_error">Ας εισάγουμε το όνομα τις κατηγορίας σας</string>
  <string name="create_category_select_icon_error">Μην ξεχάσετε το εικονίδιο για την κατηγορία</string>
  <string name="select_parent_category_title">Επιλέξτε μητρική κατηγορία</string>
  <string name="message_transfer_successful">Μεταφορά επιτυχής!</string>
  <string name="title_dialog_transfer">Από %1$s</string>
  <string name="back">Πίσω</string>
  <string name="message_currency_error">Θέλετε να αλλάξετε από %1$s σε %2$s;</string>
  <string name="note_income_transfer">Λήψη από %1$s</string>
  <string name="message_amount_zero">Το ποσό της μεταφοράς πρέπει να είναι μεγαλύτερο από 0</string>
  <string name="default_note_transfer">Μεταφορά σε %1$s</string>
  <string name="monthly_report_start_balance">Αρχικό ισοζύγιο</string>
  <string name="monthly_report_this_month_balance">Καθαρό εισόδημα</string>
  <string name="monthly_report_end_balance">Τελικό ισοζύγιο</string>
  <string name="monthly_report_compare_to_previous_month">Μηνιαία σύγκριση</string>
  <string name="monthly_report_largest_expense">Μεγαλύτερο έξοδο</string>
  <string name="monthly_report_expense_by_category">Έξοδα ανά κατηγορία</string>
  <string name="monthly_report_nodata">Δεν υπάρχει αναφορά για αυτόν τον μήνα</string>
  <string name="monthly_report_nodata_guide">Οι μηνιαίες εκθέσεις θα εμφανίζονται αυτόματα μετά το ξεκίνημα κάθε νέου μήνα</string>
  <string name="search_result">Αποτέλεσμα αναζήτησης</string>
  <string name="type">Τύπος</string>
  <string name="with">Με</string>
  <string name="select_time">Επιλογή ώρας</string>
  <string name="notification_center_message_empty_notification">Δεν υπάρχουν ειδοποιήσεις</string>
  <string name="notification_center_title">Κέντρο ειδοποιήσεων</string>
  <string name="notification_center_delete_read_notifications">Διαγραφή αναγνωσμένων μηνυμάτων</string>
  <string name="notification_center_mark_all_as_read">σήμανση όλων ως αναγνωσμένα</string>
  <string name="debt_manager_title">Χρέη</string>
  <string name="debt_wallet">Πληρωτέα</string>
  <string name="loan_wallet">Εισπρακτέα</string>
  <string name="now">Ανεξόφλητο</string>
  <string name="past">Πληρώθηκαν</string>
  <string name="note_transaction_saving">Απόσυρση από την εξοικονόμηση %1$s</string>
  <string name="saving_overview_title">Οικονομίες</string>
  <string name="saving_overview_deposit">Κατάθεση</string>
  <string name="saving_overview_need">Ανάγκη</string>
  <string name="saving_overview_spend">Ξοδεύω</string>
  <string name="saving_overview_withdraw">Απόσυρση</string>
  <string name="saving_deposit">Κατάθεση σε σχέδιο εξοικονόμηση %1$s</string>
  <string name="saving_withdraw_default_note">Απόσυρση απο σχέδιο εξοικονόμηση %1$s</string>
  <string name="saving_overview_no_data_guide">Πατήστε το %1$s κουμπί επάνω για να προσθέστε νέα σχέδιο εξοικονόμησης</string>
  <string name="saving_menu_deposit">Κατάθεση</string>
  <string name="saving_menu_withdraw">Απόσυρση</string>
  <string name="saving_menu_spendon">Δαπανώ σε…</string>
  <string name="saving_add_title">Προσθήκη αποταμίευσης</string>
  <string name="saving_edit_title">Επεξεργασία αποταμίευσης</string>
  <string name="saving_add_name_title">Όνομα</string>
  <string name="saving_add_start_amount">Ποσό έναρξης</string>
  <string name="saving_add_success">Δημιούργησε νέα εκστρατεία εξοικονόμησης</string>
  <string name="saving_add_error_goal_amount">Πρέπει να εισάγετε ποσό στόχου!</string>
  <string name="saving_add_error_name">Πρέπει να εισάγετε όνομα εκστρατείας αποταμίευσης!</string>
  <string name="saving_add_error_icon">Πρέπει να επιλέξετε εικονίδιο!</string>
  <string name="saving_add_cancel_adding">Θέλετε να απορρίψετε αυτή την αποταμίευση;</string>
  <string name="saving_add_discard_edit">Θέλετε να απορρίψετε τις αλλαγές σε αυτή την αποταμίευση;</string>
  <string name="dialog_select_event_remove">Αφαίρεση γεγονότος</string>
  <string name="event_add_title">Προσθήκη γεγονότος</string>
  <string name="event_edit_title">Επεξεργασία γεγονότος</string>
  <string name="event_input_name_error">Ας εισάγουμε το όνομα του γεγονότος σας</string>
  <string name="event_select_icon_error">Μην ξεχάσετε το εικονίδιο για το γεγονός</string>
  <string name="event_overview_view_transactions">Συναλλαγές</string>
  <string name="event_overview_deposit">Κατάθεση</string>
  <string name="event_overview_withdraw">Απόσυρση</string>
  <string name="event_overview_deposited">Κατατέθηκε</string>
  <string name="event_overview_finish">Τέλος</string>
  <string name="event_overview_no_data_guide">Πατήστε το %1$s κουμπί επάνω για να προσθέστε νέα σχέδιο εξοικονόμησης</string>
  <string name="event_menu_mark_as_finished">Σήμανση ως τελειωμένα</string>
  <string name="event_menu_mark_as_unfinish">Σήμανση ως ημιτελή</string>
  <string name="interest_rate_title">Επιτόκιο</string>
  <string name="interest_rate">Aξιολόγηση</string>
  <string name="time_from">Χρονική διάρκεια</string>
  <string name="select_type_interest">Τύπος ενδιαφέροντος</string>
  <string name="date_to_invalid">Η ημερομηνία λήξης πρέπει να είναι μετά την ημερομηνία έναρξης </string>
  <string name="amount_empty">Παρακαλώ εισάγετε ποσό</string>
  <string name="time_mode_interest">λειτουργία ώρας</string>
  <string name="rate_empty">Παρακαλούμε εισάγετε την τιμή μετατροπής</string>
  <string name="time_empty">Παρακαλώ επιλέξτε χρονική αξία</string>
  <string name="interest">Ποσό τόκου</string>
  <string name="number_of_period">Αριθμός περιόδων</string>
  <string name="total_amount">Συνολικό ποσό</string>
  <string name="interest_result">Αποτέλεσμα</string>
  <string name="total_people">Με %d Ανθρώπους</string>
  <string name="percent_tip">Φιλοδώρημα %1$s%%</string>
  <string name="total_pay">Συνολική αμοιβή</string>
  <string name="total_tip">Συνολικό φιλοδώρημα</string>
  <string name="total_tip_person">Συνολικό φιλοδώρημα ανά άτομο</string>
  <string name="total_per_person">Ποσό ανά άτομο</string>
  <string name="note_it">Σημειώστε το</string>
  <string name="no_tip">χωρίς φιλοδώρημα</string>
  <string name="more_people">Αριθμός ατόμων</string>
  <string name="more_tip">Ποσοστό φιλοδωρήματος</string>
  <string name="calculate">Υπολογισμός</string>
  <string name="change_review">%1$s%% είναι καλύτερη, &lt;b&gt; αλλαγή?&lt;/b&gt;</string>
  <string name="empty_amount">Το ποσό είναι άδειο</string>
  <string name="inapp_purchase">Επιλογές Premium</string>
  <string name="message_purchase_error">Σφάλμα κατά την αγορά</string>
  <string name="message_purchase_success">Επιτυχημένη αγορά. Ξεκινήστε πάλι την εφαρμογή για να εφαρμοστούν οι αλλαγές.</string>
  <string name="purchase_bought">Αγοράσατε αυτό</string>
  <string name="reset_app_to_change">Κάντε επανεκκίνηση της εφαρμογής για να εφαρμόστούν οι αλλαγές</string>
  <string name="purchase_buy_all_title">Αναβάθμιση σε Premium</string>
  <string name="purchase_buy_all_text">Have more than one wallet, budget plan, saving plan, event plan.\nNo more advertisement!</string>
  <string name="purchase_buy_ads_title">Απομάκρυνση διαφημίσεων</string>
  <string name="purchase_buy_ads_text">Enjoy the basic Money Lover with no more advertisement!</string>
  <string name="purchase_input_premium_code_text">Αν έχετε κωδικός άδειας</string>
  <string name="purchase_notice_buy_features">Free version can add one budget, one saving, one event only, and cannot use all features. Please go premium to create unlimited budgets, savings, events and access to all features</string>
  <string name="premium_code">Είσοδος κωδικού αδείας</string>
  <string name="license_code_not_correct">Ο κωδικός άδεια δεν είναι σωστός</string>
  <string name="license_code_success">Ο κωδικός άδεια είναι έγκυρος. Είστε πλέον σε θέση να έχετε πρόσβαση σε όλα τα χαρακτηριστικά %1$s</string>
  <string name="widget_select_account_empty">Χρειάζεστε ένα πορτοφόλι πριν τη δημιουργία widget</string>
  <string name="widget_simple_light_name">Simple widget light</string>
  <string name="widget_select_account_title">Επιλέξτε πορτοφόλι</string>
  <string name="ail_message_empty_image">Δενέχουν μήνει φωτογραφίες</string>
  <string name="ail_guide_1">Μπορείτε να πάρετε μια φωτογραφία από κάτι</string>
  <string name="ail_guide_2">So you can add transaction about it later</string>
  <string name="migrate_dialog_message">Money Lover is going to transfer your data from old version to new one. Do you want to continue?</string>
  <string name="migrate_dialog_notice">Ανακοίνωση</string>
  <string name="migrate_dialog_disabled_function">In this version, billing feature was disabled temporary although your bill data still will be transferred.</string>
  <string name="migrate_dialog_cancel_message">If you change your mind later, you still can select migrate in %1$s. But all your new data from now on to that moment will lose permanently.</string>
  <string name="migrate_processing_transfer_currencies">Μεταφορά νομισμάτων</string>
  <string name="migrate_processing_transfer_accounts">Transferring and converting old accounts into wallets</string>
  <string name="migrate_processing_transfer_master_categories">Transferring master categories</string>
  <string name="migrate_processing_transfer_categories">Κατηγορίες μεταφοράς</string>
  <string name="migrate_processing_transfer_transactions">Μεταφορά συναλλαγών</string>
  <string name="migrate_processing_transfer_tagged_people">Transferring tagged people</string>
  <string name="migrate_processing_transfer_sub_transactions">Μεταφορά υπό συναλλαγών</string>
  <string name="migrate_processing_transfer_interests">Transferring interests</string>
  <string name="migrate_processing_transfer_bills">Μεταφορά λογαριασμών</string>
  <string name="migrate_processing_transfer_budgets">Μεταφορά προϋπολογισμών</string>
  <string name="migrate_processing_transfer_campaigns">Μεταφορά εκστρατειών</string>
  <string name="restore_title">Επαναφορά δεδομένων</string>
  <string name="restore_message_successful">Εισαγωγή με επιτυχία!</string>
  <string name="restore_message_error">An error has occurred when importing data</string>
  <string name="restore_loading_file_from_dropbox">Φόρτωση αρχείου από Dropbox…</string>
  <string name="restore_connect_dropbox">Σύνδεση με Dropbox</string>
  <string name="restore_message">Select one file below to restore data from</string>
  <string name="restore_message_edit">Επιλογή αρχείου που θα διαγραφεί</string>
  <string name="restore_empty_file">Δεν υπάρχουν αρχεία</string>
  <string name="restore_disconnect_dropbox">Αποσύνδεση Dropbox</string>
  <string name="restore_disconnect_dropbox_confirm">Θέλετε πραγματικά να αποσυνδέσετε το Dropbox;</string>
  <string name="backup_title">Δεδομένα αντιγράφου ασφαλείας</string>
  <string name="backup_file_name">Δημιουργία αντιγράφου ασφαλείας σε αρχείο</string>
  <string name="backup_notice_about_file_ext">From this version, we use the new file extension &lt;b&gt;.mlx&lt;/b&gt; , but you still can import both .money and .mlx file into %1$s</string>
  <string name="backup_success_message">Το αντίγραφο ασφαλείας δημιουργήθηκε με επιτυχία</string>
  <string name="backup_fail_message">Η Δημιουργία αντιγράφου ασφαλείας απέτυχε</string>
  <string name="navigation_group_support">Υποστήριξη</string>
  <string name="navigation_group_setting">Ρύθμιση</string>
  <string name="navigation_group_plans">Σχεδιασμός</string>
  <string name="navigation_group_others">Άλλοι</string>
  <string name="navigation_group_tools">Εργαλεία</string>
  <string name="widget_account_was_deleted">Το πορτοφόλι διεγράφη με επιτυχία</string>
  <string name="tools_install_go_to_playstore">Πηγαίνετε στο Play Store</string>
  <string name="tools_shopping_lover_intro">This application is built on the habits of shoppers. It increases the efficiency and speed of your shopping experience, and also prevents any unnecessary mistakes.</string>
  <string name="tools_exchanger_intro">Exchanger is a simple way to convert currency in mobile.&lt;br /&gt;
		- Nice design with flat design&lt;br /&gt;
		- 100+ world currencies&lt;br /&gt;
		- Convert multi-currencies in one time&lt;br /&gt;
		- Offline mode (do not need network).</string>
  <string name="rate_app_dont_show_again">Don\'t show Rate App notification again</string>
  <string name="rate_app_dont_show_again_short">Μην εμφανιστεί ξανά</string>
  <string name="rate_app_config_title">Rate app setting</string>
  <string name="delete">Διαγραφή</string>
  <string name="restore_delete_message">Θέλετε να διαγράψετε μόνιμα αυτά τα αρχεία;</string>
  <string name="restore_message_confirm">Θέλετε να επαναφέρετε δεδομένα από το αρχείο %1$s; Όλα τα τρέχοντα δεδομένα σας θα διαγραφούν!</string>
  <string name="restore_autobackup_fail">Η αυτόματη δημιουργία αντιγράφων ασφαλείας απέτυχε. Η διαδικασία αποκατάσταση δεν μπορεί να συνεχιστεί.</string>
  <string name="deleting">Διαγραφή…</string>
  <string name="purchase_error_unknown">Εμφανίστηκε ένα άγνωστο σφάλμα.</string>
  <string name="purchase_please_wait_until_data_is_loaded">Παρακαλώ περιμένετε έως ότου φορτωθούν τα στοιχεία.</string>
  <string name="announce_update_lost_data_message">&lt;p&gt;We are upgrading Money Lover into new version and migrating your data from the old one to the new one. During the process, you may experience some losses of data, sometimes, unfortunately, all of them. &lt;/p&gt;&lt;p&gt;&lt;b&gt;Technically, your data is still there as we will not delete them if the migrate process goes wrong.&lt;/b&gt;&lt;/p&gt;&lt;p&gt; If you find yourself into this situation, please contact us and we will help you find your data back.&lt;/p&gt;</string>
  <string name="announce_update_lost_data_message_title">Σχετικά με την απόλεια δεδομένων μετά την ενημέρωση</string>
  <string name="cannot_find_my_language">Περισσότερες γλώσσες;</string>
  <string name="feedback_language_text">Γεια σας, \nI ήθελα να μεταφράσετε τις ακόλουθες γλώσσες: \n</string>
  <string name="feedback_language_subject">[LANG] ΣΧΕΤΙΚΆ ΜΕ ΓΛΏΣΣΑ</string>
  <string name="message_more_languages">We\'re working on translating new version of Money Lover into other languages but this process can take a while, so we really need help from our users to speed it up.</string>
  <string name="message_more_languages_help">Please help us if you can translate from English to other languages. You can contact us for further information.</string>
  <string name="languagehelp_ok">Ναι, θα βοηθήσω!</string>
  <string name="languagehelp_cancel">Όχι, ίσως αργότερα :(</string>
  <string name="languagehelp_title">Βοήθεια στην μετάφραση</string>
  <string name="changes_log_title">Ιστορικό Αλλαγών</string>
  <string name="restore_menu_show_auto_backup">Προβολή αρχείων αυτόματων αντιγράφων ασφαλείας</string>
  <string name="restore_menu_hide_auto_backup">Απόκρυψη αρχείων αυτόματων αντιγράφων ασφαλείας</string>
  <string name="restore_menu_edit">Επιλογή αρχείων</string>
  <string name="title_view_web">Προβολή Web</string>
  <string name="title_notification_web">Connecting web client</string>
  <string name="turn_on_web">Ενεργοποιήστε το διακομιστή</string>
  <string name="turn_off_web">Απενεργοποιήστε το διακομιστή</string>
  <string name="tab_to_turn_off_web">Πατήστε για να απενεργοποιήσετε το web</string>
  <string name="budget_detail_error_budget_not_exists">Αυτός ο προϋπολογισμός δεν υπάρχουν πια</string>
  <string name="new_expense_category">Νέα κατηγορία δαπάνης</string>
  <string name="new_income_category">Νέα κατηγορία εισοδήματος</string>
  <string name="turn_on_wifi">Ενεργοποιήστε πρώτα το wifi</string>
  <string name="server_off">απενεργοποιημένος Server</string>
  <string name="access_link">%1$s</string>
  <string name="previous_web">Προηγούμενη</string>
  <string name="next_web">Επόμενη</string>
  <string name="webdisplay_status_title">Κατάσταση</string>
  <string name="webdisplay_menu_help">Βοήθεια</string>
  <string name="webdisplay_menu_advance">Προηγμένες επιλογές</string>
  <string name="add_web">Προσθέστε</string>
  <string name="cashback_loan_info">από %1$s</string>
  <string name="webdisplay_turning_on">Ενεργοποίηση…</string>
  <string name="webdisplay_turned_on">Απενεργοποίηση</string>
  <string name="webdisplay_turning_off">Απενεργοποίηση…</string>
  <string name="webdisplay_turned_off">Ενεργοποιήση</string>
  <string name="set_as_start_date">Ορισμός ημερομηνίας έναρξης</string>
  <string name="set_as_end_date">Ορισμός ημερομηνίας λήξης</string>
  <string name="webdisplay_warning_port_over">Το Port πρέπει να κυμαίνονται από %1$s έως %2$s</string>
  <string name="webdisplay_warning_port_web">Αυτό το port είναι διπλότυπο με %1$s</string>
  <string name="webdisplay_will_change_port">Το Port θα αλλάξει μετά την ενεργοποίηση της υπηρεσίας και πάλι.</string>
  <string name="webdisplay_open_web_browser">Ανοίξτε αυτήν τη διεύθυνση στον περιηγητή σας</string>
  <string name="webdisplay_warning_port_exist">This port has been taken over by another service. Please select another port.</string>
  <string name="webdisplay_change_port">Αλλαγή port</string>
  <string name="webdisplay_web_actions">Δράσεις</string>
  <string name="webdisplay_web_feedback_support">Feedback \u0026 Support</string>
  <string name="webdisplay_web_add_more">Ενέργειες</string>
  <string name="reset_data_message">Do you want to reset all data? All data such as wallets, transactions, budgets, savings or events will be removed. This action CAN NOT be undone.</string>
  <string name="upload_to_dropbox_success">Ανέβηκε στο DropBox</string>
  <string name="message_large_spend_amount">Το εισαγόμενο ποσό πρέπει να είναι μικρότερο από το τρέχον αποθηκευμένο ποσό.</string>
  <string name="message_error_select_parent_cate">Δεν μπορείτε να επιλέξετε τον εαυτό του ως γονέας</string>
  <string name="translated_by">Μεταφράστηκε από %1$s</string>
  <string name="add_transaction_with_suggestion">You can add people who is not in contact by adding a comma ( , ) after their name.</string>
  <string name="msg_add_transaction_first">Θέλετε να προσθέσετε την πρώτη σας συναλλαγή τώρα;</string>
  <string name="global">Παγκόσμιο</string>
  <string name="notification_bank_sms_title">Your %1$s wallet change %2$s</string>
  <string name="custom_range_cashbook">Προσαρμογή</string>
  <string name="navigation_travel_mode">Λειτουργία ταξιδίου</string>
  <string name="select_event_title">Επιλογή συμβάντος</string>
  <string name="travel_mode_description">In travel mode, you can select a running event to be auto selected each time you create a transaction.</string>
  <string name="travel_mode_activated_message">H λειτουργία Ταξιδίου είναι ενεργοποιημένη. Καλό Ταξίδι!</string>
  <string name="travel_mode_turn_off_message">Θέλετε να απενεργοποιήσετε την λειτουργία ταξιδίου;</string>
  <string name="travel_mode_quick_add_notification">Προσθήκη στο συμβάν %1$s</string>
  <string name="travel_mode_turned_off_message">H λειτουργία Ταξιδίου είναι απενεργοποιημένη</string>
  <string name="purchase_description">Each purchase is valid for only 100 years.</string>
  <string name="backup_select_one">Επιλογή ενός</string>
  <string name="repeat_transaction_mode_month_same_days">κάθε %1$s του μηνός</string>
  <string name="repeat_transaction_mode_month_this_day">Κάθε %1$s %2$s του μήνα</string>
  <string name="repeat_transaction_times_duration_for_a_number_of_event_shorted">Για</string>
  <string name="repeat_transaction_manager">Recurring Transactions</string>
  <string name="recent_transaction_no_transactions">No recent transactions</string>
  <string name="repeat_transaction_next_repeat">Next repeat</string>
  <string name="repeat_transaction_need_specify_repeat">You need to specify repeat options</string>
  <string name="recent_transaction_dialog_list_title">Πρόσφατη συναλλαγή</string>
  <string name="repeat_transaction_message_confirm_delete_template">Θέλετε να διαγράψετε αυτό το πρότυπο;</string>
  <string name="repeat_transaction_no_template">Δεν υπάρχουν επαναλαμβανόμενα πρότυπα</string>
  <string name="repeat_transaction_no_repeat">Χωρίς επανάληψη</string>
  <string name="repeat_transaction_next_repeat_at">Επόμενη επανάληψη στις %1$s</string>
  <string name="share_need_to_download_before_sharing">This file will be downloaded from DropBox before being shared</string>
  <string name="repeat_transaction_add_template">Add recurring transaction</string>
  <string name="repeat_transaction_edit_template">Edit recurring transaction</string>
  <string name="recent_transaction_show_when_add_transaction">Show this dialog automatically when add transaction</string>
  <string name="message_login_now">After enter promotion code, you could create an Money Lover account to link your account with your Premium status. If you have another device, login Money Lover with your account so Premium status in that device will be automatically activated.</string>
  <string name="recent_transaction_dialog_description">You can import transaction data from these previous ones</string>
  <string name="repeat_transaction_every">Κάθε</string>
  <string name="repeat_transaction_from">Από</string>
  <string name="repeat_transaction_at">στις</string>
  <string name="repeat_transaction_times">φορές</string>
  <string name="event_delete_message">Θέλετε να διαγράψετε αυτό το γεγονός;</string>
  <string name="saving_delete_message">Θέλετε να διαγράψετε αυτή την εξοικονόμηση;</string>
  <string name="budget_delete_message">Θέλετε να διαγράψετε αυτόν τον προϋπολογισμό;</string>
  <string name="transaction_detail_cashback_left">Υπόλοιπο</string>
  <string name="transaction_detail_cashback_paid">Πληρώθηκαν</string>
  <string name="add_account_error_message_no_currency">Παρακαλώ επιλέξτε ένα νόμισμα για το πορτοφόλι σας</string>
  <string name="store_download_fail">Δεν μπορείτε να κατεβάσετε εικονίδια αυτή τη στιγμή</string>
  <string name="dialog_turn_on_location_service">Θέλετε να ενεργοποιήσετε την υπηρεσία τοποθεσίας;</string>
  <string name="set_icon_default_tab">Προεπιλογή</string>
  <string name="set_icon_tab_sdcard">Η λήψη ολοκληρώθηκε</string>
  <string name="set_icon_more_tab">Περισσότερα εικονίδια</string>
  <string name="store_preview_icon">Προεπισκόπηση</string>
  <string name="store_buy_icon">Αγορά</string>
  <string name="store_icon_title">Κατάστημα Εικονιδίων</string>
  <string name="store_purchase_preview">Προεπισκόπηση</string>
  <string name="download">Λήψη</string>
  <string name="do_not_show_again">Μην εμφανιστεί ξανά</string>
  <string name="new_icon_packs_are_available">Two new icon packs are available for using for category, event and saving. You can create a new category to see them right now!</string>
  <string name="dialog_share_account">Μοιράσου το πορτοφόλι με</string>
  <string name="share_account_success">Ο διαμοιρασμός του πορτοφολιού ολοκληρώθηκε</string>
  <string name="dialog_sharing_account">Κοινή χρήση…</string>
  <string name="email_address_invalid">Μη έγκυρη διεύθυνση ηλεκτρονικού ταχυδρομείου</string>
  <string name="set_location_get_address_error">Can not load address now, please try again later!</string>
  <string name="cashbook_balance">Ισοζύγιο</string>
  <string name="statistic_trends">Τάσεις</string>
  <string name="sync_transferring_data">Μεταφορά δεδομένων</string>
  <string name="sync_running">Συγχρονισμός σε εξέλιξη…</string>
  <string name="trend_criteria_collapsed_time">Από &lt;b&gt;%1$s&lt;/b&gt; to &lt;b&gt;%2$s&lt;/b&gt;</string>
  <string name="transaction_detail_set_location">ορίστε τοποθεσία</string>
  <string name="transaction_detail_can_not_download_image">Can not download this image, please try another.</string>
  <string name="user_unauthenticated">You must login first</string>
  <string name="share_account_error">Share wallet failed</string>
  <string name="beta">Δοκιμαστικό</string>
  <string name="sync_error">Σφάλμα συγχρονισμού</string>
  <string name="sync_notification_ticker_text">Syncing data with server</string>
  <string name="sync_notification_content_title">Συγχρονισμός Money Lover</string>
  <string name="login_success">Σύνδεση με επιτυχία</string>
  <string name="login_forgot_password">Ξεχάσατε τον κωδικό;</string>
  <string name="register_show_password">Προβολή κωδικού</string>
  <string name="sync_done">Η διαδικασία συγχρονισμού ολοκληρώθηκε με επιτυχία</string>
  <string name="login_fail">Invalid email/password combination. Please try again.</string>
  <string name="connecting">Πραγματοποιείτε  Σύνδεση…</string>
  <string name="sync_account">Συγχρονισμός Πορτοφολιού</string>
  <string name="message_sync_transfer_data">Θέλετε να μεταφέρετε δεδομένα;</string>
  <string name="sync_dialog_transfer_title">Μεταφορά δεδομένων</string>
  <string name="sync_running_cannot_add_item">Εκτελείται η διαδικασία συγχρονισμού, παρακαλώ να περιμένετε</string>
  <string name="sync_last_sync">Τελευταίος συγχρονισμός: %1$s</string>
  <string name="sync_sync_first_time">Tap to sync for the first time</string>
  <string name="icon_xmas_notification_title">Καλά Χριστούγεννα με νέο πακέτο εικονιδίων!</string>
  <string name="icon_xmas_notification_content">Holiday is coming: Decorate Money Lover with the beautiful Christmas icon pack today! And it’s free!</string>
  <string name="store_icon_re_download">Λήψη και πάλι</string>
  <string name="store_icon_free">Δωρεάν</string>
  <string name="store_icon_list_empty">No icon packs</string>
  <string name="store_icon_canceled_message">Download for icon package %1$s was canceled</string>
  <string name="store_icon_download_finished_message">Icon package %1$s was downloaded. You can use those new icons when creating category, event or saving.</string>
  <string name="transaction_detail_show_advanced">Add more detail</string>
  <string name="refresh">Refresh</string>
  <string name="navigation_store">Money Lover Store</string>
  <string name="create_category_select_parent_error">Can not choose this category as parent</string>
  <string name="sync_error_timeout">server is maintained</string>
  <string name="sync_error_server_busy">Ο Διακομιστής είναι απασχολημένος</string>
  <string name="sync_register_success">Επιτυχής εγγραφή</string>
  <string name="transaction_detail_warning_time_not_in_range">This date is not in budget %1$s\' time range (%2$s)</string>
  <string name="notification_message_remind_transaction">You set a notification for a transaction %1$s: %2$s. Tap to view its detail.</string>
  <string name="location_add_new_address">Add %1$s as a place</string>
  <string name="category_none_name">Χωρίς κατηγορίες</string>
  <string name="saving_add_startamount_over">Start amount can not large than goal amount</string>
  <string name="share_account_permission">Set this person as OWNER so they can view, add, edit, delete all kind of data in this wallet</string>
  <string name="error_can_not_load_wallet">Can not load wallet or the selected wallet was deleted. Please try again or open application not from shortcut.</string>
  <string name="select_category_tap_to_create_one">Tap to create one</string>
  <string name="error_can_not_change_wallet_transaction_debt_loan">Can not change wallet for debt, loan transaction</string>
  <string name="quick_add_manager_title">Show on status bar</string>
  <string name="account_manager_create_shortcut">Create shortcut</string>
  <string name="budget_no_data">Χωρίς προϋπολογισμό</string>
  <string name="event_no_data">Χωρίς συμβάντα</string>
  <string name="saving_no_data">No savings</string>
  <string name="notification_center_no_data">No notifications</string>
  <string name="recurring_transaction_no_data">No recurring transactions</string>
  <string name="notification_like_fan_page_title">Like us on Facebook</string>
  <string name="notification_like_fan_page_text">keep in touch with us for updates, tips and occasional free stuff</string>
  <string name="share_account_email_target">Email which you want to share with</string>
  <string name="share_account_email_error">This string is not a valid email address</string>
  <string name="monthly_report_other_categories">Other categories</string>
  <string name="transfer_wallet_unknown_error_message">Can not transfer between wallets at this moment, please try again. If you still see this message next time, please contact us so we can help to fix this problem.</string>
  <string name="forgot_password_error_wrong_email">This email is not registered with us, please try again.</string>
  <string name="forgot_pass_success">Please check your email account for further instructions.</string>
  <string name="register_error_email_exists">This email is unavailable. Please choose another one.</string>
  <string name="promote_event_expire">This event is already finished</string>
  <string name="promote_event_error_wrong_code">Invalid promote code. Please try again.</string>
  <string name="register_error_server">Our server encountered an weird error and we\'ve been noticed. Please take a cup of coffee why we\'re fixing it.</string>
  <string name="register_error_entered_info_not_enough">Please fill all information to continue</string>
  <string name="purchase_post_facebook_success">Thanks for sharing</string>
  <string name="promote_event_input_successfully">Promote code is valid. Now you can use all features as a Premium user! Thank you for using %1$s</string>
  <string name="promote_event_share_facebook">Share on Facebook</string>
  <string name="promote_event_login_description">TIP: Register a %1$s account to link your Premium status with that account, so next time you login to %1$s, you will have your Premium status back.</string>
  <string name="promote_event_share_facebook_description">It would be cool to share this code to your friends! Don\'t worry, it won\'t affect your Premium status.</string>
  <string name="notification_center_message_already_logged_in">You\'ve already logged in.</string>
  <string name="congratulation">Congratulation!</string>
  <string name="cashbook_pull_to_add_transaction">Pull to add transaction</string>
  <string name="cashbook_release_to_add_transaction">Release to add transaction</string>
  <string-array name="cashbook_set_timerange_items">
    <item>Ημέρα</item>
    <item>Εβδομάδα</item>
    <item>Μήνας</item>
    <item>Τρίμηνο</item>
    <item>Έτος</item>
    <item>Όλα</item>
    <item>Προσαρμογή</item>
  </string-array>
  <string-array name="delimiters">
    <item>Ερωτηματικό ( ; )</item>
    <item>Κόμμα ( , )</item>
    <item>Καρτέλα</item>
  </string-array>
  <string-array name="create_budget_array_time_range">
    <item>Τρέχων μήνας</item>
    <item>Τρέχων δεκαπενθήμερο</item>
    <item>Φέτος</item>
    <item>Επόμενος μήνας</item>
    <item>Επόμενο δεκαπενθήμερο</item>
    <item>Επόμενο έτος</item>
    <item>Προσαρμοσμένη σειρά</item>
  </string-array>
  <string-array name="budget_overview_titles">
    <item>Εκτελείται</item>
    <item>Ολοκληρώθηκε</item>
  </string-array>
  <string-array name="category_manager_edit_cate_menu">
    <item>@string/edit</item>
    <item>@string/delete</item>
  </string-array>
  <string-array name="debt_overview_titles">
    <item>@string/debt_wallet</item>
    <item>@string/loan_wallet</item>
  </string-array>
  <string-array name="campaign_overview_titles">
    <item>Εκτελείται</item>
    <item>Ολοκληρώθηκε</item>
  </string-array>
  <string-array name="arrays_time_mode">
    <item>Εβδομαδιαία</item>
    <item>Κάθε 14 ημέρες</item>
    <item>Μηνιαία</item>
    <item>Κάθε 3 μήνες</item>
    <item>Κάθε 6 μήνες</item>
    <item>Ετήσια</item>
  </string-array>
  <string-array name="arrays_type">
    <item>Απλός τόκος</item>
    <item>Ανατοκισμός</item>
  </string-array>
  <string-array name="repeat_transaction_time_mode">
    <item>Καθημερινή επανάληψη</item>
    <item>Εβδομαδιαία επανάληψη</item>
    <item>Μηνιαία επανάληψη</item>
    <item>Ετήσια επανάληψη</item>
  </string-array>
  <string-array name="backup_list_file_backup_select_item">
    <item>@string/restore_title</item>
    <item>@string/backup_share</item>
  </string-array>
  <string-array name="repeat_transaction_mode_month_week">
    <item>πρώτη</item>
    <item>δεύτερη</item>
    <item>Τρίτη</item>
    <item>τέταρτη</item>
    <item>πέμπτη</item>
    <item>έκτη</item>
  </string-array>
  <string-array name="repeat_transaction_times_duration">
    <item>Για πάντα</item>
    <item>Μέχρι</item>
    <item>For a number of events</item>
  </string-array>
  <string-array name="trend_type">
    <item>@string/expense</item>
    <item>@string/income</item>
    <item>Καθαρό εισόδημα</item>
  </string-array>
  <string-array name="trend_criteria">
    <item>Overtime</item>
    <item>Ανά κατηγορία</item>
  </string-array>
  <plurals name="cashbook_transaction_count">
    <item quantity="one">%d συναλλαγή</item>
    <item quantity="other">%d συναλλαγής</item>
  </plurals>
  <plurals name="budget_days_left">
    <item quantity="one">απομένει %d μέρα</item>
    <item quantity="other">απομένουν %d ημέρες</item>
  </plurals>
  <plurals name="ail_view_photo_title">
    <item quantity="one">απομένει %1$s φωτογραφία</item>
    <item quantity="other">απομένουν %1$s φωτογραφίες</item>
  </plurals>
  <plurals name="editbar_selected_count">
    <item quantity="one">επιλέχθηκε %d στοιχείο</item>
    <item quantity="other">επιλέχθηκαν %d στοιχεία</item>
  </plurals>
</resources>
