<?xml version="1.0" encoding="utf-8"?>
<!--Generated by crowdin.net-->
<resources>
  <string name="wpDifferentCurrency">Οι λογαριασμοί που επιλέξατε δεν έχουν το ίδιο νόμισμα!!! Θέλετε να ανταλλάξετε το ποσό = </string>
  <string name="downloading">Κατέβασμα</string>
  <string name="duplicate">Διπλότυπο</string>
  <string name="wpeditAmount"> Ή μπορείτε να επεξεργαστείτε χειροκίνητα το ποσό.</string>
  <string name="wpEmptyContent">Δεν υπάρχουν δεδομένα για εμφάνιση</string>
  <string name="wpEmptySymbol">: (</string>
  <string name="wpEndDateAfterStartDateError">Η ημερομηνία λήξης δεν μπορεί να είναι πριν από την ημερομηνία έναρξης.</string>
  <string name="wpEnterName">Το όνομά του πορτοφολιού σας;</string>
  <string name="wpEnterPass">εισάγετε τον κωδικό σας</string>
  <string name="exit">Έξοδος</string>
  <string name="wpExpenseColor">Χρώμα δαπάνης</string>
  <string name="wpFeedBackSubject">[W] Γνώμες</string>
  <string name="format">Μορφή</string>
  <string name="For">Για</string>
  <string name="wpHeaderColor">Χρώμα επικεφαλίδας</string>
  <string name="wpHelpUsTranslate">Βοηθήστε μας να μεταφράσουμε</string>
  <string name="wpIncomeColor">Χρώμα εισοδήματος</string>
  <string name="wpInsertAccountAlert">Παρακαλώ επιλέξτε λογαριασμό</string>
  <string name="wpInsertAmountAlert">Παρακαλούμε εισάγετε κάποια χρήματα</string>
  <string name="wpInsertCategoryAlert">Παρακαλώ επιλέξτε μια κατηγορία</string>
  <string name="wpInsertCategoryLength">Το μήκος του ονόματος κατηγορίας πρέπει να είναι μεγαλύτερη από 2 και μικρότερο από 30!</string>
  <string name="wpInsertImageAlert">Παρακαλώ επιλέξτε το εικονίδιο εικόνας</string>
  <string name="wpInsertNameAlert">Παρακαλούμε εισάγετε όνομα</string>
  <string name="wpInsertTimeRangeError">Παρακαλώ επιλέξτε εύρος χρόνου</string>
  <string name="wpInsertTypeAlert">Παρακαλώ επιλέξτε τύπο κατηγορίας</string>
  <string name="items">Αντικείμενα</string>
  <string name="wpLiveFolderError">Δεν μπορείτε να πάρετε τον φάκελο του Money Lover στο SkyDrive σας. Παρακαλώ προσπαθήστε ξανά αργότερα.</string>
  <string name="wpLocationServiceWarning">Προειδοποίηση Τοποθεσίας  Υπηρεσίας</string>
  <string name="wpLocationService">Υπηρεσία τοποθεσίας</string>
  <string name="wpMessage3">BNS σφάλμα: Η ενέργεια είναι απενεργοποιημένη</string>
  <string name="Message2">BNS σφάλμα: Ο μέγιστος αριθμός ScheduledActions αυτού του τύπου έχουν υπάρξει. </string>
  <string name="wpMessage1">Οι παράγοντες φόντο για αυτήν την εφαρμογή έχουν απενεργοποιηθεί από το χρήστη.</string>
  <string name="wpMessage">Μήνυμα</string>
  <string name="monday">Δευτέρα</string>
  <string name="month">Μήνας</string>
  <string name="name">Όνομα</string>
  <string name="navigations">Πλοηγήσεις</string>
  <string name="wpDeleteNotify">Θέλετε να αφαιρεθούν όλα;</string>
  <string name="wpNotify7">[Αναφορά]</string>
  <string name="wpNotify6">[Αποθήκευση]</string>
  <string name="wpNotify5">Ο προϋπολογισμός {0} έχει τελειώσει.</string>
  <string name="wpNotify4">Προσοχή, Ο προϋπολογισμός {0} έχει σχεδόν τελειώσει.</string>
  <string name="wpNotify3_2">Το δάνειο {0} έχει τελειώσει.</string>
  <string name="wpNotify3_1">Το χρέος {0} έχει τελειώσει.</string>
  <string name="wpNotify2">Δεν προσθέσατε καμία συναλλαγή σήμερα. Προσθέστε τώρα;</string>
  <string name="wpNotify1">Συμβουλές</string>
  <string name="wpNotify0">Καλώς ήρθατε  στο Money Lover για Windows Phone. Από σήμερα, θα σας βοηθά να σχεδιάζετε και να παρακολουθείτε όλες τις δαπάνες σας, να καταγράφει τα πάντα και να δημιουργείτε περιοδικά εκθέσεις. Να έχετε μια ωραία περίοδο με αυτά.</string>
  <string name="notifications">Ειδοποιήσεις</string>
  <string name="notification">Ειδοποίηση</string>
  <string name="wpNoParent">Χωρίς Γονικό</string>
  <string name="number">Όχι. </string>
  <string name="other">Άλλο</string>
  <string name="Over">Πάνω από</string>
  <string name="wpOverDue">Εκπρόθεσμο</string>
  <string name="wpOverAmount">Το ποσό που μεταφέρατε είναι μεγαλύτερο από τα συνολικά σας κέρδη! Θέλετε να επεξεργαστείτε ξανά την συναλλαγή σας;</string>
  <string name="wpPaidHistory">Ιστορία Πληρωμών</string>
  <string name="parent">Γονέας</string>
  <string name="wpPasswordProtected">Προστασία με κωδικό πρόσβασης</string>
  <string name="payment">Πληρωμή</string>
  <string name="people">Άνθρωποι</string>
  <string name="picture">Εικόνα</string>
  <string name="wpPinToStart">Καρφίτσωμα στην έναρξη</string>
  <string name="place">Θέση</string>
  <string name="wpPlaceFinder">Θέση ανιχνευτή</string>
  <string name="quarter">Τρίμηνο</string>
  <string name="reason">Λόγος</string>
  <string name="reload">Νέα φόρτωση</string>
  <string name="wpReminderAddTran">Υπενθύμιση προσθήκης συναλλαγής</string>
  <string name="wpRestartNotify">Πρέπει να επανεκκινήσετε την εφαρμογή για να δείτε τις αλλαγές.</string>
  <string name="wpRestoreMess">Η επαναφορά της βάσης δεδομένων θα αντικαταστήσει την τρέχουσα βάση δεδομένων με την επιλεγμένη. Όλα τα δεδομένα θα χαθούν. Είστε βέβαιοι ότι θέλετε να επαναφέρετε τη βάση δεδομένων;</string>
  <string name="wpRestoreComplete">Η επαναφορά ολοκληρώθηκε.</string>
  <string name="restore">Επαναφορά</string>
  <string name="running">Εκτελείται</string>
  <string name="wpSamplePlaceSearch">Αναφέρετε μερικά μέρη</string>
  <string name="wpSelectedCategory">Επιλεγμένη κατηγορία</string>
  <string name="wpSkydriveLogin">Πριν ξεκινήσετε παρακαλώ συνδεθείτε στον λογαριασμό σας στο SkyDrive.</string>
  <string name="sort">Είδος</string>
  <string name="wpSpendWith">Περάστε με</string>
  <string name="start_month">Πρώτη ημέρα του μήνα</string>
  <string name="start_week">Πρώτη ημέρα της εβδομάδας</string>
  <string name="sunday">Κυριακή</string>
  <string name="sure">Βεβαιωθείτε ότι</string>
  <string name="wpSyncDone">Ο Συγχρονισμός ολοκληρώθηκε.</string>
  <string name="wpThemeManager">Διαχείριση θεμάτων</string>
  <string name="wpThisMonth">Αυτό το μήνα</string>
  <string name="wpThisQuarter">Αυτό το δεκαπενθήμερο</string>
  <string name="wpThisWeek">Αυτή την εβδομάδα</string>
  <string name="wpThisYear">Φέτος</string>
  <string name="time_format">Μορφή ώρας</string>
  <string name="wpTimeRange">Εύρος χρόνου</string>
  <string name="title">Τίτλος</string>
  <string name="wpToAcount">Στο λογαριασμό</string>
  <string name="today">Σήμερα</string>
  <string name="tomorrow">Αύριο</string>
  <string name="tranfer">Μεταφορά</string>
  <string name="wpTranferFail">Παρακαλώ ξανά ελέγξτε τις πληροφορίες! Το ποσό που μπορείτε να μεταφέρετε πρέπει να είναι μεγαλύτερη από 0.</string>
  <string name="wpTranferComplete">Μεταφορά ολοκληρώθηκε!</string>
  <string name="wpTransferFrom">Μεταφορά από:</string>
  <string name="wpTransferMoney">Μεταφορά χρημάτων</string>
  <string name="wpTranferingException">Εξαίρεση Μεταφοράς</string>
  <string name="wpTransactionInfo">Πληροφορίες συναλλαγής</string>
  <string name="tutorial">Οδηγίες</string>
  <string name="unfinished">Ημιτελής</string>
  <string name="unit">Μονάδα</string>
  <string name="wpUploadCompleted">Ανέβασμα ολοκληρώθηκε.</string>
  <string name="uploading">Φόρτωμα</string>
  <string name="wpUploadSkydrive">Ανέβασμα στο SkyDrive</string>
  <string name="wpUseCustomColor">Χρήση προσαρμοσμένων χρωμάτων</string>
  <string name="used">Χρησιμοποιούνται</string>
  <string name="wpViewMode">Λειτουργία προβολής</string>
  <string name="wpViewOffice">Προβολή στο γραφείο</string>
  <string name="week">Εβδομάδα</string>
  <string name="wrong">Λάθος</string>
  <string name="wpWrongPass">Εσφαλμένος κωδικός πρόσβασης.</string>
  <string name="year">Έτος</string>
  <string name="yesterday">Χθες</string>
  <string name="wpViewTran">Προβολή συναλλαγής</string>
  <string name="editDebt">Επεξεργασία του χρέους</string>
  <string name="wpTimeAlreadyOver">Η ώρα που επιλέξατε έχει ήδη περάσει.</string>
  <string name="account_all">Όλοι οι λογαριασμοί</string>
  <string name="about_msg_wp">Earning money and managing it are not the same! Careless and unbudgeted spending are trouble of families worldwide. Money Lover will help you plan and track all of your expenses, record everything and generate the report periodly. It is not a full-featured accounting tool, but it is useful for simple family/personal financial management.</string>
  <string name="clear">Σαφές</string>
  <string name="day">Ημέρα</string>
  <string name="interest_rate">Ποσοστό</string>
  <string name="string_select_all">Επιλογή όλων</string>
  <string name="settings_alarm_group_title">Συναγερμός</string>
  <string name="wpAddAccountFirst">Προσθέστε ένα πορτοφόλι πρώτα!</string>
  <string name="wpATM">ATM</string>
  <string name="wpAdd">Προσθέστε</string>
  <string name="wpBank">Τράπεζα</string>
  <string name="wpBackupRestore">Δημιουργία αντιγράφου ασφαλείας &amp; και επαναφορά</string>
  <string name="wpBackup">Αντίγραφο ασφαλείας</string>
  <string name="wpCannotEditAccount">Δεν μπορείτε να επεξεργαστείτε αυτό το λογαριασμό.</string>
  <string name="wpCannotEditTransaction">Δεν μπορείτε να επεξεργαστείτε αυτήν τη συναλλαγή.</string>
  <string name="wpConfirmBackCategory">Δεν έχετε αποθηκεύσει την κατηγορία σας ακόμα, είστε βέβαιοι ότι θέλετε να πάτε πίσω;</string>
  <string name="wpConfirmBack">Δεν έχετε αποθηκεύσει την συναλλαγή σας ακόμα, είστε βέβαιοι ότι θέλετε να πάτε πίσω;</string>
  <string name="wpConfirmBackBudget">Δεν έχετε αποθηκεύσει τον προϋπολογισμό σας ακόμα, είστε βέβαιοι ότι θέλετε να πάτε πίσω;</string>
  <string name="wpCustomRange">Προσαρμοσμένη σειρά</string>
  <string name="wpCustomTimeNullError">Η custom ώρα είναι κενή. Παρακαλώ επιλέξτε το χρονικό εύρος.</string>
  <string name="wpDayLeft">ημέρα έμεινε</string>
  <string name="wpDaysLeft">ημέρες έμειναν</string>
  <string name="wpDeleteTransaction">Θα χάσετε όλα τα δεδομένα αυτής της συναλλαγής. Θέλετε να συνεχίσετε;</string>
  <string name="wpDeletePin">Θέλετε να διαγράψετε το pin;</string>
  <string name="wpDeleteBudget">Θα χάσετε όλα τα δεδομένα αυτού του προϋπολογισμού. Θέλετε να συνεχίσετε;</string>
  <string name="wpDeleteAcc">Θα χάσετε όλα τα δεδομένα αυτού του λογαριασμού. Θέλετε να συνεχίσετε;</string>
  <string name="wpDeleteCategory">Θα χάσετε όλα τα δεδομένα αυτής της κατηγορίας και όλες τις συναλλαγές αυτής. Θέλετε να συνεχίσετε;</string>
  <string name="wpAuto">Αυτόματο</string>
  <string name="rate">ποσοστό</string>
  <string name="wp_warning_addtran_from_pin_message">Η συναλλαγή προστέθηκε με επιτυχία. Θέλετε να επιστρέψετε στην οθόνη των πορτοφολιών;</string>
  <string name="navigation_group_policy">Πολιτική</string>
  <string name="wpNotify8">Συγχαρητήρια, ενημερωθήκατε πλήρως. Θέλετε να ξέρετε τις αλλαγές στη νέα έκδοση; Παρακαλώ πατήστε για να δείτε!</string>
</resources>
