<?xml version="1.0" encoding="utf-8"?>
<!--Generated by crowdin.net-->
<resources>
  <string name="notice">Uyarı</string>
  <string name="error">Hata</string>
  <string name="close">Kapat</string>
  <string name="cancel">İptal</string>
  <string name="save">Kaydet</string>
  <string name="done">Tamamlandı</string>
  <string name="yes">Evet</string>
  <string name="submit">Gönder</string>
  <string name="sorry">Üzgünüm</string>
  <string name="ok">Tamam</string>
  <string name="search">Ara</string>
  <string name="no">Hayır</string>
  <string name="confirm">Onayla</string>
  <string name="today">Bugün</string>
  <string name="tomorrow">Yarın</string>
  <string name="yesterday">Dün</string>
  <string name="thisweek">Bu hafta</string>
  <string name="nextweek">Gelecek hafta</string>
  <string name="lastweek">Geçen hafta</string>
  <string name="thismonth">Bu ay</string>
  <string name="nextmonth">Gelecek ay</string>
  <string name="lastmonth">Geçen ay</string>
  <string name="thisquarter">Bu çeyrek</string>
  <string name="nextquarter">Sonraki çeyrek</string>
  <string name="lastquarter">Geçen çeyrek</string>
  <string name="thisyear">Bu yıl</string>
  <string name="nextyear">Gelecek yıl</string>
  <string name="lastyear">Geçen yıl</string>
  <string name="quarter_shorten">Ç</string>
</resources>
