<?xml version="1.0" encoding="utf-8"?>
<!--Generated by crowdin.net-->
<resources>
  <string name="AGO">önce</string>
  <string name="DAY">bir gün</string>
  <string name="DAYS">%1$s gün</string>
  <string name="HOUR">yaklaşık bir saat</string>
  <string name="HOURS">%1$s  saat</string>
  <string name="MINUTE">yaklaşık bir dakika</string>
  <string name="MINUTES">%1$s dakika</string>
  <string name="MONTH">yaklaşık bir ay</string>
  <string name="MONTHS">%1$s ay</string>
  <string name="SECONDS">bir dakikadan daha az</string>
  <string name="SUFFIX_FROM_NOW">şu andan itibaren</string>
  <string name="YEAR">yaklaşık bir yıl</string>
  <string name="YEARS">%1$s yıl</string>
</resources>
