<?xml version="1.0" encoding="utf-8"?>
<!--Generated by crowdin.net-->
<resources>
  <string name="second">saniye</string>
  <string name="minute">dakika</string>
  <plurals name="days_left">
    <item quantity="other">%d gün kaldı</item>
  </plurals>
  <plurals name="hour_left">
    <item quantity="other">%d saat kaldı</item>
  </plurals>
  <plurals name="minute_left">
    <item quantity="other">%d dakika kaldı</item>
  </plurals>
  <plurals name="second_left">
    <item quantity="other">%d saniye kaldı</item>
  </plurals>
</resources>
