<?xml version="1.0" encoding="utf-8"?>
<!--Generated by crowdin.net-->
<resources>
  <string name="settings_group_display">Ekran</string>
  <string name="settings_group_alarm_title">Alarm</string>
  <string name="settings_group_system">Sistem</string>
  <string name="settings_group_database">Veritabanı</string>
  <string name="settings_group_about">Hakkında</string>
  <string name="settings_select_date_format">Tarih biçimi seç</string>
  <string name="settings_set_first_day_week">Haftanın ilk gününü ayarla</string>
  <string name="settings_set_first_day_month">Ayın ilk gününü ayarla</string>
  <string name="settings_enable_pin">Parolayı etkinleştir</string>
  <string name="settings_connect_dropbox">Dropbox ile bağlan</string>
  <string name="settings_connect_dropbox_connected">Bağlandı</string>
  <string name="settings_select_language">Dil seç</string>
  <string name="settings_alarm">Günlük işlem ekleme hatırlatıcısı</string>
  <string name="settings_auto_check_update">Anlık güncelleme kontrolü</string>
  <string name="settings_show_ail_notification_title">Daha sonra ekle uyarısı</string>
  <string name="pref_show_ail_summary">Hatırlatıcı için önce fotoğraf çekip işlemi daha sonra ekleyebilirsiniz</string>
  <string name="settings_about">Money Lover hakkında</string>
  <string name="settings_changes_log_title">Değişiklik kaydı</string>
  <string name="settings_amount_text_display_title">Miktar metni gösterim stili</string>
  <string name="pref_amount_text_decimal_separator_title">Ondalık ayırıcı</string>
  <string name="pref_amount_text_decimal_separator_imperial">1,999.95</string>
  <string name="pref_amount_text_decimal_separator_international">1.999,95</string>
  <string name="pref_amount_text_show_currency_title">Para birimini göster</string>
  <string name="pref_amount_text_minus_style_title">Pozitif/negatif stili</string>
  <string name="pref_amount_text_minus_style_color">Varsayılan olarak renkli</string>
  <string name="pref_amount_text_minus_style_sign">+/-işareti İle</string>
  <string name="pref_amount_text_minus_style_bracket">() İşareti ile</string>
  <string name="pref_amount_text_shorten_title">Miktarı kısalt</string>
  <string name="pref_using_location">Konum kullanılıyor</string>
  <string name="settings_reset_data">Verileri sıfırla</string>
  <string name="auto_backup_no">Otomatik yedek yok</string>
  <string name="auto_backup">Otomatik yedek</string>
  <string name="auto_backup_every_day">Her gün</string>
  <string name="auto_backup_every_week">Her hafta</string>
  <string name="auto_backup_every_month">Her ay</string>
  <string name="auto_backup_every_year">Her yıl</string>
  <string name="auto_backup_test">2 phút</string>
  <string name="settings_quick_add_notification_title"></string>
  <string-array name="first_day_of_week_display">
    <item>Pazar</item>
    <item>Pazartesi</item>
    <item>Salı</item>
    <item>Çarşamba</item>
    <item>Perşembe</item>
    <item>Cuma</item>
    <item>Cumartesi</item>
  </string-array>
  <string-array name="first_day_of_month_display">
    <item>1.</item>
    <item>2.</item>
    <item>3.</item>
    <item>4.</item>
    <item>5.</item>
    <item>6.</item>
    <item>7.</item>
    <item>8.</item>
    <item>9.</item>
    <item>10.</item>
    <item>11.</item>
    <item>12.</item>
    <item>13.</item>
    <item>14.</item>
    <item>15.</item>
    <item>16.</item>
    <item>17.</item>
    <item>18.</item>
    <item>19.</item>
    <item>20.</item>
    <item>21.</item>
    <item>22.</item>
    <item>23.</item>
    <item>24.</item>
    <item>25.</item>
    <item>26.</item>
    <item>27.</item>
    <item>28.</item>
  </string-array>
  <string-array name="alarm_time_display">
    <item>17:00</item>
    <item>18:00</item>
    <item>19:00</item>
    <item>20:00</item>
    <item>21:00</item>
    <item>22:00</item>
    <item>23:00</item>
    <item>Alarm yok</item>
  </string-array>
  <string-array name="auto_backup_repeat">
    <item>@string/auto_backup_every_day</item>
    <item>@string/auto_backup_every_week</item>
    <item>@string/auto_backup_every_month</item>
    <item>@string/auto_backup_every_year</item>
    <item>@string/auto_backup_no</item>
  </string-array>
</resources>
