<?xml version="1.0" encoding="utf-8"?>
<!--Generated by crowdin.net-->
<resources>
  <string name="search_over">Şunun üzerinde:</string>
  <string name="search_under">Şunun altında:</string>
  <string name="search_time_over">Şundan sonra:</string>
  <string name="search_time_under">Şundan önce:</string>
  <string name="search_between">Şunların arasında:</string>
  <string name="search_exact">Tam olarak</string>
  <string name="search_remove">Kaldır</string>
  <string name="search_none">Hiçbiri</string>
  <string name="search_all">Tümü</string>
  <string name="search_select">Seçin</string>
  <string name="start">Başlat</string>
  <string name="end">Bitiş</string>
  <string name="from">Başlangıç</string>
  <string name="to">Şuna:</string>
  <string-array name="arr_amount">
    <item>@string/search_all</item>
    <item>@string/search_over</item>
    <item>@string/search_under</item>
    <item>@string/search_between</item>
    <item>@string/search_exact</item>
  </string-array>
  <string-array name="arr_type">
    <item>Tümü</item>
    <item>Gelir</item>
    <item>Gider</item>
  </string-array>
  <string-array name="arr_time">
    <item>@string/search_all</item>
    <item>@string/search_time_over</item>
    <item>@string/search_time_under</item>
    <item>@string/search_between</item>
    <item>@string/search_exact</item>
  </string-array>
</resources>
