<?xml version="1.0" encoding="utf-8"?>
<!--Generated by crowdin.net-->
<resources>
  <string name="cate_salary">Maaş</string>
  <string name="cate_award">Ödül</string>
  <string name="cate_selling">Satış</string>
  <string name="cate_give">Ver</string>
  <string name="cate_interest">Faiz</string>
  <string name="cate_debt">Borç</string>
  <string name="cate_income_other">Diğer</string>
  <string name="cate_food">Yiyecek ve İçecek</string>
  <string name="cate_entertainment">Eğlence</string>
  <string name="cate_travel">Seyahat</string>
  <string name="cate_education">Eğitim</string>
  <string name="cate_transport">Ulaşım</string>
  <string name="cate_friend">Arkadaş ve Sevgili</string>
  <string name="cate_family">Aile</string>
  <string name="cate_medical">Sağlık</string>
  <string name="cate_shopping">Alışveriş</string>
  <string name="cate_loan">Avans</string>
  <string name="cate_invest">Yatırım</string>
  <string name="cate_expense_other">Diğer</string>
</resources>
