<?xml version="1.0" encoding="utf-8"?>
<!--Generated by crowdin.net-->
<resources>
  <string name="notification_message_take_photo_title">&lt;b&gt;Daha sonra ekle&lt;/b&gt; fotoğrafından işlem eklemek için tıklayınız</string>
  <string name="notification_message_daily_alarm_title">&lt;b&gt;%1$s&lt;/b&gt; için işlem eklemek için tıklayınız</string>
  <string name="notification_message_monthly_remind">&lt;b&gt;%1$s&lt;/b&gt; için aylık rapor göster</string>
  <string name="notification_message_no_expense_today">Bugün için harcama yok, güncellensin mi?</string>
  <string name="notification_message_remind_debt">Hâlâ &lt;b&gt;%1$s&lt;/b&gt; %2$s sahisiniz, güncellensin mi?</string>
  <string name="notification_message_remind_loan">&lt;b&gt;%1$s&lt;/b&gt; size hâlâ %2$s borçlu, güncellensin mi?</string>
  <string name="budget_notification_budget_warning_title">Bütçe %1$s%% değerine ulaştı</string>
  <string name="budget_notification_budget_warning_category_text">&lt;b&gt;%2$s&lt;/b&gt; içinde %1$s kaldı</string>
  <string name="budget_notification_budget_warning_account_text">&lt;b&gt;%2$s&lt;/b&gt; içinde %1$s kaldı</string>
  <string name="budget_notification_budget_100percent_category_text">&lt;b&gt;%1$s&lt;/b&gt; içerisinde</string>
  <string name="budget_notification_budget_100percent_account_text">&lt;b&gt;%1$s&lt;/b&gt; içerisinde</string>
  <string name="budget_notification_budget_exceeded_title">%1$s tutarında aşırı harcama</string>
  <string name="budget_notification_budget_exceeded_category_text">&lt;b&gt;%1$s&lt;/b&gt; içerisinde</string>
  <string name="budget_notification_budget_exceeded_account_text">&lt;b&gt;%1$s&lt;/b&gt; içerisinde</string>
  <string name="ail_notification_title">Fotoğraf çekmek için dokunun</string>
  <string name="ail_notification_text">böylece işlemi daha sonra ekleyebilirsiniz</string>
  <string name="ail_notification_cancel_message">Bu bildirimi Ayarlar menüsünde yeniden gösterebilirsiniz</string>
  <string name="notification_monthly_alarm_title">Raporu görüntülemek için dokunun</string>
  <string name="notification_monthly_alarm_text">%1$s</string>
  <string name="notification_message_auto_backup">&lt;b&gt;%1$s&lt;/b&gt; konumundan yedek dosyası görüntüle</string>
  <string name="notification_message_repeat_transaction">&lt;b&gt;%1$s&lt;/b&gt; üzerinde yeni bir işlem eklendi</string>
</resources>
