<?xml version="1.0" encoding="utf-8"?>
<!--Generated by crowdin.net-->
<resources>
  <string name="wpDifferentCurrency">Seçtiğiniz hesaplar aynı para biriminde değil!!! Miktarı = ile değiştirmek istiyor musunuz?</string>
  <string name="downloading">İndiriliyor</string>
  <string name="duplicate">Çoğalt</string>
  <string name="wpeditAmount"> Ya da miktarı elle düzenleyebilirsiniz.</string>
  <string name="wpEmptyContent">Görüntülenecek veri yok</string>
  <string name="wpEmptySymbol">: (</string>
  <string name="wpEndDateAfterStartDateError">Bitiş tarihi başlangıç tarihinden önce olamaz.</string>
  <string name="wpEnterName">Cüzdanınızın adı?</string>
  <string name="wpEnterPass">parolanızı giriniz</string>
  <string name="exit">Çıkış</string>
  <string name="wpExpenseColor">Harcama Rengi</string>
  <string name="wpFeedBackSubject">[W] Geri Bildirim</string>
  <string name="format">Biçim</string>
  <string name="For">İçin</string>
  <string name="wpHeaderColor">Başlık rengi</string>
  <string name="wpHelpUsTranslate">Çevirmemize yardım edin</string>
  <string name="wpIncomeColor">Gelir rengi</string>
  <string name="wpInsertAccountAlert">Lütfen hesap seçiniz</string>
  <string name="wpInsertAmountAlert">Lütfen bir miktar para giriniz</string>
  <string name="wpInsertCategoryAlert">Lütfen bir kategori seçiniz</string>
  <string name="wpInsertCategoryLength">Kategori adının uzunluğu 2\'den büyük 30\'dan küçük olmalıdır!</string>
  <string name="wpInsertImageAlert">Lütfen görsel simgesi seçiniz</string>
  <string name="wpInsertNameAlert">Lütfen ad giriniz</string>
  <string name="wpInsertTimeRangeError">Lütfen zaman aralığını seçiniz</string>
  <string name="wpInsertTypeAlert">Lütfen kategori türünü seçiniz</string>
  <string name="items">Öğeler</string>
  <string name="wpLiveFolderError">SkyDrive\'ınız üzerindeki Money Lover klasörü alınamıyor. Lütfen daha sonra tekrar deneyiniz.</string>
  <string name="wpLocationServiceWarning">LocationServiceWarning</string>
  <string name="wpLocationService">Konum Servisi</string>
  <string name="wpMessage3">BNS hatası: Eylem devre dışı</string>
  <string name="Message2">BNS hatası: Bu türün en fazla ScheduledActions sayısı mevcuttur. </string>
  <string name="wpMessage1">Bu uygulama için arka plan ajanları kullanıcı tarafından devre dışı bırakılmıştır.</string>
  <string name="wpMessage">İleti</string>
  <string name="monday">Pazartesi</string>
  <string name="month">Ay</string>
  <string name="name">Ad</string>
  <string name="navigations">Yönlendirmeler</string>
  <string name="wpDeleteNotify">Tümünü kaldırmak istiyor musunuz ?</string>
  <string name="wpNotify7">[Rapor]</string>
  <string name="wpNotify6">[Kayıt ediliyor]</string>
  <string name="wpNotify5">Bütçe {0} bitti.</string>
  <string name="wpNotify4">Dikkatli ol, bütçe {0} neredeyse bitti.</string>
  <string name="wpNotify3_2">Kredi {0} tamamlandı.</string>
  <string name="wpNotify3_1">Borç {0} tamamlandı.</string>
  <string name="wpNotify2">Bugün herhangi bir işlem eklemek vermedi. Şimdi ekleyin ?</string>
  <string name="wpNotify1">İpuçları</string>
  <string name="wpNotify0">Windows Phone için  [NULL]\'a hoş geldiniz. Bugünden itibaren giderlerinizi planlamada ve tüm masrafları izlemede, her şeyi kaydetmede ve periyodik raporlarınızı oluşturmada size yardımcı olacaktır. Onunla iyi vakit geçirmeniz dileğiyle.</string>
  <string name="notifications">Bildirimler</string>
  <string name="notification">Bildirim</string>
  <string name="wpNoParent">Kaynak yok</string>
  <string name="number">Hayır.</string>
  <string name="other">Diğer</string>
  <string name="Over">Üzerinde</string>
  <string name="wpOverDue">Vadesi geçmiş</string>
  <string name="wpOverAmount">Transfer etmek istediğiniz tutar toplam kazancınızdan büyük! Yeniden düzenlemek istiyor musunuz?</string>
  <string name="wpPaidHistory">Ödeme geçmişi</string>
  <string name="parent">Ana</string>
  <string name="wpPasswordProtected">Parola korumalı</string>
  <string name="payment">Ödeme</string>
  <string name="people">İnsanlar</string>
  <string name="picture">Resim</string>
  <string name="wpPinToStart">Başlangıca tuttur</string>
  <string name="place">Yerleştir</string>
  <string name="wpPlaceFinder">Yer bulucu</string>
  <string name="quarter">Üç aylık dönem</string>
  <string name="reason">Neden</string>
  <string name="reload">Yeniden yükle</string>
  <string name="wpReminderAddTran">İşlem ekleme anımsatıcı</string>
  <string name="wpRestartNotify">Değişiklikleri görmek için bu uygulamayı yeniden başlatmanız gerekir.</string>
  <string name="wpRestoreMess">Veritabanı geri yükleme işlemi seçtiğiniz veritabanındaki bilgileri varolan bilgilerinizle değiştirecektir. Tüm bilgileriniz kaybolabilir. Veritabanını geri yüklemek istiyor musunuz ?</string>
  <string name="wpRestoreComplete">Geri yükleme tamamlandı.</string>
  <string name="restore">Geri yükle</string>
  <string name="running">Çalışıyor</string>
  <string name="wpSamplePlaceSearch">Bazı yerlerde adı</string>
  <string name="wpSelectedCategory">Seçili Kategori</string>
  <string name="wpSkydriveLogin">Merhaba, devam etmeden önce lütfen SkyDrive\'a giriş yapınız.</string>
  <string name="sort">Sırala</string>
  <string name="wpSpendWith">Harcamalarda</string>
  <string name="start_month">Ayın ilk günü</string>
  <string name="start_week">Haftanın ilk günü</string>
  <string name="sunday">Pazar</string>
  <string name="sure">Elbette</string>
  <string name="wpSyncDone">Eşitleme tamamlandı.</string>
  <string name="wpThemeManager">Tema Yöneticisi</string>
  <string name="wpThisMonth">Bu ay</string>
  <string name="wpThisQuarter">Bu çeyrek</string>
  <string name="wpThisWeek">Bu hafta</string>
  <string name="wpThisYear">Bu yıl</string>
  <string name="time_format">Saat biçimi</string>
  <string name="wpTimeRange">Zaman aralığı</string>
  <string name="title">Başlık</string>
  <string name="wpToAcount">Şu hesaba:</string>
  <string name="today">Bugün</string>
  <string name="tomorrow">Yarın</string>
  <string name="tranfer">Aktarım</string>
  <string name="wpTranferFail">Lütfen bilgileri tekrar kontrol ediniz! Aktaracağınız miktar 0\'dan büyük olmalıdır.</string>
  <string name="wpTranferComplete">Aktarım tamamlandı!</string>
  <string name="wpTransferFrom">Şundan aktarım:</string>
  <string name="wpTransferMoney">Para aktar</string>
  <string name="wpTranferingException">TranferingException</string>
  <string name="wpTransactionInfo">İşlem bilgisi</string>
  <string name="tutorial">Öğretici</string>
  <string name="unfinished">Bitmemiş</string>
  <string name="unit">Birim</string>
  <string name="wpUploadCompleted">Yükleme tamamlandı.</string>
  <string name="uploading">Yükleniyor</string>
  <string name="wpUploadSkydrive">SkyDrive\'a yükle</string>
  <string name="wpUseCustomColor">Özel renk kullan</string>
  <string name="used">Kullanılan</string>
  <string name="wpViewMode">Görünüm modu</string>
  <string name="wpViewOffice">Office\'te görüntüle</string>
  <string name="week">Hafta</string>
  <string name="wrong">Yanlış</string>
  <string name="wpWrongPass">Yanlış parola.</string>
  <string name="year">Yıl</string>
  <string name="yesterday">Dün</string>
  <string name="wpViewTran">İşlemi görüntüle</string>
  <string name="editDebt">Borç düzenle</string>
  <string name="wpTimeAlreadyOver">Seçtiğiniz zaman zaten bitmiş.</string>
  <string name="account_all">Tüm hesaplar</string>
  <string name="about_msg_wp">Para kazanmak ve yönetmek aynı şey değil! İtinasız ve bütçesiz harcama dünya genelinde ailelerin sorunudur. Money Lover tüm giderlerinizi planlama ve kontrol etmenizde yardımcı olacak, her şeyi kaydedecek ve periyodik olarak rapor oluşturacaktır. Bu, tam özellikli bir hesap tutma aracı değildir, fakat basit aile/kişisel finans yönetimi için kullanışlıdır.</string>
  <string name="clear">Temizle</string>
  <string name="day">Gün</string>
  <string name="interest_rate">Oyla</string>
  <string name="string_select_all">Tümünü seç</string>
  <string name="settings_alarm_group_title">Alarm</string>
  <string name="wpAddAccountFirst">Önce bir cüzdan ekleyin!</string>
  <string name="wpATM">ATM</string>
  <string name="wpAdd">Ekle</string>
  <string name="wpBank">Banka</string>
  <string name="wpBackupRestore">Yedekle ve geri yükle</string>
  <string name="wpBackup">Yedekle</string>
  <string name="wpCannotEditAccount">Bu hesap düzenlenemiyor.</string>
  <string name="wpCannotEditTransaction">Bu işlem düzenlenemiyor.</string>
  <string name="wpConfirmBackCategory">Kategorinizi henüz kaydetmedik, geri dönmek istediğinizden emin misiniz?</string>
  <string name="wpConfirmBack">Henüz işleminizi kaydetmediniz, geri dönmek istediğinize emin misin?</string>
  <string name="wpConfirmBackBudget">Henüz bütçenizi kaydetmediniz, geri dönmek istediğinize emin misin?</string>
  <string name="wpCustomRange">Özel Aralık</string>
  <string name="wpCustomTimeNullError">Özel zaman aralığını seçmediniz. Lütfen bir zaman aralığı seçin.</string>
  <string name="wpDayLeft">kalan gün</string>
  <string name="wpDaysLeft">kanal günler</string>
  <string name="wpDeleteTransaction">Bu işlemin tüm verileri kaybolacaktır. Devam etmek istiyor musunuz?</string>
  <string name="wpDeletePin">PIN silmek istiyor musunuz?</string>
  <string name="wpDeleteBudget">Bu bütçenin tüm verileri kaybolur. Devam etmek istiyor musunuz?</string>
  <string name="wpDeleteAcc">Bu bütçenin tüm verileri kaybolur. Devam etmek istiyor musunuz?</string>
  <string name="wpDeleteCategory">Bu kategorideki tüm veriler ve tüm hareketler kayıp olacaktır. Devam etmek istiyor musunuz?</string>
  <string name="wpAuto">Otomatik</string>
  <string name="rate">oranı</string>
  <string name="wp_warning_addtran_from_pin_message">İşlem başarıyla eklendi. Cüzdan ekranına dönmek istiyor musunuz?</string>
  <string name="navigation_group_policy">İlke</string>
  <string name="wpNotify8">Tebrikler, tamamen güncelleştirildi. Yeni sürüm değişikliklerini bilmek istiyor musunuz? Lütfen görmek için dokunun!</string>
</resources>
