<?xml version="1.0" encoding="utf-8"?>
<!--Generated by crowdin.net-->
<resources>
  <string name="account">Cüzdan</string>
  <string name="amount">Tutar</string>
  <string name="budget">Bütçe</string>
  <string name="event_title">Etkinlik</string>
  <string name="category">Kategori</string>
  <string name="earned_from">Kalem</string>
  <string name="end_date">Bitiş tarihi</string>
  <string name="expense">Gider</string>
  <string name="goto_today">Bugüne geç</string>
  <string name="goto_thismonth">Bu aya geç</string>
  <string name="income">Gelir</string>
  <string name="migrate">Taşı</string>
  <string name="select_category">Kategori Seç</string>
  <string name="spent_on">Harcama</string>
  <string name="start_date">Başlangıç tarihi</string>
  <string name="time">Saat</string>
  <string name="time_range">%1$s - %2$s</string>
  <string name="loading_more">Daha fazla bilgi yükleniyor…</string>
  <string name="goal">Hedef</string>
  <string name="edit">Düzenle</string>
  <string name="saved">Kaydedildi</string>
  <string name="search_go">Git</string>
  <string name="buy_app">Hesabı Yükselt</string>
  <string name="undobar_message">%1$s silindi</string>
  <string name="backup_share">Paylaş</string>
  <string name="version">Sürüm %1$s</string>
  <string name="loading">Yükleniyor…</string>
  <string name="total">Toplam</string>
  <string name="splashscreen_create_account">İlk cüzdanı oluştur</string>
  <string name="splash_screen_use_cloud">Buluta git (yakında)</string>
  <string name="splash_screen_use_cloud_info">İşlemleri kolayca paylaşın ve eşitleyin</string>
  <string name="splash_screen_use_right_away">Sadece bu cihaz için</string>
  <string name="splash_screen_use_right_away_info">Şimdi!</string>
  <string name="welcome_message_title">Nasıl kullanmak istersiniz?</string>
  <string name="welcome_message">İstediğiniz zaman fikrinizi değiştirebilirsiniz</string>
  <string name="login_hint_email">E-posta</string>
  <string name="login_hint_password">Parola</string>
  <string name="login_facebook">Facebook ile oturum aç</string>
  <string name="login_money_lover">Money Lover hesabıyla oturum aç</string>
  <string name="login_title">Giriş Yap</string>
  <string name="register_title">Kaydol</string>
  <string name="register_register">Kaydol</string>
  <string name="cashbook_earning">Kazanç</string>
  <string name="cashbook_spending">Harcama</string>
  <string name="cashbook_all_transactions">Tüm hareketler</string>
  <string name="cashbook_delete_transaction_message">Bu işlemi silmek istiyor musunuz?</string>
  <string name="cashbook_left">%1$s kaldı</string>
  <string name="cashbook_no_data_guide">Biraz daha eklemek için aşağıdaki %1$s düğmesine dokununuz</string>
  <string name="cashbook_no_data_swipe_down">Aşağı doğru sürükle</string>
  <string name="cashbook_no_data_faq_tip">Kullanmak çok mu zor? Destek almak için %1$s a dokunun</string>
  <string name="cashbook_no_data_earning">Kazanç yok</string>
  <string name="cashbook_no_data_spending">Harcama yok</string>
  <string name="cashbook_no_data">İşlem yok</string>
  <string name="cashbook_selected_account_not_existed">Seçtiğiniz cüzdan bulunamıyor, varsayılan cüzdana yönlendirileceksiniz.</string>
  <string name="cashbook_contentdescription_help_support">Yardım &amp; destek</string>
  <string name="cashbook_contentdescription_select_time_range_to_view">Görünüm modunu seçin</string>
  <string name="cashbook_contentdescription_delete_transaction">İşlem sil</string>
  <string name="cashbook_contentdescription_sort_transaction">İşlemleri sırala</string>
  <string name="cashbook_contentdescription_search_transaction">İşlem ara</string>
  <string name="cashbook_contentdescription_viewmode_transaction">İşleme göre görüntüle</string>
  <string name="cashbook_contentdescription_viewmode_category">Kategoriye göre görüntüle</string>
  <string name="cashbook_contentdescription_transfer_money">Para transfer et</string>
  <string name="with_person">%1$s ile</string>
  <string name="with_two_person">%1$s &amp; %2$s ile</string>
  <string name="with_many_person">%1$ s &amp; %2$ s ile başka insanlar</string>
  <string name="press_back_one_more_time_to_exit">Çıkmak için geri düğmesine tekrar basın</string>
  <string name="paid">Geri ödeme</string>
  <string name="cashbook_cashback_info">%1$s e</string>
  <string name="add_transaction_amount_friendly_title">Ne kadar?</string>
  <string name="add_transaction_title_add">İşlem Ekle</string>
  <string name="add_transaction_title_edit">İşlem düzenle</string>
  <string name="add_transaction_title_view">İşlem Detayı</string>
  <string name="add_transaction_note_title_normal">Not</string>
  <string name="add_transaction_note_hint">Boş</string>
  <string name="add_transaction_cancel_adding">Bu işlemi yok saymak istiyor musunuz</string>
  <string name="add_transaction_discard_edit">Bu işlemin değişikliklerini yok saymak istiyor musunuz</string>
  <string name="add_transaction_account_alert_currency_change">Giriş tutarının para birimi %1$s den %2$s e değiştirilecektir. Yine de devam etmek istiyor musunuz?</string>
  <string name="add_transaction_account_alert_currency_change_start">Giriş tutarı para birimi değiştirildi</string>
  <string name="add_transaction_account_alert_currency_change_middle">Şuna</string>
  <string name="add_transaction_account_alert_currency_change_end">Yine de devam etmek istiyor musunuz?</string>
  <string name="add_transaction_add_success">İşlem ekleme başarılı!</string>
  <string name="add_transaction_category_hint">Birini seçin</string>
  <string name="add_transaction_with_title">İle?</string>
  <string name="add_transaction_with_hint">Örneğin Jon Snow, Arya Stark...</string>
  <string name="add_transaction_reminder_empty">Hatırlatma yok</string>
  <string name="add_transaction_subtransaction_title">Paraüstü</string>
  <string name="add_transaction_timecreated_title">Tarih</string>
  <string name="add_transaction_reminder_title">Anımsatıcı</string>
  <string name="add_transaction_error_amount">Miktar alanını doldurmanız gerekir</string>
  <string name="add_transaction_error_category">Harcama/kazanç Kategorisi seçmelisiniz</string>
  <string name="debtor">Borçlu</string>
  <string name="lender">Borç veren</string>
  <string name="for_reason">%1$s için</string>
  <string name="someone">birisi</string>
  <string name="someone_hint">Birisi</string>
  <string name="add_transaction_note_spend_from_saving">Tasarruf planı %1$s aracılığıyla tasarruf edildi</string>
  <string name="add_transaction_no_category_found">Eşleşme bulunamadı</string>
  <string name="warning_big_amount_message">Bu işlem miktarı çok yüksek görünüyor. Doğru olduğundan emin misiniz?</string>
  <string name="warning_big_amount_dont_show_again">Bir daha gösterme</string>
  <string name="im_wrong">Yanılıyorum</string>
  <string name="add_note">Not yaz</string>
  <string name="set_reminder_remove_reminder">Kapat</string>
  <string name="convert_currency_title_dialog">Diğer para birimini girin</string>
  <string name="convert_currency_message_convert_complete">Şuna dönüştür:</string>
  <string name="convert_currency_message_convert_error">Dönüştürme hatası</string>
  <string name="convert_currency_message_converting">Dönüştürülüyor..</string>
  <string name="edit_transaction_confirm_change_category_for_debtloan">Kategori değiştirmek istediğinizden emin misiniz? Geçmiş işlemlerin tamamından kaldırılacaktır.</string>
  <string name="edit_transaction_mark_remove">Silinecek</string>
  <string name="edit_transaction_mark_remove_message">Bu işlemin tüm alt işlemleri silinecek</string>
  <string name="delete_sub_transaction">Bu işlemi sil</string>
  <string name="sub_transaction_title">Para üstü geçmişi</string>
  <string name="quick_add_transaction_dialog_title">Yeni işlem</string>
  <string name="quick_add_notification_ticker">Yeni bir işlem eklemek içim hazır</string>
  <string name="quick_add_transaction_title">%1$s için ekleyin</string>
  <string name="quick_add_transaction_notification_text">Cüzdana gitmek için dokunun</string>
  <string name="add_account_title_add">Cüzdan ekle</string>
  <string name="add_account_title_edit">Cüzdanı düzenle</string>
  <string name="add_account_name_title">Ad</string>
  <string name="add_account_currency_title">Para birimi</string>
  <string name="add_account_start_balance_title">Başlangıç bakiyesi</string>
  <string name="add_account_error_accountname_exists">Bu cüzdan adı zaten var.</string>
  <string name="add_account_error_accountname_length_invalid">Cüzdan adı %1$s - %2$s karakter arasında olmalıdır.</string>
  <string name="add_account_discard_changed">Bu cüzdan için yapılan tüm değişiklikleri iptal etmek mi istiyorsunuz?</string>
  <string name="add_account_note_for_initial_balance">Başlangıç bakiyesi</string>
  <string name="add_account_shortcut_title">Ana ekran kısayol ekle</string>
  <string name="add_account_shortcut_success">Kısayol oluşturma başarılı</string>
  <string name="account_manager_title">Cüzdan Yöneticisi</string>
  <string name="account_manager_confirm_delete_account">%1$s cüzdanını silmek mi istiyorsunuz?</string>
  <string name="time_picker_dialog_title">Zaman seç</string>
  <string name="navigation_cashbook">İşlemler</string>
  <string name="navigation_budget">Bütçeler</string>
  <string name="navigation_campaign">Tasarruflar</string>
  <string name="navigation_event">Olaylar</string>
  <string name="navigation_category_manager">Kategoriler</string>
  <string name="navigation_statistic">İstatistik</string>
  <string name="navigation_settings">Ayarlar</string>
  <string name="navigation_feedback">Geri bildirim</string>
  <string name="navigation_debt_manager">Borçlar</string>
  <string name="navigation_tools">Araçlar</string>
  <string name="navigation_about">Hakkında</string>
  <string name="navigation_sync">Eşitleme</string>
  <string name="navigation_logout">Oturum kapatma</string>
  <string name="navigation_login">Buluta git</string>
  <string name="navigation_database">Veritabanı</string>
  <string name="navigation_copyright">© 2013 ZooStudio. Tüm hakları saklıdır.</string>
  <string name="tools_interest_rate">Faiz oranı</string>
  <string name="tools_export_csv">CSV verme</string>
  <string name="tools_export_excel">Excel\'e Aktar</string>
  <string name="tools_tip_calculator">Bahşiş Hesaplama</string>
  <string name="tools_find_atm">ATM Bulucu</string>
  <string name="tools_find_bank">Banka Bulucu</string>
  <string name="tools_install_app">Yükleme Aracı</string>
  <string name="tools_install_app_message">&lt;b&gt;%1$s&lt;/b&gt; Google Play mağazadan yüklemek istiyor musunuz?</string>
  <string name="statistic_monthly_report">Aylık rapor</string>
  <string name="bank_finder">Banka Bulucu</string>
  <string name="bank_finder_hint">Örneğin HSBC, standart Chartered...</string>
  <string name="bank_finder_input_bank_name">Banka adı girin</string>
  <string name="open_file">Dosya Aç</string>
  <string name="export_fail">Üzgünüz, verme işlemi bir hatayla karşılaştı ve devam edemiyor</string>
  <string name="export_success">Başarılı bir şekilde verildi</string>
  <string name="select_account">Cüzdan seç</string>
  <string name="export_csv">CSV olarak  Dışa Aktar</string>
  <string name="export_excel">EXCEL dışa aktarma</string>
  <string name="attach_to_email">E-postaya iliştirin</string>
  <string name="delimiter">Ayıraç</string>
  <string name="atm_finder">ATM Bulucu</string>
  <string name="change">Değiştir</string>
  <string name="send_mail">E-posta gönder</string>
  <string name="contact_me">Bize ulaşın</string>
  <string name="about_thanks">&lt;b&gt;Özel teşekkürü hak edenler&lt;/b&gt;&lt;br /&gt;
Muhteşem kütüphaneleri için Andreas Krings, Jake Wharton, Jeremy Feinstein, Roman Nurik, Simon Vig Therkildsen, Soarcn, Tjerk
Wolterink.&lt;br /&gt;
İkon paketleri için Brankic1979 ve Nick Frost.&lt;br /&gt;
Ve Money Lover\'ı diğer dillere çeviren tüm gönüllülerimiz.</string>
  <string name="about_developed">ZooStudio tarafından</string>
  <string name="about_view_profile_facebook">Bizim profili ziyaret ediniz</string>
  <string name="budget_overspent">Bütçe aşımı</string>
  <string name="budget_finished">Tamamlanan</string>
  <string name="budget_spent">Harcanan</string>
  <string name="budget_all_category">Tüm Kategoriler</string>
  <string name="create_budget_title_add">Bütçe Ekle</string>
  <string name="create_budget_title_edit">Bütçe düzenle</string>
  <string name="create_budget_create_for">İçin Ekle</string>
  <string name="create_budget_time_range">Zaman aralığı</string>
  <string name="budget_detail_delete_confirm_message">Bu bütçeyi silmek istiyor musunuz?</string>
  <string name="create_budget_message_select_day_error">Bitiş tarihi başlangıç tarihinden sonra olmalıdır</string>
  <string name="create_budget_message_duplicate_DB">Bu zaman için bütçe oluşturulmuş, eskisinin üzerine yazmak ister misiniz?</string>
  <string name="create_budget_message_warning_enter_amount">0 Bütçe tutarı!</string>
  <string name="create_budget_message_error_category">Kategori seçmelisiniz</string>
  <string name="create_budget_message_error_time">Bütçe için zaman seçmelisiniz</string>
  <string name="budget_overview_monthly">Aylık bütçe planı</string>
  <string name="budget_overview_custom">Özel bütçe planları</string>
  <string name="budget_overview_no_data_guide">Yeni bütçe planı eklemek için yukarıdaki %1$s düğmesine dokunun</string>
  <string name="budget_detail_category">%1$s bütçe</string>
  <string name="budget_detail_account_detail_emptyview_message">Bütçe eklemek için dokunun</string>
  <string name="budget_detail_list_transactions_title">işlem listesi</string>
  <string name="clear_template">Şablonu temizle</string>
  <string name="budget_template">Şablon</string>
  <string name="dialog_enter_amount_title">Tutarı girin</string>
  <string name="security_pin_title_create">Parola ayarla</string>
  <string name="security_pin_title_confirm">Parolayı Onayla</string>
  <string name="security_pin_title_open">Parolayı giriniz</string>
  <string name="security_pin_message_remove">parola güvenlik modunu devre dışı bırakmak için</string>
  <string name="security_pin_title_wrong_password">Yanlış parola!</string>
  <string name="security_pin_message_try_again">Yeniden Deneyin</string>
  <string name="is_latest_version">Sürümünüz günceldir.</string>
  <string name="update">Güncelle</string>
  <string name="has_new_version">Yeni bir sürümünü yayımladı, şimdi güncelleyin!</string>
  <string name="no_internet">Internet bağlantısı yok. Lütfen tekrar deneyin!</string>
  <string name="check_update">Güncelleştirme denetleme</string>
  <string name="thanks_feedback">Geribildiriminiz için teşekkür ederiz.</string>
  <string name="add_sub_transaction_input_more_than_left">Girilen tutar ödenmemiş tutardan büyüktür</string>
  <string name="warning">Uyarı</string>
  <string name="process">işleniyor…</string>
  <string name="error_no_google_map">Lütfen özelliği kullanmak için Google Maps yükleyin</string>
  <string name="set">Ayarla</string>
  <string name="category_manager_title">Kategori Yöneticisi</string>
  <string name="category_manager_notice_cannot_edit_default_category">Özel kategorisi düzenlenemez</string>
  <string name="category_manager_confirm_delete_category">Kategoriyi %1$s silmek istiyor musunuz? Bu kategorideki tüm işlemler de silinecektir.</string>
  <string name="category_manager_delete_success_message">Kategori %1$s silindi</string>
  <string name="create_category_title">Yeni Kategori</string>
  <string name="edit_category_title">Kategori düzenle</string>
  <string name="create_category_name_title">Ad</string>
  <string name="create_category_select_icon_title">Simge</string>
  <string name="create_category_default_parent_category">Ben ebeveynim</string>
  <string name="create_category_parent_category">Üst kategori</string>
  <string name="create_category_hint_name_review">Kategori Adı</string>
  <string name="create_category_message_duplicate_DB">Bu kategori vardır mevcut</string>
  <string name="create_category_select_type_error">Kategori türü seçmelisiniz</string>
  <string name="create_category_input_name_error">Hadi, kategorinin ismini girin</string>
  <string name="create_category_select_icon_error">Kategori simgesinini unutma</string>
  <string name="select_parent_category_title">Üst kategori seçin</string>
  <string name="message_transfer_successful">Aktarım başarılı!</string>
  <string name="title_dialog_transfer">%1$s dan</string>
  <string name="back">Geri</string>
  <string name="message_currency_error">%1$s %2$s için değiştirmek istiyor musunuz?</string>
  <string name="note_income_transfer">%1$s dan al</string>
  <string name="message_amount_zero">Transfer miktarı 0\'dan büyük olmalıdır</string>
  <string name="default_note_transfer">%1$s a aktarıldı</string>
  <string name="monthly_report_start_balance">Başlangıç bakiyesi</string>
  <string name="monthly_report_this_month_balance">Net Gelir</string>
  <string name="monthly_report_end_balance">Sonunda denge</string>
  <string name="monthly_report_compare_to_previous_month">Aylık karşılaştırma</string>
  <string name="monthly_report_largest_expense">En büyük gider</string>
  <string name="monthly_report_expense_by_category">Kategoriye göre harcamalar</string>
  <string name="monthly_report_nodata">Bu ay için rapor yok</string>
  <string name="monthly_report_nodata_guide">Yeni bir ay başladıktan sonra aylık raporlar otomatik olarak görüntülenir</string>
  <string name="search_result">Arama sonucu</string>
  <string name="type">Tür</string>
  <string name="with">İle</string>
  <string name="select_time">Seçme zaman</string>
  <string name="notification_center_message_empty_notification">Bildirim yok</string>
  <string name="notification_center_title">Bildirim Merkezi</string>
  <string name="notification_center_delete_read_notifications">Okunan mesajları Sil</string>
  <string name="notification_center_mark_all_as_read">Tümünü okundu işaretle</string>
  <string name="debt_manager_title">Borçlar</string>
  <string name="debt_wallet">Ödenebilir</string>
  <string name="loan_wallet">Alınabilir</string>
  <string name="now">Ödenmemiş</string>
  <string name="past">Ödenen</string>
  <string name="note_transaction_saving">%1$s dan para çekme</string>
  <string name="saving_overview_title">Birikimler</string>
  <string name="saving_overview_deposit">Para yatırma</string>
  <string name="saving_overview_need">İhtiyaç</string>
  <string name="saving_overview_spend">Harcama</string>
  <string name="saving_overview_withdraw">Çekme</string>
  <string name="saving_deposit">%1$s birikim planına para yatırma</string>
  <string name="saving_withdraw_default_note">Birikim planından harcanan %1$s</string>
  <string name="saving_overview_no_data_guide">Yeni planı eklemek için yukarıdaki %1$s düğmesine dokunun</string>
  <string name="saving_menu_deposit">Para yatırma</string>
  <string name="saving_menu_withdraw">Çekme</string>
  <string name="saving_menu_spendon">Harcamak...</string>
  <string name="saving_add_title">Birikim ekle</string>
  <string name="saving_edit_title">Birikim düzenle</string>
  <string name="saving_add_name_title">Ad</string>
  <string name="saving_add_start_amount">Başlangıç miktarı</string>
  <string name="saving_add_success">Yeni birikim kampanyası oluştur</string>
  <string name="saving_add_error_goal_amount">Hedef tutar girişi gerekir!</string>
  <string name="saving_add_error_name">Birikim kampanyası adı girmelisin!</string>
  <string name="saving_add_error_icon">Simge seçmelisiniz.</string>
  <string name="saving_add_cancel_adding">Bu birikimi kapatmak istiyor musunuz?</string>
  <string name="saving_add_discard_edit">Bu birikim değişikliklerini yok saymak istiyor musunuz?</string>
  <string name="dialog_select_event_remove">Etkinliği sil</string>
  <string name="event_add_title">Etkinlik Ekle</string>
  <string name="event_edit_title">Etkinliği düzenle</string>
  <string name="event_input_name_error">Hadi, etkinliğinizin adını girelim</string>
  <string name="event_select_icon_error">Olay için simgeyi unutma</string>
  <string name="event_overview_view_transactions">Hareketler</string>
  <string name="event_overview_deposit">Para yatırma</string>
  <string name="event_overview_withdraw">Para Çekme</string>
  <string name="event_overview_deposited">Yatırılan</string>
  <string name="event_overview_finish">Bitir</string>
  <string name="event_overview_no_data_guide">Yeni planı eklemek için yukarıdaki %1$s düğmesine dokunun</string>
  <string name="event_menu_mark_as_finished">Tamamlandı olarak işaretle</string>
  <string name="event_menu_mark_as_unfinish">Bitmemiş olarak işaretle</string>
  <string name="interest_rate_title">Faiz oranı</string>
  <string name="interest_rate">Oran</string>
  <string name="time_from">Süreci</string>
  <string name="select_type_interest">Faiz Türü</string>
  <string name="date_to_invalid">Tarih için gereken tarihten sonra </string>
  <string name="amount_empty">Lütfen değer girin</string>
  <string name="time_mode_interest">Saat modu</string>
  <string name="rate_empty">Lütfen oranı değeri girin</string>
  <string name="time_empty">Zaman değeri seçiniz</string>
  <string name="interest">Faiz tutarı</string>
  <string name="number_of_period">Dönem sayısı</string>
  <string name="total_amount">Toplam tutar</string>
  <string name="interest_result">Sonuç</string>
  <string name="total_people">%d insanlarla</string>
  <string name="percent_tip">Bahşiş %1$s%%</string>
  <string name="total_pay">Toplam ödeme</string>
  <string name="total_tip">Toplam Bahşiş</string>
  <string name="total_tip_person">Toplam bahşiş kişisi</string>
  <string name="total_per_person">Kişi başına miktar</string>
  <string name="note_it">Not et</string>
  <string name="no_tip">Bahşiş yok</string>
  <string name="more_people">Kiş Sayısı</string>
  <string name="more_tip">Bahşiş yüzdesi</string>
  <string name="calculate">Hesapla</string>
  <string name="change_review">%1$s%% daha iyi, &lt;b&gt;değiştir?&lt;/b&gt;</string>
  <string name="empty_amount">Tutar boş</string>
  <string name="inapp_purchase">Premium seçenekleri</string>
  <string name="message_purchase_error">Satın alma hatası</string>
  <string name="message_purchase_success">Başarılı bir şekilde satın alabilirsiniz. Değişiklikleri uygulamak için uygulamayı yeniden başlatın.</string>
  <string name="purchase_bought">Satınaldınız</string>
  <string name="reset_app_to_change">Değişiklikleri uygulamak için uygulamayı yeniden başlatın</string>
  <string name="purchase_buy_all_title">Hesabı Yükselt</string>
  <string name="purchase_buy_all_text">Bir cüzdan, bütçe plan, plan, olay planı. \nNo tasarruf daha fazla reklam var!</string>
  <string name="purchase_buy_ads_title">Reklamları kaldır</string>
  <string name="purchase_buy_ads_text">Reklamsız Money Lover ile iyi vakit geçirmeniz dileğiyle!</string>
  <string name="purchase_input_premium_code_text">Lisans kodunuz varsa</string>
  <string name="purchase_notice_buy_features">Özgür yorum ekleyebilirsiniz bir bütçe, bir tasarruf, bir olay sadece ve tüm özelliklerini kullanamazsınız. Premium oluşturmak sınırsız bütçeler, tasarruf, olaylar ve tüm özelliklerine gidin lütfen</string>
  <string name="premium_code">Lisans kodu gir</string>
  <string name="license_code_not_correct">Lisans kodu doğru değil</string>
  <string name="license_code_success">Lisans kodu geçerli. Artık %1$s taki tüm özelliklere erişebilirsiniz.</string>
  <string name="widget_select_account_empty">Widget oluşturmadan önce bir cüzdana ihtiyacınız var</string>
  <string name="widget_simple_light_name">Basit widget ışığı</string>
  <string name="widget_select_account_title">Cüzdan seç</string>
  <string name="ail_message_empty_image">Hiç resim kalmadı</string>
  <string name="ail_guide_1">Bir fotoğraf çekin</string>
  <string name="ail_guide_2">Artık işlemi daha sonra ekleyebilirsin</string>
  <string name="migrate_dialog_message">Money Lover eski versiyondaki verilerinizi yenisine aktaracak. Devam etmek istiyor musunuz?</string>
  <string name="migrate_dialog_notice">Uyarı</string>
  <string name="migrate_dialog_disabled_function">Bill verilerinizi hala transfer edilir, ancak yeni sürümde fatura özelliği geçici devre.</string>
  <string name="migrate_dialog_cancel_message">Daha sonra fikrinizi değiştirirseniz, hala seçebilirsiniz %1$s geçirilir. Ama o an için artık tüm yeni verileri kalıcı olarak kaybedersiniz.</string>
  <string name="migrate_processing_transfer_currencies">Para birimleri aktarılıyor</string>
  <string name="migrate_processing_transfer_accounts">Aktarma ve eski hesap cüzdanları dönüştürme</string>
  <string name="migrate_processing_transfer_master_categories">Ana kategoriler aktarılıyor</string>
  <string name="migrate_processing_transfer_categories">Kategoriler aktarılıyor</string>
  <string name="migrate_processing_transfer_transactions">İşlemler aktarılıyor</string>
  <string name="migrate_processing_transfer_tagged_people">Belirtilmiş insanlar aktarılıyor</string>
  <string name="migrate_processing_transfer_sub_transactions">Alt işlemler aktarılıyor</string>
  <string name="migrate_processing_transfer_interests">Faizler aktarılıyor</string>
  <string name="migrate_processing_transfer_bills">Faturalar aktarılıyor</string>
  <string name="migrate_processing_transfer_budgets">Bütçeler aktarılıyor</string>
  <string name="migrate_processing_transfer_campaigns">Kampanyalar aktarılıyor</string>
  <string name="restore_title">Verileri geri yükle</string>
  <string name="restore_message_successful">İçe aktarma başarılı!</string>
  <string name="restore_message_error">Veri alınırken bir hata oluştu</string>
  <string name="restore_loading_file_from_dropbox">Dropbox üzerinden dosyası yükleniyor...</string>
  <string name="restore_connect_dropbox">Dropbox ile bağlan</string>
  <string name="restore_message">Verileri geri yüklemek için aşağıdaki bir dosya seçin</string>
  <string name="restore_message_edit">Dosyayı silmek için seçin</string>
  <string name="restore_empty_file">Dosya yok</string>
  <string name="restore_disconnect_dropbox">Dropbox bağlantısını Kaldır</string>
  <string name="restore_disconnect_dropbox_confirm">Dropbox bağlantısını kesmek istiyor musunuz?</string>
  <string name="backup_title">Verileri yedekle</string>
  <string name="backup_file_name">Dosyaya yedekle</string>
  <string name="backup_notice_about_file_ext">Bu sürümde yeni dosya uzantısı &lt;b&gt;.mlx&lt;/b&gt; kullanıyoruz, ama hala .money ve .mlx türlerini %1$s olarak içe aktarabilirsiniz</string>
  <string name="backup_success_message">Yedekleme başarılı</string>
  <string name="backup_fail_message">Yedekleme başarısız</string>
  <string name="navigation_group_support">Destek</string>
  <string name="navigation_group_setting">Ayar</string>
  <string name="navigation_group_plans">Planlama</string>
  <string name="navigation_group_others">Diğerleri</string>
  <string name="navigation_group_tools">Araçlar</string>
  <string name="widget_account_was_deleted">Cüzdanınız silindi</string>
  <string name="tools_install_go_to_playstore">Play Store\'a gidin</string>
  <string name="tools_shopping_lover_intro">Uygulama alışveriş alışkanlıkları inşa edilmiştir. Verimlilik ve hız alışveriş deneyiminizi artırır ve ayrıca herhangi bir gereksiz hataları önler.</string>
  <string name="tools_exchanger_intro">Eşanjör cep. para birimi dönüştürmek için basit bir yol olduğunu &lt; br / &gt;-düz tasarımı ile güzel bir tasarım &lt; br / &gt; - 100 + dünya para birimleri &lt; br / &gt;-Convert çoklu para birimleri bir kez &lt; br / &gt;-Çevrimdışı modu (ağ gerekmez).</string>
  <string name="rate_app_dont_show_again">Oranı uygulama bildirimini yeniden gösterme</string>
  <string name="rate_app_dont_show_again_short">Bir daha gösterme</string>
  <string name="rate_app_config_title">Uygulama ayarlarını oylayın</string>
  <string name="delete">Sil</string>
  <string name="restore_delete_message">Bu dosyaları kalıcı olarak silmek istiyor musunuz?</string>
  <string name="restore_message_confirm">Veri dosyası %1$ s geri yüklemek istiyor musunuz? Tüm geçerli veriler silinecek.</string>
  <string name="restore_autobackup_fail">Otomatik yedekleme başarısız oldu. Geri yükleme işlemi devam edemiyor.</string>
  <string name="deleting">Siliniyor...</string>
  <string name="purchase_error_unknown">Bilinmeyen bir hata ortaya çıktı.</string>
  <string name="purchase_please_wait_until_data_is_loaded">Veri yüklenene kadar lütfen bekleyin.</string>
  <string name="announce_update_lost_data_message">&lt; p &gt; Biz para sevgilisi yeni sürüme yükseltme ve verileriniz için yeni bir eski bir geçiş. İşlem sırasında bazı kayıp veri, bazen, ne yazık ki, yaşayabileceğiniz hepsini. &lt; teknik olarak verilerinizi olduğunu hala orada gibi biz onları silmez, geçiş işlemi yanlış. &lt; /b &gt;&lt; /p &gt;&lt; kendinizi bu durumun bulursanız p &gt; giderse, lütfen bize ulaşın ve senin veri sırt. &lt; /p &gt; bulmanıza yardımcı olacaktır /p &gt;&lt; p &gt;&lt; b &gt;</string>
  <string name="announce_update_lost_data_message_title">Güncellemeden sonra veri kaybetme hakkında</string>
  <string name="cannot_find_my_language">Daha fazla dil?</string>
  <string name="feedback_language_text">Merhaba, \nI aşağıdaki dillerde: \n tercüme etmek istiyorum</string>
  <string name="feedback_language_subject">[LANG] DİL İÇİN GERİBİLDİRİM</string>
  <string name="message_more_languages">Para aşk yeni sürümü diğer dillere çeviri üzerinde çalışıyoruz ama gerçekten kullanıcılarımızın hızlandırmak için yardımına ihtiyacım bu işlem biraz zaman alabilir.</string>
  <string name="message_more_languages_help">İngilizce\'den diğer dillere tercüme edebilir varsa lütfen yardımcı olun. Daha fazla bilgi için bizimle irtibata geçebilirsiniz.</string>
  <string name="languagehelp_ok">Evet, ben yardımcı olacağım!</string>
  <string name="languagehelp_cancel">Hayır, belki sonra :(</string>
  <string name="languagehelp_title">Çeviri yardım</string>
  <string name="changes_log_title">Değişiklik kaydı</string>
  <string name="restore_menu_show_auto_backup">Otomatik yedek dosyaları göster</string>
  <string name="restore_menu_hide_auto_backup">Otomatik yedek dosyaları gizle</string>
  <string name="restore_menu_edit">Dosyaları seçin</string>
  <string name="title_view_web">Web Görünümü</string>
  <string name="title_notification_web">Web istemci bağlanma</string>
  <string name="turn_on_web">Sunucu aç</string>
  <string name="turn_off_web">Sunucu kapat</string>
  <string name="tab_to_turn_off_web">Web\'i kapatmak için dokunun</string>
  <string name="budget_detail_error_budget_not_exists">Bu bütçe artık yok</string>
  <string name="new_expense_category">Yeni bir masraf kategorisi</string>
  <string name="new_income_category">Yeni gelir kategorisi</string>
  <string name="turn_on_wifi">İlk WiFi açın</string>
  <string name="server_off">Sunucu kapat</string>
  <string name="access_link">%1$s</string>
  <string name="previous_web">Önceki</string>
  <string name="next_web">Sonraki</string>
  <string name="webdisplay_status_title">Durum</string>
  <string name="webdisplay_menu_help">Yardım</string>
  <string name="webdisplay_menu_advance">Gelişmiş Seçenekler</string>
  <string name="add_web">Ekle</string>
  <string name="cashback_loan_info">%1$s dan</string>
  <string name="webdisplay_turning_on">Açılıyor...</string>
  <string name="webdisplay_turned_on">Kapat</string>
  <string name="webdisplay_turning_off">Kapanıyor...</string>
  <string name="webdisplay_turned_off">Açma</string>
  <string name="set_as_start_date">Başlangıç tarihi olarak ayarla</string>
  <string name="set_as_end_date">Bitiş Tarihi olarak ayarla</string>
  <string name="webdisplay_warning_port_over">Bağlantı noktası %2$s %1$s aralığında olmalıdır</string>
  <string name="webdisplay_warning_port_web">Bu bağlantı noktası %1$s ile çoğaltıldı</string>
  <string name="webdisplay_will_change_port">Bağlantı noktasını yeniden hizmete açtıktan sonra değişecektir.</string>
  <string name="webdisplay_open_web_browser">Bu adresi web tarayıcısında açın.</string>
  <string name="webdisplay_warning_port_exist">Bu bağlantı noktası başka bir hizmet tarafından devir alınmıştır. Lütfen başka bir bağlantı noktası seçin.</string>
  <string name="webdisplay_change_port">Bağlantı noktasını değiştirme</string>
  <string name="webdisplay_web_actions">Eylemler</string>
  <string name="webdisplay_web_feedback_support">Geribildirim \u0026 destek</string>
  <string name="webdisplay_web_add_more">Daha fazla Ekle</string>
  <string name="reset_data_message">Tüm verileri sıfırlamak istiyor musunuz? Cüzdan, hareketleri, bütçeler, tasarruf veya olaylar gibi tüm veriler silinecektir. Can\'t Bu eylemi geri alınmış.</string>
  <string name="upload_to_dropbox_success">DropBox yükledi</string>
  <string name="message_large_spend_amount">Girilen tutar geçerli kaydedilmiş tutardan daha küçük olması gerekir.</string>
  <string name="message_error_select_parent_cate">Kendisini temel olarak seçemezsiniz</string>
  <string name="translated_by">%1$s tarafından tercüme edildi</string>
  <string name="add_transaction_with_suggestion">Sen-ebilmek eklemek onların adından sonra virgül (,) ekleyerek kişide değil insanlar.</string>
  <string name="msg_add_transaction_first">İlk hareket Şimdi eklemek istiyor musunuz?</string>
  <string name="global">Küresel</string>
  <string name="notification_bank_sms_title">%1$s cüzdanınız %2$s değişti</string>
  <string name="custom_range_cashbook">Özel</string>
  <string name="navigation_travel_mode">Seyahat modu</string>
  <string name="select_event_title">Olay Seç</string>
  <string name="travel_mode_description">Seyahat modunda, devam eden bir olaya otomatik olay eklemeyi seçebilirsiniz.</string>
  <string name="travel_mode_activated_message">Seyahat modu etkindir. Mutlu seyahatler!</string>
  <string name="travel_mode_turn_off_message">Seyahat modunu devre dışı bırakmak istiyor musunuz?</string>
  <string name="travel_mode_quick_add_notification">Olay %1$s e ekleyin</string>
  <string name="travel_mode_turned_off_message">Seyahat modu kapalı</string>
  <string name="purchase_description">Her satın alım sadece 100 yıl için geçerlidir.</string>
  <string name="backup_select_one">Birini seçin</string>
  <string name="repeat_transaction_mode_month_same_days">her ayın %1$s. gününde</string>
  <string name="repeat_transaction_mode_month_this_day">her ayın %1$s. %2$s gününde</string>
  <string name="repeat_transaction_times_duration_for_a_number_of_event_shorted">Şu kadarlığına:</string>
  <string name="repeat_transaction_manager">Tekrarlayan İşlemler</string>
  <string name="recent_transaction_no_transactions">Son işlem yok</string>
  <string name="repeat_transaction_next_repeat">Sonraki tekrar</string>
  <string name="repeat_transaction_need_specify_repeat">Tekrar ayarlarını belirtmeniz gerekli</string>
  <string name="recent_transaction_dialog_list_title">Son işlem</string>
  <string name="repeat_transaction_message_confirm_delete_template">Bu şablonu silmek istiyor musunuz?</string>
  <string name="repeat_transaction_no_template">Tekrarlayan şablon yok</string>
  <string name="repeat_transaction_no_repeat">Tekrar yok</string>
  <string name="repeat_transaction_next_repeat_at">%1$s üzerinde sonraki tekrar</string>
  <string name="share_need_to_download_before_sharing">Bu dosya paylaşılmadan önce DropBox\'tan indirilecektir</string>
  <string name="repeat_transaction_add_template">Tekrarlayan işlem ekle</string>
  <string name="repeat_transaction_edit_template">Tekrarlayan işlemi düzenle</string>
  <string name="recent_transaction_show_when_add_transaction">İşlem eklenirken bu metni otomatik olarak göster</string>
  <string name="message_login_now">Promosyon kodunu girdikten sonra Money Lover hesabınızı Premium statüsündeki hesabınızla bağlayabilirsiniz. Eğer başka bir cihaza sahipseniz, Money Lover hesabınızla bu cihazdan giriş yapınız. Böylece premium statünüz otomatik olarak aktifleştirilecektir.</string>
  <string name="recent_transaction_dialog_description">Öncekilerden işlem bilgisi alabilirsiniz</string>
  <string name="repeat_transaction_every">Her</string>
  <string name="repeat_transaction_from">Şuradan</string>
  <string name="repeat_transaction_at">şu zamanda</string>
  <string name="repeat_transaction_times">kez</string>
  <string name="event_delete_message">Bu olayı silmek istiyor musunuz?</string>
  <string name="saving_delete_message">Bu tasarrufu silmek istiyor musunuz?</string>
  <string name="budget_delete_message">Bu bütçeyi silmek istiyor musunuz?</string>
  <string name="transaction_detail_cashback_left">Kalan</string>
  <string name="transaction_detail_cashback_paid">Ödenen</string>
  <string name="add_account_error_message_no_currency">Lütfen cüzdanınız için bir para birimi seçiniz</string>
  <string name="store_download_fail">Şu anda şimge indirilemiyor</string>
  <string name="dialog_turn_on_location_service">Konum servisini aktifleştirmek istiyor musunuz?</string>
  <string name="set_icon_default_tab">Varsayılan</string>
  <string name="set_icon_tab_sdcard">İndirilen</string>
  <string name="set_icon_more_tab">Daha fazla simge</string>
  <string name="store_preview_icon">Önizleme</string>
  <string name="store_buy_icon">Satın Al</string>
  <string name="store_icon_title">Simge Mağazası</string>
  <string name="store_purchase_preview">Önizleme</string>
  <string name="download">İndir</string>
  <string name="do_not_show_again">Tekrar gösterme</string>
  <string name="new_icon_packs_are_available">Kategori, olay ve tasarruf için iki yeni simge paketi mevcut. Şimdi, bu simgeleri görmek için  yeni bir kategori oluşturabilirsiniz.</string>
  <string name="dialog_share_account">Cüzdanı şununla paylaş:</string>
  <string name="share_account_success">Cüzdan paylaşımı başarılı</string>
  <string name="dialog_sharing_account">Paylaşılıyor…</string>
  <string name="email_address_invalid">E-posta adresi geçersiz</string>
  <string name="set_location_get_address_error">Şu anda adres yüklenemiyor, lütfen daha sonra tekrar deneyiniz!</string>
  <string name="cashbook_balance">Bakiye</string>
  <string name="statistic_trends">Gündemdekiler</string>
  <string name="sync_transferring_data">Veri transfer ediliyor</string>
  <string name="sync_running">Eşitleme devrede…</string>
  <string name="trend_criteria_collapsed_time">&lt;b&gt;%1$s&lt;/b&gt; - &lt;b&gt;%2$s&lt;/b&gt; arası</string>
  <string name="transaction_detail_set_location">Konumu ayarla</string>
  <string name="transaction_detail_can_not_download_image">Görsel yüklenemiyor, lütfen başkasını deneyiniz.</string>
  <string name="user_unauthenticated">Önce giriş yapmalısınız</string>
  <string name="share_account_error">Cüzdan paylaşımı başarısız</string>
  <string name="beta">Beta</string>
  <string name="sync_error">Eşitleme hatası</string>
  <string name="sync_notification_ticker_text">Veri sunucu ile eşitleniyor</string>
  <string name="sync_notification_content_title">Money Lover\'ı eşitle</string>
  <string name="login_success">Giriş başarılı!</string>
  <string name="login_forgot_password">Şifrenizi mi Unuttunuz?</string>
  <string name="register_show_password">Şifreyi göster</string>
  <string name="sync_done">Eşitleme işlemi başarıyla tamamlandı</string>
  <string name="login_fail">Hatalı eposta/şifre kombinasyonu. Lütfen tekrar deneyiniz.</string>
  <string name="connecting">Bağlantı kuruluyor…</string>
  <string name="sync_account">Cüzdanı eşitle</string>
  <string name="message_sync_transfer_data">Veriyi aktarmak istiyor musunuz?</string>
  <string name="sync_dialog_transfer_title">Veri aktar</string>
  <string name="sync_running_cannot_add_item">Eşitleme aktif, lütfen biraz bekleyiniz</string>
  <string name="sync_last_sync">Son eşitleme: %1$s</string>
  <string name="sync_sync_first_time">İlk eşitleme için dokununuz</string>
  <string name="icon_xmas_notification_title">Yeni ikon paketiyle Merry Xmas!</string>
  <string name="icon_xmas_notification_content">Tatil yaklaşıyor: Money Lover\'ı etkileyici Christmas ikon paketi ile süsleyin! Üstelik ücretsiz bir şekilde!</string>
  <string name="store_icon_re_download">Tekrar indir</string>
  <string name="store_icon_free">Ücretsiz</string>
  <string name="store_icon_list_empty">İkon paketi yok</string>
  <string name="store_icon_canceled_message">%1$s ikon paketi yüklemesi iptal edildi</string>
  <string name="store_icon_download_finished_message">İkon paketi %1$s indirildi. Bu yeni ikonları kategori, etkinlik ya da tasarruf oluştururken kullanabilirsiniz.</string>
  <string name="transaction_detail_show_advanced">Daha fazla detay ekle</string>
  <string name="refresh">Yenile</string>
  <string name="navigation_store">Money Lover Mağazası</string>
  <string name="create_category_select_parent_error">Bu kategoriyi ana olarak seçemezsiniz</string>
  <string name="sync_error_timeout">sunucu bakımdadır</string>
  <string name="sync_error_server_busy">Sunucu meşgul</string>
  <string name="sync_register_success">Kayıt başarılı</string>
  <string name="transaction_detail_warning_time_not_in_range">Bu tarih %1$s bütçesinin zaman aralığında değil (%2$s)</string>
  <string name="notification_message_remind_transaction">%1$s: %2$s işlemi için bir hatırlatma kurdunuz. Detaylar için dokununuz.</string>
  <string name="location_add_new_address">%1$s konumunu yer olarak ekle</string>
  <string name="category_none_name">Kategori yok</string>
  <string name="saving_add_startamount_over">Başlangıç miktarı hedef miktardan büyük olamaz</string>
  <string name="share_account_permission">Bu kişiyi SAHİP olarak ayarlar, böylece bu kişi bu cüzdandaki her türlü bilgiyi görüntüleyebilir, ekleme yapabilir, düzenleyebilir ya da silebilir</string>
  <string name="error_can_not_load_wallet">Cüzdan yüklenemiyor veya seçili cüzdan silinmiş. Lütfen tekrar deneyiniz ya da uygulamayı kısayoldan açmayınız.</string>
  <string name="select_category_tap_to_create_one">Oluşturmak için dokununuz</string>
  <string name="error_can_not_change_wallet_transaction_debt_loan">Ödünç işlemleri için cüzdan değiştirilemiyor</string>
  <string name="quick_add_manager_title">Durum çubuğunda göster</string>
  <string name="account_manager_create_shortcut">Kısayol oluştur</string>
  <string name="budget_no_data">Bütçe yok</string>
  <string name="event_no_data">Olay yok</string>
  <string name="saving_no_data">Tasarruf yok</string>
  <string name="notification_center_no_data">Bildirim yok</string>
  <string name="recurring_transaction_no_data">Yenilenen işlem yok</string>
  <string name="notification_like_fan_page_title">Bizi Facebook\'ta beğenin</string>
  <string name="notification_like_fan_page_text">güncellemeler, ipuçları ve ücretsiz içerik için bizimle irtibatta kalınız</string>
  <string name="share_account_email_target">Paylaşmak istediğiniz e-posta adresi</string>
  <string name="share_account_email_error">Bu girdi doğru bir e-posta adresi değildir</string>
  <string name="monthly_report_other_categories">Diğer kategoriler</string>
  <string name="transfer_wallet_unknown_error_message">Şu anda cüzdanlara arasında aktarım yapılamıyor, lütfen tekrar deneyiniz. Eğer gelecek sefer de bu mesajı görürseniz, lütfen bizimle irtibata geçiniz. Böylece problemi çözebiliriz.</string>
  <string name="forgot_password_error_wrong_email">Bu e-posta adresi bizimle ilişkili değildir, lütfen tekrar deneyiniz.</string>
  <string name="forgot_pass_success">Daha fazla ayrıntı için lütfen e-postanızı kontrol ediniz.</string>
  <string name="register_error_email_exists">Bu e-posta adresi geçersizdir. Lütfen başkasını seçiniz.</string>
  <string name="promote_event_expire">Bu olay çoktan bitti</string>
  <string name="promote_event_error_wrong_code">Yanlış promosyon kodu. Lütfen tekrar deneyiniz.</string>
  <string name="register_error_server">Sunucumuzda sıra dışı bir hata oluştur ve bununla ilgili bir uyarı aldık. Biz bunu düzeltirken siz lütfen bir fincan kahve alınız.</string>
  <string name="register_error_entered_info_not_enough">Devam edebilmek için tüm bilgileri doldurunuz</string>
  <string name="purchase_post_facebook_success">Paylaşım için teşekkürler</string>
  <string name="promote_event_input_successfully">Promosyon kodu doğru. Şimdi tüm özellikleri ayrıcalıklı olarak kullanabilirsiniz! %1$s kullandığınız için teşekkürler</string>
  <string name="promote_event_share_facebook">Facebook\'ta Paylaş</string>
  <string name="promote_event_login_description">İPUCU: Premium statünüzü paylaşmak için bir %1$s hesabı açınız, böylece, gelecek sefer %1$s bağlantısı kurduğunuzda Premium statünüz geri gelecektir.</string>
  <string name="promote_event_share_facebook_description">Bu konu arkadaşlarınız paylaşmak çok iyi olurdu! Merak etmeyin, Premium statünüz etkilenmeyecektir.</string>
  <string name="notification_center_message_already_logged_in">Oturumunuz zaten açık.</string>
  <string name="congratulation">Tebrikler!</string>
  <string name="cashbook_pull_to_add_transaction">İşlem eklemek için çek</string>
  <string name="cashbook_release_to_add_transaction">İşlem eklemek için bırakın</string>
  <string-array name="cashbook_set_timerange_items">
    <item>Gün</item>
    <item>Hafta</item>
    <item>Ay</item>
    <item>Üç aylık dönem</item>
    <item>Yıl</item>
    <item>Tümü</item>
    <item>Özel</item>
  </string-array>
  <string-array name="delimiters">
    <item>Noktalı virgül (;)</item>
    <item>Virgül (,)</item>
    <item>Sekme</item>
  </string-array>
  <string-array name="create_budget_array_time_range">
    <item>Bu ay</item>
    <item>Bu çeyrek</item>
    <item>Bu yıl</item>
    <item>Gelecek ay</item>
    <item>Sonraki çeyrek</item>
    <item>Gelecek yıl</item>
    <item>Özel Aralık</item>
  </string-array>
  <string-array name="budget_overview_titles">
    <item>Devam eden</item>
    <item>Tamamlandı</item>
  </string-array>
  <string-array name="category_manager_edit_cate_menu">
    <item>@string/düzenle</item>
    <item>@string/sil</item>
  </string-array>
  <string-array name="debt_overview_titles">
    <item>@string/debt_wallet</item>
    <item>@string/loan_wallet</item>
  </string-array>
  <string-array name="campaign_overview_titles">
    <item>Devam eden</item>
    <item>Tamamlandı</item>
  </string-array>
  <string-array name="arrays_time_mode">
    <item>Haftalık</item>
    <item>14 Günde</item>
    <item>Aylık</item>
    <item>3 Ayda</item>
    <item>6 Ayda</item>
    <item>Yıllık</item>
  </string-array>
  <string-array name="arrays_type">
    <item>Basit faiz</item>
    <item>Bileşik faiz</item>
  </string-array>
  <string-array name="repeat_transaction_time_mode">
    <item>Günlük Tekrarla</item>
    <item>Haftalık Tekrarla</item>
    <item>Aylık Tekrarla</item>
    <item>Yıllık Tekrarla</item>
  </string-array>
  <string-array name="backup_list_file_backup_select_item">
    <item>@string/restore_title</item>
    <item>@string/backup_share</item>
  </string-array>
  <string-array name="repeat_transaction_mode_month_week">
    <item>ilk</item>
    <item>İkinci</item>
    <item>üçüncü</item>
    <item>dördüncü</item>
    <item>beşinci</item>
    <item>altıncı</item>
  </string-array>
  <string-array name="repeat_transaction_times_duration">
    <item>daima</item>
    <item>Şu tarihe kadar:</item>
    <item>Birkaç olay için</item>
  </string-array>
  <string-array name="trend_type">
    <item>@string/harcama</item>
    <item>@string/gelir</item>
    <item>Net Gelir</item>
  </string-array>
  <string-array name="trend_criteria">
    <item>Fazla mesai</item>
    <item>Kategoriye Göre</item>
  </string-array>
  <plurals name="cashbook_transaction_count">
    <item quantity="other">%d hareketi</item>
  </plurals>
  <plurals name="budget_days_left">
    <item quantity="other">%d gün kaldı</item>
  </plurals>
  <plurals name="ail_view_photo_title">
    <item quantity="other">%1$s resimler kaldı</item>
  </plurals>
  <plurals name="editbar_selected_count">
    <item quantity="other">%d öğe seçildi</item>
  </plurals>
</resources>
