<?xml version="1.0" encoding="utf-8"?>
<!--Generated by crowdin.net-->
<resources>
  <string name="notice">Figyelmeztetés</string>
  <string name="error">Hiba</string>
  <string name="close">Bezár</string>
  <string name="cancel">Mégsem</string>
  <string name="save">Mentés</string>
  <string name="done">Kész</string>
  <string name="yes">Igen</string>
  <string name="submit">Submit</string>
  <string name="sorry">Elnézést</string>
  <string name="ok">Rendben</string>
  <string name="search">Keresés</string>
  <string name="no">Nem</string>
  <string name="confirm">Jóváhagy</string>
  <string name="today">Ma</string>
  <string name="tomorrow">Holnap</string>
  <string name="yesterday">Tegnap</string>
  <string name="thisweek">Heti</string>
  <string name="nextweek">Jövő heti</string>
  <string name="lastweek">Múlt heti</string>
  <string name="thismonth">E havi</string>
  <string name="nextmonth">Következő hónap</string>
  <string name="lastmonth">Múlt hónap</string>
  <string name="thisquarter">Ezen negyedév</string>
  <string name="nextquarter">Következő negyedév</string>
  <string name="lastquarter">Utolsó negyedév</string>
  <string name="thisyear">Ez évi</string>
  <string name="nextyear">Következő év</string>
  <string name="lastyear">Múlt év</string>
  <string name="quarter_shorten">Q</string>
</resources>
