<?xml version="1.0" encoding="utf-8"?>
<!--Generated by crowdin.net-->
<resources>
  <string name="second">másodperc</string>
  <string name="minute">perc</string>
  <plurals name="days_left">
    <item quantity="one">%d hátralévő nap</item>
    <item quantity="other">%d days left</item>
  </plurals>
  <plurals name="hour_left">
    <item quantity="one">%d hátralévő óra</item>
    <item quantity="other">%d hours left</item>
  </plurals>
  <plurals name="minute_left">
    <item quantity="one">%d hátralévő perc</item>
    <item quantity="other">%d minutes left</item>
  </plurals>
  <plurals name="second_left">
    <item quantity="one">%d hátralévő másodperc</item>
    <item quantity="other">%d seconds left</item>
  </plurals>
</resources>
