<?xml version="1.0" encoding="utf-8"?>
<!--Generated by crowdin.net-->
<resources>
  <string name="AGO">ezelőtt</string>
  <string name="DAY">egy nap</string>
  <string name="DAYS">%1$s nap</string>
  <string name="HOUR">körülbelül egy óra</string>
  <string name="HOURS">%1$s óra</string>
  <string name="MINUTE">körülbelül egy perc alatt</string>
  <string name="MINUTES">%1$s perc</string>
  <string name="MONTH">körülbelül egy hónap</string>
  <string name="MONTHS">%1$s hónap</string>
  <string name="SECONDS">kevesebb mint egy perc</string>
  <string name="SUFFIX_FROM_NOW">Mostantól</string>
  <string name="YEAR">körülbelül egy év</string>
  <string name="YEARS">%1$s év</string>
</resources>
