<?xml version="1.0" encoding="utf-8"?>
<!--Generated by crowdin.net-->
<resources>
  <string name="cate_salary">Fizetés</string>
  <string name="cate_award">Jutalom</string>
  <string name="cate_selling">Értékesítés</string>
  <string name="cate_give">Give</string>
  <string name="cate_interest">Kamat</string>
  <string name="cate_debt">Adósság</string>
  <string name="cate_income_other">Egyéb</string>
  <string name="cate_food">Étel &amp; ital</string>
  <string name="cate_entertainment">Szórakozás</string>
  <string name="cate_travel">Utazás</string>
  <string name="cate_education">Tanulmány</string>
  <string name="cate_transport">Közlekedés</string>
  <string name="cate_friend">Friends &amp; Lover</string>
  <string name="cate_family">Család</string>
  <string name="cate_medical">Orvosi</string>
  <string name="cate_shopping">Vásárlás</string>
  <string name="cate_loan">Hitel</string>
  <string name="cate_invest">Befektetés</string>
  <string name="cate_expense_other">Egyéb</string>
</resources>
