<?xml version="1.0" encoding="utf-8"?>
<!--Generated by crowdin.net-->
<resources>
  <string name="search_over">Over</string>
  <string name="search_under">Under</string>
  <string name="search_time_over">After</string>
  <string name="search_time_under">Before</string>
  <string name="search_between">Között</string>
  <string name="search_exact">Pontos</string>
  <string name="search_remove">Eltávolit</string>
  <string name="search_none">Egyik sem</string>
  <string name="search_all">Mind</string>
  <string name="search_select">Kiválaszt</string>
  <string name="start">Start</string>
  <string name="end">End</string>
  <string name="from">From</string>
  <string name="to">To</string>
  <string-array name="arr_amount">
    <item>Keresés mindenben</item>
    <item>@string/search_over</item>
    <item>@string/search_under</item>
    <item>@string/search_between</item>
    <item>@string/search_exact</item>
  </string-array>
  <string-array name="arr_type">
    <item>Összes</item>
    <item>Bevétel</item>
    <item>Kiadás</item>
  </string-array>
  <string-array name="arr_time">
    <item>@string/search_all</item>
    <item>@string/search_time_over</item>
    <item>@string/search_time_under</item>
    <item>@string/search_between</item>
    <item>@string/search_exact</item>
  </string-array>
</resources>
