<?xml version="1.0" encoding="utf-8"?>
<!--Generated by crowdin.net-->
<resources>
  <string name="settings_group_display">Kijelző</string>
  <string name="settings_group_alarm_title">Emlékeztető</string>
  <string name="settings_group_system">Rendszer</string>
  <string name="settings_group_database">Adatbázis</string>
  <string name="settings_group_about">Körülbelül</string>
  <string name="settings_select_date_format">Dátum formátum kiválasztása</string>
  <string name="settings_set_first_day_week">A hét első napjának beállitása</string>
  <string name="settings_set_first_day_month">A hónap első napjának beállitása</string>
  <string name="settings_enable_pin">Jelszó engedélyezése</string>
  <string name="settings_connect_dropbox">Csatlakozás a Dropboxhoz</string>
  <string name="settings_connect_dropbox_connected">Kapcsolódva</string>
  <string name="settings_select_language">Nyelv kiválasztása</string>
  <string name="settings_alarm">Napi emlékeztető tranzakció hozzáadsához</string>
  <string name="settings_auto_check_update">Automatikus firisstés beállitása</string>
  <string name="settings_show_ail_notification_title">Add-it-later (Hozzáad később) jelzés megjelenitése</string>
  <string name="pref_show_ail_summary">Fénykép készitése emlékeztetőül, hogy a tranzakciót késsőb könyveli</string>
  <string name="settings_about">Money Lover információk</string>
  <string name="settings_changes_log_title">Változások leirása</string>
  <string name="settings_amount_text_display_title">Összeg szöveg megjelenítési stílusa</string>
  <string name="pref_amount_text_decimal_separator_title">decimális szeparátor</string>
  <string name="pref_amount_text_decimal_separator_imperial">1,999.95</string>
  <string name="pref_amount_text_decimal_separator_international">1.999,95</string>
  <string name="pref_amount_text_show_currency_title">Pénznem mutatása</string>
  <string name="pref_amount_text_minus_style_title">Pozitív/negatív stílus</string>
  <string name="pref_amount_text_minus_style_color">Alapértelmezett szín</string>
  <string name="pref_amount_text_minus_style_sign">A +/- jellel</string>
  <string name="pref_amount_text_minus_style_bracket">A () jellel</string>
  <string name="pref_amount_text_shorten_title">Rövidítse le az összeget</string>
  <string name="pref_using_location">Hely használata</string>
  <string name="settings_reset_data">Adatok visszaállítása</string>
  <string name="auto_backup_no">Nincs automatikus biztonsági másolat</string>
  <string name="auto_backup">Automatikus biztonsági mentés</string>
  <string name="auto_backup_every_day">minden nap</string>
  <string name="auto_backup_every_week">Minden héten</string>
  <string name="auto_backup_every_month">Minden hónapban</string>
  <string name="auto_backup_every_year">Minden évben</string>
  <string name="auto_backup_test">2 phút</string>
  <string name="settings_quick_add_notification_title"></string>
  <string-array name="first_day_of_week_display">
    <item>Vasárnap</item>
    <item>Hétfő</item>
    <item>Kedd</item>
    <item>Szerda</item>
    <item>Csütörtök</item>
    <item>Péntek</item>
    <item>Szombat</item>
  </string-array>
  <string-array name="first_day_of_month_display">
    <item>1.</item>
    <item>2.</item>
    <item>3.</item>
    <item>4.</item>
    <item>5.</item>
    <item>6.</item>
    <item>7.</item>
    <item>8.</item>
    <item>9.</item>
    <item>10.</item>
    <item>11.</item>
    <item>12.</item>
    <item>13.</item>
    <item>14.</item>
    <item>15.</item>
    <item>16.</item>
    <item>17.</item>
    <item>18.</item>
    <item>19.</item>
    <item>20.</item>
    <item>21.</item>
    <item>22.</item>
    <item>23.</item>
    <item>24.</item>
    <item>25.</item>
    <item>26.</item>
    <item>27.</item>
    <item>28.</item>
  </string-array>
  <string-array name="alarm_time_display">
    <item>17:00</item>
    <item>18:00</item>
    <item>19:00</item>
    <item>20:00</item>
    <item>21:00</item>
    <item>22:00</item>
    <item>23:00</item>
    <item>Nem riaszt</item>
  </string-array>
  <string-array name="auto_backup_repeat">
    <item>@string/auto_backup_every_day</item>
    <item>@string/auto_backup_every_week</item>
    <item>@string/auto_backup_every_month</item>
    <item>@string/auto_backup_every_year</item>
    <item>@string/auto_backup_no</item>
  </string-array>
</resources>
