<?xml version="1.0" encoding="utf-8"?>
<!--Generated by crowdin.net-->
<resources>
  <string name="wpDifferentCurrency">A választott számlák pénzneme nem azonos. Kivánja cserélni az  öszzeget? Összeg= </string>
  <string name="downloading">Letöltés</string>
  <string name="duplicate">Duplicate</string>
  <string name="wpeditAmount"> Vagy az összeg manuális szerkesztése.</string>
  <string name="wpEmptyContent">Nincs adat megjelenitéshez</string>
  <string name="wpEmptySymbol">: (</string>
  <string name="wpEndDateAfterStartDateError">Záró dátum nem lehet a kezdődátum előtti.</string>
  <string name="wpEnterName">A pénztárca neve?</string>
  <string name="wpEnterPass">Adja meg jelszavát</string>
  <string name="exit">Kilépés</string>
  <string name="wpExpenseColor">Kiadások színe</string>
  <string name="wpFeedBackSubject">[W] visszajelzés</string>
  <string name="format">Formátum</string>
  <string name="For">For</string>
  <string name="wpHeaderColor">Fejléc színe</string>
  <string name="wpHelpUsTranslate">Segíts a fordításban</string>
  <string name="wpIncomeColor">Jövedelem szine</string>
  <string name="wpInsertAccountAlert">Válasszon számlát</string>
  <string name="wpInsertAmountAlert">Kérem adjon meg összeget</string>
  <string name="wpInsertCategoryAlert">Válasszon kategóriát</string>
  <string name="wpInsertCategoryLength">A kategória neve 2 betűnél hosszabb, de 30 betűnél kisebb legyen!</string>
  <string name="wpInsertImageAlert">Válasszon kép ikont</string>
  <string name="wpInsertNameAlert">Adja meg a nevet</string>
  <string name="wpInsertTimeRangeError">Válasszon időtartományt</string>
  <string name="wpInsertTypeAlert">Válasszon kategóriát</string>
  <string name="items">Elemek</string>
  <string name="wpLiveFolderError">Cannot get Money Lover folder on your SkyDrive. Please try again later.</string>
  <string name="wpLocationServiceWarning">LocationServiceWarning</string>
  <string name="wpLocationService">Helymeghatározás</string>
  <string name="wpMessage3">BNS hiba: A művelet le van tiltva</string>
  <string name="Message2">BNS hiba: Az ilyen típusú ÜtemezettUtasitások maximális száma már létezik. </string>
  <string name="wpMessage1">Az alkalmazás háttérfolyamata le van tiltva.</string>
  <string name="wpMessage">Üzenet</string>
  <string name="monday">Hétfő</string>
  <string name="month">Hónap</string>
  <string name="name">Név</string>
  <string name="navigations">Navigations</string>
  <string name="wpDeleteNotify">Szeretné mindet törölni?</string>
  <string name="wpNotify7">[Jelentés]</string>
  <string name="wpNotify6">[Spórolás]</string>
  <string name="wpNotify5">A keretösszeg {0} túllépve.</string>
  <string name="wpNotify4">Figyeljen, mert a keretösszeget {0} hamarosan eléri.</string>
  <string name="wpNotify3_2">The loan {0} is finished.</string>
  <string name="wpNotify3_1">The debt {0} is finished.</string>
  <string name="wpNotify2">Mai nap nem adott tranzakciót. Akar hozzáadni most?</string>
  <string name="wpNotify1">Tippek</string>
  <string name="wpNotify0">Üdvözöljük a Money Lover Windows Phone-os alkalmazásában. Segitségére leszünk pénzügyeinek tervezésében és nyomonkövetésében. Jegyezzen fel mindent és készitsen rendsyeresen jelentéseket. 
Reméljük kedveli alkalmazásunkat!</string>
  <string name="notifications">Értesítések</string>
  <string name="notification">Értesítés</string>
  <string name="wpNoParent">No parent</string>
  <string name="number">Nem. </string>
  <string name="other">Egyéb</string>
  <string name="Over">Over</string>
  <string name="wpOverDue">Lejárt</string>
  <string name="wpOverAmount">The amount you transfer is bigger than total earning! Do you want to edit again?</string>
  <string name="wpPaidHistory">Paid History</string>
  <string name="parent">Parent</string>
  <string name="wpPasswordProtected">Jelszóval védett</string>
  <string name="payment">Fizetés</string>
  <string name="people">People</string>
  <string name="picture">Kép</string>
  <string name="wpPinToStart">Pin to start</string>
  <string name="place">Hely</string>
  <string name="wpPlaceFinder">Hely Kereső</string>
  <string name="quarter">Negyed</string>
  <string name="reason">Ok</string>
  <string name="reload">Újratöltés</string>
  <string name="wpReminderAddTran">Emlékeztető tranzakció hozzáadásához</string>
  <string name="wpRestartNotify">You must restart this app to see the changes.</string>
  <string name="wpRestoreMess">Restore database will replace your current database with selected one. All data will be lost. Are you sure you want to restore database?</string>
  <string name="wpRestoreComplete">The restore completed.</string>
  <string name="restore">Restore</string>
  <string name="running">Running</string>
  <string name="wpSamplePlaceSearch">Name some places</string>
  <string name="wpSelectedCategory">Selected category</string>
  <string name="wpSkydriveLogin">Hi there, before continuing please login to your SkyDrive.</string>
  <string name="sort">Sort</string>
  <string name="wpSpendWith">Spend with</string>
  <string name="start_month">First day of month</string>
  <string name="start_week">First day of week</string>
  <string name="sunday">Sunday</string>
  <string name="sure">Sure</string>
  <string name="wpSyncDone">Sync completed.</string>
  <string name="wpThemeManager">Theme manager</string>
  <string name="wpThisMonth">This month</string>
  <string name="wpThisQuarter">This quarter</string>
  <string name="wpThisWeek">This week</string>
  <string name="wpThisYear">This year</string>
  <string name="time_format">Time Format</string>
  <string name="wpTimeRange">Time range</string>
  <string name="title">Title</string>
  <string name="wpToAcount">To account</string>
  <string name="today">Today</string>
  <string name="tomorrow">Tomorrow</string>
  <string name="tranfer">Tranfer</string>
  <string name="wpTranferFail">Please check the information again! The amount you transfer must be more than 0.</string>
  <string name="wpTranferComplete">Transfer complete!</string>
  <string name="wpTransferFrom">Transfer from:</string>
  <string name="wpTransferMoney">Transfer money</string>
  <string name="wpTranferingException">TranferingException</string>
  <string name="wpTransactionInfo">Transaction info</string>
  <string name="tutorial">Tutorial</string>
  <string name="unfinished">Befejezetlen</string>
  <string name="unit">Egység</string>
  <string name="wpUploadCompleted">A feltöltés befejeződött.</string>
  <string name="uploading">Feltöltés folyamatban</string>
  <string name="wpUploadSkydrive">Feltöltés SkyDrive-ra</string>
  <string name="wpUseCustomColor">Egyéni szín használata</string>
  <string name="used">Használt</string>
  <string name="wpViewMode">Nézet mód</string>
  <string name="wpViewOffice">View in Office</string>
  <string name="week">Week</string>
  <string name="wrong">Rossz</string>
  <string name="wpWrongPass">Helytelen jelszó.</string>
  <string name="year">Év</string>
  <string name="yesterday">Tegnap</string>
  <string name="wpViewTran">Tranzakció megtekintése</string>
  <string name="editDebt">Adósság szerkesztése</string>
  <string name="wpTimeAlreadyOver">Az kiválasztott időpont már elmúlt.</string>
  <string name="account_all">Minden számla</string>
  <string name="about_msg_wp">Earning money and managing it are not the same! Careless and unbudgeted spending are trouble of families worldwide. Money Lover will help you plan and track all of your expenses, record everything and generate the report periodly. It is not a full-featured accounting tool, but it is useful for simple family/personal financial management.</string>
  <string name="clear">Törlés</string>
  <string name="day">Nap</string>
  <string name="interest_rate">Értékelés</string>
  <string name="string_select_all">Az összes kijelölése</string>
  <string name="settings_alarm_group_title">Emlékeztető</string>
  <string name="wpAddAccountFirst">Add a wallet first!</string>
  <string name="wpATM">ATM</string>
  <string name="wpAdd">Add</string>
  <string name="wpBank">Bank</string>
  <string name="wpBackupRestore">Backup &amp; Restore</string>
  <string name="wpBackup">Backup</string>
  <string name="wpCannotEditAccount">Can\'t edit this account.</string>
  <string name="wpCannotEditTransaction">Cannot edit this transaction.</string>
  <string name="wpConfirmBackCategory">We haven\'t saved your category yet, are you sure want to go back?</string>
  <string name="wpConfirmBack">We haven\'t saved your transaction yet, are you sure want to go back?</string>
  <string name="wpConfirmBackBudget">We haven\'t saved your budget yet, are you sure want to go back?</string>
  <string name="wpCustomRange">Custom range</string>
  <string name="wpCustomTimeNullError">The custom time is null. Please choose time range.</string>
  <string name="wpDayLeft">day left</string>
  <string name="wpDaysLeft">days left</string>
  <string name="wpDeleteTransaction">You will lost all data of this transaction. Do you want to continue?</string>
  <string name="wpDeletePin">Do you want to delete pin?</string>
  <string name="wpDeleteBudget">You will lost all data of this budget. Do you want to continue?</string>
  <string name="wpDeleteAcc">You will lost all data of this account. Do you want to continue?</string>
  <string name="wpDeleteCategory">You will lost all data of this category and all transactions in it. Do you want to continue?</string>
  <string name="wpAuto">Auto</string>
  <string name="rate">rate</string>
  <string name="wp_warning_addtran_from_pin_message">Transaction was added successfully. Do you want to return to Wallet screen?</string>
  <string name="navigation_group_policy">Policy</string>
  <string name="wpNotify8">Congratulations, you updated completely. Do you want to know the changes in new version? Please tap to see!</string>
</resources>
