<?xml version="1.0" encoding="utf-8"?>
<!--Generated by crowdin.net-->
<resources>
  <string name="AGO">pre</string>
  <string name="DAY">dan</string>
  <string name="DAYS">%1$s dana</string>
  <string name="HOUR">oko sat vremena</string>
  <string name="HOURS">%1$s časova</string>
  <string name="MINUTE">oko minut</string>
  <string name="MINUTES">%1$s minuta</string>
  <string name="MONTH">oko mesec dana</string>
  <string name="MONTHS">%1$s meseci</string>
  <string name="SECONDS">manje od minuta</string>
  <string name="SUFFIX_FROM_NOW">od sada</string>
  <string name="YEAR">oko godinu dana</string>
  <string name="YEARS">%1$s godina</string>
</resources>
