<?xml version="1.0" encoding="utf-8"?>
<!--Generated by crowdin.net-->
<resources>
  <string name="notice">Napomena</string>
  <string name="error">Greška</string>
  <string name="close">Zatvori</string>
  <string name="cancel">Otkaži</string>
  <string name="save">Sačuvaj</string>
  <string name="done">Gotovo</string>
  <string name="yes">Da</string>
  <string name="submit">Podneti</string>
  <string name="sorry">Izvinite</string>
  <string name="ok">OK</string>
  <string name="search">Pretraga</string>
  <string name="no">Ne</string>
  <string name="confirm">Potvrdi</string>
  <string name="today">Danas</string>
  <string name="tomorrow">Sutra</string>
  <string name="yesterday">Juče</string>
  <string name="thisweek">Ove nedelje</string>
  <string name="nextweek">Sledeće nedelje</string>
  <string name="lastweek">Prošle nedelje</string>
  <string name="thismonth">Ovog meseca</string>
  <string name="nextmonth">Sledećeg meseca</string>
  <string name="lastmonth">Prošlog meseca</string>
  <string name="thisquarter">Ovog kvartala</string>
  <string name="nextquarter">Sledećeg kvartala</string>
  <string name="lastquarter">Prošlog kvartala</string>
  <string name="thisyear">Ove godine</string>
  <string name="nextyear">Sledeće godine</string>
  <string name="lastyear">Prošle godine</string>
  <string name="quarter_shorten">Q</string>
</resources>
