<?xml version="1.0" encoding="utf-8"?>
<!--Generated by crowdin.net-->
<resources>
  <string name="second">sekund</string>
  <string name="minute">minut</string>
  <plurals name="days_left">
    <item quantity="one">%d dan ostao</item>
    <item quantity="few">%d dana ostalo</item>
    <item quantity="many">%d dana ostalo</item>
    <item quantity="other">%d dana ostalo</item>
  </plurals>
  <plurals name="hour_left">
    <item quantity="one">%d čas ostao</item>
    <item quantity="few">%d časova ostalo</item>
    <item quantity="many">%d časova ostalo</item>
    <item quantity="other">%d časova ostalo</item>
  </plurals>
  <plurals name="minute_left">
    <item quantity="one">%d minut ostao</item>
    <item quantity="few">%d minuta ostalo</item>
    <item quantity="many">%d minuta ostalo</item>
    <item quantity="other">%d minuta ostalo</item>
  </plurals>
  <plurals name="second_left">
    <item quantity="one">%d sekundi ostalo</item>
    <item quantity="few">%d sekundi ostalo</item>
    <item quantity="many">%d sekundi ostalo</item>
    <item quantity="other">%d sekundi ostalo</item>
  </plurals>
</resources>
