<?xml version="1.0" encoding="utf-8"?>
<!--Generated by crowdin.net-->
<resources>
  <string name="search_over">Preko</string>
  <string name="search_under">Ispod</string>
  <string name="search_time_over">Posle</string>
  <string name="search_time_under">Pre</string>
  <string name="search_between">Između</string>
  <string name="search_exact">Tačno</string>
  <string name="search_remove">Ukloni</string>
  <string name="search_none">Ništa</string>
  <string name="search_all">Sve</string>
  <string name="search_select">Izaberi</string>
  <string name="start">Početak</string>
  <string name="end">Kraj</string>
  <string name="from">Od</string>
  <string name="to">do</string>
  <string-array name="arr_amount">
    <item>@string/search_all</item>
    <item>@string/search_over</item>
    <item>@string/search_under</item>
    <item>@string/search_between</item>
    <item>@string/search_exact</item>
  </string-array>
  <string-array name="arr_type">
    <item>Sve</item>
    <item>Prihod</item>
    <item>Trošak</item>
  </string-array>
  <string-array name="arr_time">
    <item>@string/search_all</item>
    <item>@string/search_time_over</item>
    <item>@string/search_time_under</item>
    <item>@string/search_between</item>
    <item>@string/search_exact</item>
  </string-array>
</resources>
