<?xml version="1.0" encoding="utf-8"?>
<!--Generated by crowdin.net-->
<resources>
  <string name="notification_message_take_photo_title">Klik za dodavanje transakcije sa &lt;b&gt;Add-it-later&lt;/b&gt; slike</string>
  <string name="notification_message_daily_alarm_title">Kliknite da dodate transakciju za &lt;b&gt;%1$s&lt;/b&gt;</string>
  <string name="notification_message_monthly_remind">Mesečni izveštaj za &lt;b&gt;%1$s&lt;/b&gt;</string>
  <string name="notification_message_no_expense_today">Nemate transakcija danas?</string>
  <string name="notification_message_remind_debt">Još uvek dugujete &lt;b&gt;%1$s&lt;/b&gt; %2$s , ažurirati sada?</string>
  <string name="notification_message_remind_loan">&lt;b&gt;%1$s&lt;/b&gt; vam i dalje duguje %2$s, ažurirati sada?</string>
  <string name="budget_notification_budget_warning_title">Budžet dostignut %1$s%%</string>
  <string name="budget_notification_budget_warning_category_text">%1$s ostalo za &lt;b&gt;%2$s&lt;/b&gt;</string>
  <string name="budget_notification_budget_warning_account_text">%1$s ostalo za &lt;b&gt;%2$s&lt;/b&gt;</string>
  <string name="budget_notification_budget_100percent_category_text">u &lt;b&gt;%1$s&lt;/b&gt;</string>
  <string name="budget_notification_budget_100percent_account_text">u &lt;b&gt;%1$s&lt;/b&gt;</string>
  <string name="budget_notification_budget_exceeded_title">Prekoračeno %1$s</string>
  <string name="budget_notification_budget_exceeded_category_text">u &lt;b&gt;%1$s&lt;/b&gt;</string>
  <string name="budget_notification_budget_exceeded_account_text">u &lt;b&gt;%1$s&lt;/b&gt;</string>
  <string name="ail_notification_title">Kliknite da slikate</string>
  <string name="ail_notification_text">da dodate transakciju kasnije</string>
  <string name="ail_notification_cancel_message">Možete ponovo videti ovo obaveštenje u Podešavanjima</string>
  <string name="notification_monthly_alarm_title">Kliknite da vidite izveštaj za</string>
  <string name="notification_monthly_alarm_text">%1$s</string>
  <string name="notification_message_auto_backup">Pogledajte rezervnu kopiju od &lt;b&gt;%1$s&lt;/b&gt;</string>
  <string name="notification_message_repeat_transaction">Nova transakcija je dodata &lt;b&gt;%1$s&lt;/b&gt;</string>
</resources>
