<?xml version="1.0" encoding="utf-8"?>
<!--Generated by crowdin.net-->
<resources>
  <string name="account">Novčanik</string>
  <string name="amount">Iznos</string>
  <string name="budget">Budžet</string>
  <string name="event_title">Događaj</string>
  <string name="category">Kategorija</string>
  <string name="earned_from">Prihod od</string>
  <string name="end_date">datum završetka</string>
  <string name="expense">Trošak</string>
  <string name="goto_today">Idi na današnji dan</string>
  <string name="goto_thismonth">Idi na tekući mesec</string>
  <string name="income">Prihod</string>
  <string name="migrate">Prebaci</string>
  <string name="select_category">Izaberi kategoriju</string>
  <string name="spent_on">Potrošeno na</string>
  <string name="start_date">Početni datum</string>
  <string name="time">Vreme</string>
  <string name="time_range">%1$s - %2$s</string>
  <string name="loading_more">Učitaj više…</string>
  <string name="goal">Cilj</string>
  <string name="edit">Izmeni</string>
  <string name="saved">Sačuvano</string>
  <string name="search_go">Kreni</string>
  <string name="buy_app">Kupi Premium</string>
  <string name="undobar_message">%1$s je obrisana</string>
  <string name="backup_share">Deli</string>
  <string name="version">Verzija %1$s</string>
  <string name="loading">Učitavanje…</string>
  <string name="total">Ukupno</string>
  <string name="splashscreen_create_account">Napravi prvi račun</string>
  <string name="splash_screen_use_cloud">Koristi cloud (Uskoro)</string>
  <string name="splash_screen_use_cloud_info">Sinhronizacija i deljenje na više uređaja</string>
  <string name="splash_screen_use_right_away">Samo na ovom uređaju</string>
  <string name="splash_screen_use_right_away_info">Pravi način!</string>
  <string name="welcome_message_title">Kako želite da koristite aplikaciju?</string>
  <string name="welcome_message">Uvek kasnije možete ovo da promenite</string>
  <string name="login_hint_email">Email</string>
  <string name="login_hint_password">Šifra</string>
  <string name="login_facebook">Prijava preko Facebook naloga</string>
  <string name="login_money_lover">Prijava preko Money Lover naloga</string>
  <string name="login_title">Prijavi se</string>
  <string name="register_title">Registracija</string>
  <string name="register_register">Registracija</string>
  <string name="cashbook_earning">Prihod</string>
  <string name="cashbook_spending">Troškovi</string>
  <string name="cashbook_all_transactions">Sve transakcije</string>
  <string name="cashbook_delete_transaction_message">Želite da obrišete transakciju?</string>
  <string name="cashbook_left">%1$s ostalo</string>
  <string name="cashbook_no_data_guide">Kliknite na dugme %1$s ispod da dodate</string>
  <string name="cashbook_no_data_swipe_down">Prevucite na dole i</string>
  <string name="cashbook_no_data_faq_tip">Suviše teško za korišćenje? Kliknite na %1$s da nađete pomoć</string>
  <string name="cashbook_no_data_earning">Nema prihoda</string>
  <string name="cashbook_no_data_spending">Nema troškova</string>
  <string name="cashbook_no_data">Nema transakcija</string>
  <string name="cashbook_selected_account_not_existed">Izabran je nepostojeći račun, bićete prebačeni na podrazumevani račun.</string>
  <string name="cashbook_contentdescription_help_support">Pomoć &amp; Podrška</string>
  <string name="cashbook_contentdescription_select_time_range_to_view">Izaberite pregled</string>
  <string name="cashbook_contentdescription_delete_transaction">Izbriši transakciju</string>
  <string name="cashbook_contentdescription_sort_transaction">Sortiraj transakcije</string>
  <string name="cashbook_contentdescription_search_transaction">Pretraži transakcije</string>
  <string name="cashbook_contentdescription_viewmode_transaction">Pregled po transakcijama</string>
  <string name="cashbook_contentdescription_viewmode_category">Pregled po kategorijama</string>
  <string name="cashbook_contentdescription_transfer_money">Prebaci novac</string>
  <string name="with_person">sa %1$s</string>
  <string name="with_two_person">sa %1$s &amp; %2$s</string>
  <string name="with_many_person">sa %1$s &amp; %2$s drugim osobama</string>
  <string name="press_back_one_more_time_to_exit">Ponovo pritisni taster Nazad za izlaz</string>
  <string name="paid">Izmireno</string>
  <string name="cashbook_cashback_info">prema %1$s</string>
  <string name="add_transaction_amount_friendly_title">Koliko?</string>
  <string name="add_transaction_title_add">Dodaj transakciju</string>
  <string name="add_transaction_title_edit">Izmeni transakciju</string>
  <string name="add_transaction_title_view">Detalji transakcije</string>
  <string name="add_transaction_note_title_normal">Napomena</string>
  <string name="add_transaction_note_hint">Prazno</string>
  <string name="add_transaction_cancel_adding">Odbaci ovu transakciju</string>
  <string name="add_transaction_discard_edit">Odbaci izmene u ovoj transakciji</string>
  <string name="add_transaction_account_alert_currency_change">Valuta unetog iznosa će biti promenjena iz %1$s u %2$s. Želite da nastavite?</string>
  <string name="add_transaction_account_alert_currency_change_start">Valuta unetog iznosa će biti promenjena iz</string>
  <string name="add_transaction_account_alert_currency_change_middle">u</string>
  <string name="add_transaction_account_alert_currency_change_end">Želite da nastavite?</string>
  <string name="add_transaction_add_success">Transakcija uspešno dodata!</string>
  <string name="add_transaction_category_hint">Izaberite jednu</string>
  <string name="add_transaction_with_title">Sa?</string>
  <string name="add_transaction_with_hint">npr. Petar Petrović, Ivana Ivanović…</string>
  <string name="add_transaction_reminder_empty">Bez podsetnika</string>
  <string name="add_transaction_subtransaction_title">Izmireno</string>
  <string name="add_transaction_timecreated_title">Datum</string>
  <string name="add_transaction_reminder_title">Podsetnik</string>
  <string name="add_transaction_error_amount">Morate uneti iznos</string>
  <string name="add_transaction_error_category">Morate izabrati kategoriju rashoda/prihoda</string>
  <string name="debtor">Dužnik</string>
  <string name="lender">Zajmodavac</string>
  <string name="for_reason">Za %1$s</string>
  <string name="someone">neko</string>
  <string name="someone_hint">Neko</string>
  <string name="add_transaction_note_spend_from_saving">Potrošeno iz plana štednje %1$s</string>
  <string name="add_transaction_no_category_found">Nema poklapanja</string>
  <string name="warning_big_amount_message">Iznos ove transakcije se čini preveliki. Da li ste sigurni da je tačan?</string>
  <string name="warning_big_amount_dont_show_again">Ne prikazuj ponovo</string>
  <string name="im_wrong">Pogrešio sam</string>
  <string name="add_note">Stavi napomenu</string>
  <string name="set_reminder_remove_reminder">Isključi</string>
  <string name="convert_currency_title_dialog">Unesi drugu valutu</string>
  <string name="convert_currency_message_convert_complete">Konvertuj u</string>
  <string name="convert_currency_message_convert_error">Greška u konverziji</string>
  <string name="convert_currency_message_converting">Konvertujem…</string>
  <string name="edit_transaction_confirm_change_category_for_debtloan">Da li ste sigurni da želite da promenite kategoriju? Izbrisaće se sve vezane transakcije.</string>
  <string name="edit_transaction_mark_remove">Biće izbrisana</string>
  <string name="edit_transaction_mark_remove_message">Sve pod-transakcije ove transakcije će biti izbrisane</string>
  <string name="delete_sub_transaction">Obriši ovu transakciju</string>
  <string name="sub_transaction_title">Istorija povraćaja</string>
  <string name="quick_add_transaction_dialog_title">Nova transakcija</string>
  <string name="quick_add_notification_ticker">Spreman za novu transakciju</string>
  <string name="quick_add_transaction_title">Dodaj u %1$s</string>
  <string name="quick_add_transaction_notification_text">Dodirni da odeš u račun</string>
  <string name="add_account_title_add">Dodaj račun</string>
  <string name="add_account_title_edit">Izmeni račun</string>
  <string name="add_account_name_title">Ime</string>
  <string name="add_account_currency_title">Valuta</string>
  <string name="add_account_start_balance_title">Početno stanje</string>
  <string name="add_account_error_accountname_exists">Ime računa već postoji.</string>
  <string name="add_account_error_accountname_length_invalid">Ime računa mora biti između %1$s i %2$s karaktera.</string>
  <string name="add_account_discard_changed">Želite da odbacite promene napravljene na ovom računu?</string>
  <string name="add_account_note_for_initial_balance">Početno stanje</string>
  <string name="add_account_shortcut_title">Napravi prečicu na početnom ekranu</string>
  <string name="add_account_shortcut_success">Prečica napravljena</string>
  <string name="account_manager_title">Menadžer računa</string>
  <string name="account_manager_confirm_delete_account">Želite da izbrišete račun %1$s?</string>
  <string name="time_picker_dialog_title">Izaberite vreme</string>
  <string name="navigation_cashbook">Transakcije</string>
  <string name="navigation_budget">Budžeti</string>
  <string name="navigation_campaign">Štednja</string>
  <string name="navigation_event">Događaji</string>
  <string name="navigation_category_manager">Kategorije</string>
  <string name="navigation_statistic">Statistika</string>
  <string name="navigation_settings">Podešavanja</string>
  <string name="navigation_feedback">Povratne informacije</string>
  <string name="navigation_debt_manager">Dugovi</string>
  <string name="navigation_tools">Alati</string>
  <string name="navigation_about">O aplikaciji</string>
  <string name="navigation_sync">Sinhronizacija</string>
  <string name="navigation_logout">Odjava</string>
  <string name="navigation_login">Cloud</string>
  <string name="navigation_database">Baza podataka</string>
  <string name="navigation_copyright">© 2013 ZooStudio. Sva prava zadržana.</string>
  <string name="tools_interest_rate">Kamata</string>
  <string name="tools_export_csv">Izvoz u CSV</string>
  <string name="tools_export_excel">Izvoz u Excel</string>
  <string name="tools_tip_calculator">Kalkulator bakšiša</string>
  <string name="tools_find_atm">Pronađi bankomat</string>
  <string name="tools_find_bank">Pronađi banku</string>
  <string name="tools_install_app">Instalacija</string>
  <string name="tools_install_app_message">Želite da instalirate &lt;b&gt;%1$s&lt;/b&gt; iz Google Play prodavnice?</string>
  <string name="statistic_monthly_report">Mesečni izveštaj</string>
  <string name="bank_finder">Pronađi banku</string>
  <string name="bank_finder_hint">e.g. Intesa, Raiffeisen…</string>
  <string name="bank_finder_input_bank_name">Unesite ime banke</string>
  <string name="open_file">Otvori datoteku</string>
  <string name="export_fail">Izvinite, desila se greška prilikom izvoza i nije moguće nastaviti</string>
  <string name="export_success">Uspešno izvezeno</string>
  <string name="select_account">Izaberite račun</string>
  <string name="export_csv">Izvoz u CSV</string>
  <string name="export_excel">Izvoz u EXCEL</string>
  <string name="attach_to_email">Ubaci u email</string>
  <string name="delimiter">Znak decimale</string>
  <string name="atm_finder">Pronađi bankomat</string>
  <string name="change">Promeni</string>
  <string name="send_mail">Pošalji email</string>
  <string name="contact_me">Kontaktirajte nas</string>
  <string name="about_thanks">&lt;b&gt;Posebno hvala&lt;/b&gt;&lt;br /&gt;
        Andreas Krings, Jake Wharton, Jeremy Feinstein, Roman Nurik, Simon Vig Therkildsen, Soarcn, Tjerk
        Wolterink na njihovim odličnim bibliotekama.&lt;br /&gt;
        Brankic1979 i Nick Frost na njihovim prelepim ikonicama.&lt;br /&gt;
        i svim volonterima na pomoći oko prevoda Money Lover na druge jezike.</string>
  <string name="about_developed">by ZooStudio</string>
  <string name="about_view_profile_facebook">Posetite naš profil</string>
  <string name="budget_overspent">Prekoračeno</string>
  <string name="budget_finished">Završeno</string>
  <string name="budget_spent">Potrošeno</string>
  <string name="budget_all_category">Sve kategorije</string>
  <string name="create_budget_title_add">Dodaj budžet</string>
  <string name="create_budget_title_edit">Izmeni budžet</string>
  <string name="create_budget_create_for">Odredi za</string>
  <string name="create_budget_time_range">Trajanje</string>
  <string name="budget_detail_delete_confirm_message">Želite da izbrišete ovaj budžet?</string>
  <string name="create_budget_message_select_day_error">Datum završetka mora biti posle početka</string>
  <string name="create_budget_message_duplicate_DB">Budžet je već napravljen, želite da ga zamenite novim?</string>
  <string name="create_budget_message_warning_enter_amount">Iznos budžeta manji od 0!</string>
  <string name="create_budget_message_error_category">Morate izabrati kategoriju</string>
  <string name="create_budget_message_error_time">Morate izabrati period za budžet</string>
  <string name="budget_overview_monthly">Mesečni budžet</string>
  <string name="budget_overview_custom">Prilagođeni budžeti</string>
  <string name="budget_overview_no_data_guide">Dodirnite %1$s dugme iznad da dodate novi budžet</string>
  <string name="budget_detail_category">%1$s budžet</string>
  <string name="budget_detail_account_detail_emptyview_message">Dodirnite da dodate budžet</string>
  <string name="budget_detail_list_transactions_title">Lista transakcija</string>
  <string name="clear_template">Očisti šablon</string>
  <string name="budget_template">Šablon</string>
  <string name="dialog_enter_amount_title">Unesi iznos</string>
  <string name="security_pin_title_create">Postavi lozinku</string>
  <string name="security_pin_title_confirm">Potvrdi lozinku</string>
  <string name="security_pin_title_open">Unesi lozinku</string>
  <string name="security_pin_message_remove">da isključiš lozinku</string>
  <string name="security_pin_title_wrong_password">Pogrešna lozinka!</string>
  <string name="security_pin_message_try_again">pokušaj ponovo</string>
  <string name="is_latest_version">Trenutna verzija je ažurna.</string>
  <string name="update">Ažuriranje</string>
  <string name="has_new_version">Postoji nova verzija, molimo ažurirajte!</string>
  <string name="no_internet">Nema internet konekcije. Pokušajte ponovo!</string>
  <string name="check_update">Ažuriranje</string>
  <string name="thanks_feedback">Hvala na povratnim informacijama.</string>
  <string name="add_sub_transaction_input_more_than_left">Uneti iznos je veći od neplaćenog iznosa</string>
  <string name="warning">Upozorenje</string>
  <string name="process">Obrada…</string>
  <string name="error_no_google_map">Molimo instalirajte Google Maps</string>
  <string name="set">Podesi</string>
  <string name="category_manager_title">Menadžer kategorija</string>
  <string name="category_manager_notice_cannot_edit_default_category">Specijalna kategorija se ne može menjati</string>
  <string name="category_manager_confirm_delete_category">Želite da izbrišete kategoriju %1$s? Sve transakcije koje pripadaju ovoj kategoriji će isto biti izbrisane.</string>
  <string name="category_manager_delete_success_message">Kategorija %1$s je obrisana</string>
  <string name="create_category_title">Nova kategorija</string>
  <string name="edit_category_title">Izmeni kategoriju</string>
  <string name="create_category_name_title">Ime</string>
  <string name="create_category_select_icon_title">Ikonica</string>
  <string name="create_category_default_parent_category">I\'m parent</string>
  <string name="create_category_parent_category">Parent category</string>
  <string name="create_category_hint_name_review">Category Name</string>
  <string name="create_category_message_duplicate_DB">This category already existed</string>
  <string name="create_category_select_type_error">You must choose category type</string>
  <string name="create_category_input_name_error">Let\'s input your category\'s name</string>
  <string name="create_category_select_icon_error">Don\'t forget icon for category</string>
  <string name="select_parent_category_title">Select parent category</string>
  <string name="message_transfer_successful">Transfer successful!</string>
  <string name="title_dialog_transfer">From %1$s</string>
  <string name="back">Back</string>
  <string name="message_currency_error">Do you want to change from %1$s to %2$s?</string>
  <string name="note_income_transfer">Received from %1$s</string>
  <string name="message_amount_zero">Transfer amount should bigger than 0</string>
  <string name="default_note_transfer">Transferred to %1$s</string>
  <string name="monthly_report_start_balance">Start Balance</string>
  <string name="monthly_report_this_month_balance">Net Income</string>
  <string name="monthly_report_end_balance">End Balance</string>
  <string name="monthly_report_compare_to_previous_month">Monthly comparison</string>
  <string name="monthly_report_largest_expense">Biggest expense</string>
  <string name="monthly_report_expense_by_category">Expenses by category</string>
  <string name="monthly_report_nodata">No report for this month</string>
  <string name="monthly_report_nodata_guide">Monthly reports will be displayed automatically after a new month started</string>
  <string name="search_result">Search Result</string>
  <string name="type">Type</string>
  <string name="with">With</string>
  <string name="select_time">Select Time</string>
  <string name="notification_center_message_empty_notification">No notifications</string>
  <string name="notification_center_title">Notification center</string>
  <string name="notification_center_delete_read_notifications">Delete read messages</string>
  <string name="notification_center_mark_all_as_read">Mark all as read</string>
  <string name="debt_manager_title">Debts</string>
  <string name="debt_wallet">Payable</string>
  <string name="loan_wallet">Receivable</string>
  <string name="now">Unpaid</string>
  <string name="past">Paid</string>
  <string name="note_transaction_saving">Withdraw from saving %1$s</string>
  <string name="saving_overview_title">Savings</string>
  <string name="saving_overview_deposit">Deposit</string>
  <string name="saving_overview_need">Need</string>
  <string name="saving_overview_spend">Spend</string>
  <string name="saving_overview_withdraw">Withdraw</string>
  <string name="saving_deposit">Deposit to saving plan %1$s</string>
  <string name="saving_withdraw_default_note">Withdraw from saving plan %1$s</string>
  <string name="saving_overview_no_data_guide">Tap the %1$s button above to add new saving plan</string>
  <string name="saving_menu_deposit">Deposit</string>
  <string name="saving_menu_withdraw">Withdraw</string>
  <string name="saving_menu_spendon">Spend on…</string>
  <string name="saving_add_title">Add saving</string>
  <string name="saving_edit_title">Edit saving</string>
  <string name="saving_add_name_title">Ime</string>
  <string name="saving_add_start_amount">Početni iznos</string>
  <string name="saving_add_success">Created new saving campaign</string>
  <string name="saving_add_error_goal_amount">You must input goal amount!</string>
  <string name="saving_add_error_name">You must input name saving campaign!</string>
  <string name="saving_add_error_icon">You must choose icon!</string>
  <string name="saving_add_cancel_adding">Do you want to dismiss this saving?</string>
  <string name="saving_add_discard_edit">Do you want to discard changes to this saving?</string>
  <string name="dialog_select_event_remove">Clear event</string>
  <string name="event_add_title">Add event</string>
  <string name="event_edit_title">Edit event</string>
  <string name="event_input_name_error">Let\'s input your event\'s name</string>
  <string name="event_select_icon_error">Don\'t forget icon for event</string>
  <string name="event_overview_view_transactions">Transactions</string>
  <string name="event_overview_deposit">Deposit</string>
  <string name="event_overview_withdraw">Withdraw</string>
  <string name="event_overview_deposited">Deposited</string>
  <string name="event_overview_finish">Finish</string>
  <string name="event_overview_no_data_guide">Tap the %1$s button above to add new event plan</string>
  <string name="event_menu_mark_as_finished">Mark as finished</string>
  <string name="event_menu_mark_as_unfinish">Mark as unfinished</string>
  <string name="interest_rate_title">Interest rate</string>
  <string name="interest_rate">Rate</string>
  <string name="time_from">During time</string>
  <string name="select_type_interest">Type interest</string>
  <string name="date_to_invalid">Date to must after date from </string>
  <string name="amount_empty">Please enter amount value</string>
  <string name="time_mode_interest">Time mode</string>
  <string name="rate_empty">Please enter rate value</string>
  <string name="time_empty">Please choose time value</string>
  <string name="interest">Interest amount</string>
  <string name="number_of_period">Number of periods</string>
  <string name="total_amount">Total amount</string>
  <string name="interest_result">Result</string>
  <string name="total_people">with %d people</string>
  <string name="percent_tip">tip %1$s%%</string>
  <string name="total_pay">Total pay</string>
  <string name="total_tip">Total tip</string>
  <string name="total_tip_person">Total tip person</string>
  <string name="total_per_person">Amount per person</string>
  <string name="note_it">Note it</string>
  <string name="no_tip">no tip</string>
  <string name="more_people">Number People</string>
  <string name="more_tip">Percent Tip</string>
  <string name="calculate">Calculate</string>
  <string name="change_review">%1$s%% is better, &lt;b&gt;change?&lt;/b&gt;</string>
  <string name="empty_amount">Amount is empty</string>
  <string name="inapp_purchase">Premium options</string>
  <string name="message_purchase_error">Purchase error</string>
  <string name="message_purchase_success">Purchase successfully. Restart application to apply changes.</string>
  <string name="purchase_bought">You bought this</string>
  <string name="reset_app_to_change">Restart application to apply changes</string>
  <string name="purchase_buy_all_title">Go Premium</string>
  <string name="purchase_buy_all_text">Have more than one wallet, budget plan, saving plan, event plan.\nNo more advertisement!</string>
  <string name="purchase_buy_ads_title">Remove ads</string>
  <string name="purchase_buy_ads_text">Enjoy the basic Money Lover with no more advertisement!</string>
  <string name="purchase_input_premium_code_text">If you have license code or promote code</string>
  <string name="purchase_notice_buy_features">Free version can add one budget, one saving, one event only, and cannot use all features. Please go premium to create unlimited budgets, savings, events and access to all features</string>
  <string name="premium_code">Enter code</string>
  <string name="license_code_not_correct">License code is not correct</string>
  <string name="license_code_success">License code is valid. You\'re now be able to access all features in %1$s</string>
  <string name="widget_select_account_empty">You need a wallet before creating widget</string>
  <string name="widget_simple_light_name">Simple widget light</string>
  <string name="widget_select_account_title">Select wallet</string>
  <string name="ail_message_empty_image">No photos left</string>
  <string name="ail_guide_1">You take a photo of something</string>
  <string name="ail_guide_2">So you can add transaction about it later</string>
  <string name="migrate_dialog_message">Money Lover is going to transfer your data from old version to new one. Do you want to continue?</string>
  <string name="migrate_dialog_notice">Notice</string>
  <string name="migrate_dialog_disabled_function">In this version, billing feature was disabled temporary although your bill data still will be transferred.</string>
  <string name="migrate_dialog_cancel_message">If you change your mind later, you still can select migrate in %1$s. But all your new data from now on to that moment will lose permanently.</string>
  <string name="migrate_processing_transfer_currencies">Transferring currencies</string>
  <string name="migrate_processing_transfer_accounts">Transferring and converting old accounts into wallets</string>
  <string name="migrate_processing_transfer_master_categories">Transferring master categories</string>
  <string name="migrate_processing_transfer_categories">Transferring categories</string>
  <string name="migrate_processing_transfer_transactions">Transferring transactions</string>
  <string name="migrate_processing_transfer_tagged_people">Transferring tagged people</string>
  <string name="migrate_processing_transfer_sub_transactions">Transferring sub transactions</string>
  <string name="migrate_processing_transfer_interests">Transferring interests</string>
  <string name="migrate_processing_transfer_bills">Transferring bills</string>
  <string name="migrate_processing_transfer_budgets">Transferring budgets</string>
  <string name="migrate_processing_transfer_campaigns">Transferring campaigns</string>
  <string name="restore_title">Restore data</string>
  <string name="restore_message_successful">Import successfully!</string>
  <string name="restore_message_error">An error has occurred when importing data</string>
  <string name="restore_loading_file_from_dropbox">Loading file from Dropbox…</string>
  <string name="restore_connect_dropbox">Connect with Dropbox</string>
  <string name="restore_message">Select one file below to restore data from</string>
  <string name="restore_message_edit">Select file to delete</string>
  <string name="restore_empty_file">No files</string>
  <string name="restore_disconnect_dropbox">Unlink Dropbox</string>
  <string name="restore_disconnect_dropbox_confirm">Do you really want to unlink Dropbox?</string>
  <string name="backup_title">Backup data</string>
  <string name="backup_file_name">Backup to file</string>
  <string name="backup_notice_about_file_ext">From this version, we use the new file extension &lt;b&gt;.mlx&lt;/b&gt; , but you still can import both .money and .mlx file into %1$s</string>
  <string name="backup_success_message">Backup successfully</string>
  <string name="backup_fail_message">Backup failed</string>
  <string name="navigation_group_support">Support</string>
  <string name="navigation_group_setting">Setting</string>
  <string name="navigation_group_plans">Planning</string>
  <string name="navigation_group_others">Others</string>
  <string name="navigation_group_tools">Tools</string>
  <string name="widget_account_was_deleted">Wallet was deleted</string>
  <string name="tools_install_go_to_playstore">Go to Play Store</string>
  <string name="tools_shopping_lover_intro">This application is built on the habits of shoppers. It increases the efficiency and speed of your shopping experience, and also prevents any unnecessary mistakes.</string>
  <string name="tools_exchanger_intro">Exchanger is a simple way to convert currency in mobile.&lt;br /&gt;
		- Nice design with flat design&lt;br /&gt;
		- 100+ world currencies&lt;br /&gt;
		- Convert multi-currencies in one time&lt;br /&gt;
		- Offline mode (do not need network).</string>
  <string name="rate_app_dont_show_again">Don\'t show Rate App notification again</string>
  <string name="rate_app_dont_show_again_short">Don\'t show again</string>
  <string name="rate_app_config_title">Rate app setting</string>
  <string name="delete">Delete</string>
  <string name="restore_delete_message">Do you want to delete these files permanently?</string>
  <string name="restore_message_confirm">Do you want to restore data from file %1$s? All your current data will be deleted!</string>
  <string name="restore_autobackup_fail">Auto backup failed. Restore process cannot continue.</string>
  <string name="deleting">Deleting…</string>
  <string name="purchase_error_unknown">An unknown error has appeared.</string>
  <string name="purchase_please_wait_until_data_is_loaded">Please wait until data is loaded.</string>
  <string name="announce_update_lost_data_message">&lt;p&gt;We are upgrading Money Lover into new version and migrating your data from the old one to the new one. During the process, you may experience some losses of data, sometimes, unfortunately, all of them. &lt;/p&gt;&lt;p&gt;&lt;b&gt;Technically, your data is still there as we will not delete them if the migrate process goes wrong.&lt;/b&gt;&lt;/p&gt;&lt;p&gt; If you find yourself into this situation, please contact us and we will help you find your data back.&lt;/p&gt;</string>
  <string name="announce_update_lost_data_message_title">About losing data after update</string>
  <string name="cannot_find_my_language">More languages?</string>
  <string name="feedback_language_text">Hello,\nI would like to translate the following languages:\n</string>
  <string name="feedback_language_subject">[LANG] FEEDBACK FOR LANGUAGE</string>
  <string name="message_more_languages">We\'re working on translating new version of Money Lover into other languages but this process can take a while, so we really need help from our users to speed it up.</string>
  <string name="message_more_languages_help">Please help us if you can translate from English to other languages. You can contact us for further information.</string>
  <string name="languagehelp_ok">Yes, I\'ll help!</string>
  <string name="languagehelp_cancel">No, maybe later :(</string>
  <string name="languagehelp_title">Help Translation</string>
  <string name="changes_log_title">Changelogs</string>
  <string name="restore_menu_show_auto_backup">Show auto backup files</string>
  <string name="restore_menu_hide_auto_backup">Hide auto backup files</string>
  <string name="restore_menu_edit">Select files</string>
  <string name="title_view_web">Web Display</string>
  <string name="title_notification_web">Connecting web client</string>
  <string name="turn_on_web">Turn on server</string>
  <string name="turn_off_web">Turn off server</string>
  <string name="tab_to_turn_off_web">Tap to turn off web</string>
  <string name="budget_detail_error_budget_not_exists">This budget no longer exist</string>
  <string name="new_expense_category">New expense category</string>
  <string name="new_income_category">New income category</string>
  <string name="turn_on_wifi">Turn on wifi first</string>
  <string name="server_off">Server off</string>
  <string name="access_link">%1$s</string>
  <string name="previous_web">Previous</string>
  <string name="next_web">Next</string>
  <string name="webdisplay_status_title">Status</string>
  <string name="webdisplay_menu_help">Help</string>
  <string name="webdisplay_menu_advance">Advanced options</string>
  <string name="add_web">Add</string>
  <string name="cashback_loan_info">from %1$s</string>
  <string name="webdisplay_turning_on">Turning on…</string>
  <string name="webdisplay_turned_on">Turn off</string>
  <string name="webdisplay_turning_off">Turning off…</string>
  <string name="webdisplay_turned_off">Turn on</string>
  <string name="set_as_start_date">Set as start date</string>
  <string name="set_as_end_date">Set as end date</string>
  <string name="webdisplay_warning_port_over">Port must have range from %1$s to %2$s</string>
  <string name="webdisplay_warning_port_web">This port is duplicated with %1$s</string>
  <string name="webdisplay_will_change_port">Port will be changed after turning on service again.</string>
  <string name="webdisplay_open_web_browser">Open this address in web browser</string>
  <string name="webdisplay_warning_port_exist">This port has been taken over by another service. Please select another port.</string>
  <string name="webdisplay_change_port">Change port</string>
  <string name="webdisplay_web_actions">Actions</string>
  <string name="webdisplay_web_feedback_support">Feedback \u0026 Support</string>
  <string name="webdisplay_web_add_more">Add more</string>
  <string name="reset_data_message">Do you want to reset all data? All data such as wallets, transactions, budgets, savings or events will be removed. This action CAN NOT be undone.</string>
  <string name="upload_to_dropbox_success">Uploaded to DropBox</string>
  <string name="message_large_spend_amount">Inputted amount must be smaller than current saved amount.</string>
  <string name="message_error_select_parent_cate">Can not select itself as parent</string>
  <string name="translated_by">Translated by %1$s</string>
  <string name="add_transaction_with_suggestion">You can add people who is not in contact by adding a comma ( , ) after their name.</string>
  <string name="msg_add_transaction_first">Do you want to add the very first transaction now?</string>
  <string name="global">Global</string>
  <string name="notification_bank_sms_title">Your %1$s wallet change %2$s</string>
  <string name="custom_range_cashbook">Custom</string>
  <string name="navigation_travel_mode">Travel Mode</string>
  <string name="select_event_title">Select event</string>
  <string name="travel_mode_description">In travel mode, you can select a running event to be auto selected each time you create a transaction.</string>
  <string name="travel_mode_activated_message">Travel mode is on. Happy travelling!</string>
  <string name="travel_mode_turn_off_message">Do you want to turn Travel Mode off?</string>
  <string name="travel_mode_quick_add_notification">Add to event %1$s</string>
  <string name="travel_mode_turned_off_message">Travel mode is off</string>
  <string name="purchase_description">Each purchase is valid for only 100 years.</string>
  <string name="backup_select_one">Select one</string>
  <string name="repeat_transaction_mode_month_same_days">on %1$s each month</string>
  <string name="repeat_transaction_mode_month_this_day">on every %1$s %2$s of month</string>
  <string name="repeat_transaction_times_duration_for_a_number_of_event_shorted">For</string>
  <string name="repeat_transaction_manager">Recurring Transactions</string>
  <string name="recent_transaction_no_transactions">No recent transactions</string>
  <string name="repeat_transaction_next_repeat">Next repeat</string>
  <string name="repeat_transaction_need_specify_repeat">You need to specify repeat options</string>
  <string name="recent_transaction_dialog_list_title">Recent transaction</string>
  <string name="repeat_transaction_message_confirm_delete_template">Do you want to delete this template?</string>
  <string name="repeat_transaction_no_template">There is no repeat templates</string>
  <string name="repeat_transaction_no_repeat">No repeat</string>
  <string name="repeat_transaction_next_repeat_at">Next repeat at %1$s</string>
  <string name="share_need_to_download_before_sharing">This file will be downloaded from DropBox before being shared</string>
  <string name="repeat_transaction_add_template">Add recurring transaction</string>
  <string name="repeat_transaction_edit_template">Edit recurring transaction</string>
  <string name="recent_transaction_show_when_add_transaction">Show this dialog automatically when add transaction</string>
  <string name="message_login_now">After enter promotion code, you could create an Money Lover account to link your account with your Premium status. If you have another device, login Money Lover with your account so Premium status in that device will be automatically activated.</string>
  <string name="recent_transaction_dialog_description">You can import transaction data from these previous ones</string>
  <string name="repeat_transaction_every">Every</string>
  <string name="repeat_transaction_from">From</string>
  <string name="repeat_transaction_at">at</string>
  <string name="repeat_transaction_times">times</string>
  <string name="event_delete_message">Do you want to delete this event?</string>
  <string name="saving_delete_message">Do you want to delete this saving?</string>
  <string name="budget_delete_message">Do you want to delete this budget?</string>
  <string name="transaction_detail_cashback_left">Left</string>
  <string name="transaction_detail_cashback_paid">Paid</string>
  <string name="add_account_error_message_no_currency">Please select one currency for your wallet</string>
  <string name="store_download_fail">Can not download icon at this moment</string>
  <string name="dialog_turn_on_location_service">Do you want turn on location service?</string>
  <string name="set_icon_default_tab">Default</string>
  <string name="set_icon_tab_sdcard">Downloaded</string>
  <string name="set_icon_more_tab">More icon</string>
  <string name="store_preview_icon">Preview</string>
  <string name="store_buy_icon">Buy</string>
  <string name="store_icon_title">Icon Store</string>
  <string name="store_purchase_preview">Preview</string>
  <string name="download">Download</string>
  <string name="do_not_show_again">Don\'t show again</string>
  <string name="new_icon_packs_are_available">Two new icon packs are available for using for category, event and saving. You can create a new category to see them right now!</string>
  <string name="dialog_share_account">Share wallet with</string>
  <string name="share_account_success">Share wallet success</string>
  <string name="dialog_sharing_account">Sharing…</string>
  <string name="email_address_invalid">Email address invalid</string>
  <string name="set_location_get_address_error">Can not load address now, please try again later!</string>
  <string name="cashbook_balance">Balance</string>
  <string name="statistic_trends">Trends</string>
  <string name="sync_transferring_data">Transferring data</string>
  <string name="sync_running">Sync is in progress…</string>
  <string name="trend_criteria_collapsed_time">From &lt;b&gt;%1$s&lt;/b&gt; to &lt;b&gt;%2$s&lt;/b&gt;</string>
  <string name="transaction_detail_set_location">Set location</string>
  <string name="transaction_detail_can_not_download_image">Can not download this image, please try another.</string>
  <string name="user_unauthenticated">You must login first</string>
  <string name="share_account_error">Share wallet failed</string>
  <string name="beta">Beta</string>
  <string name="sync_error">Sync error</string>
  <string name="sync_notification_ticker_text">Syncing data with server</string>
  <string name="sync_notification_content_title">Sync Money Lover</string>
  <string name="login_success">Login successfully</string>
  <string name="login_forgot_password">Forgot password?</string>
  <string name="register_show_password">Show password</string>
  <string name="sync_done">Sync process has done successfully</string>
  <string name="login_fail">Invalid email/password combination. Please try again.</string>
  <string name="connecting">Connecting…</string>
  <string name="sync_account">Sync wallet</string>
  <string name="message_sync_transfer_data">Do you want to transfer data?</string>
  <string name="sync_dialog_transfer_title">Transfer data</string>
  <string name="sync_running_cannot_add_item">Sync process is running, please wait for a moment</string>
  <string name="sync_last_sync">Last sync: %1$s</string>
  <string name="sync_sync_first_time">Tap to sync for the first time</string>
  <string name="icon_xmas_notification_title">Merry Xmas with new icon pack!</string>
  <string name="icon_xmas_notification_content">Holiday is coming: Decorate Money Lover with the beautiful Christmas icon pack today! And it’s free!</string>
  <string name="store_icon_re_download">Download again</string>
  <string name="store_icon_free">Free</string>
  <string name="store_icon_list_empty">No icon packs</string>
  <string name="store_icon_canceled_message">Download for icon package %1$s was canceled</string>
  <string name="store_icon_download_finished_message">Icon package %1$s was downloaded. You can use those new icons when creating category, event or saving.</string>
  <string name="transaction_detail_show_advanced">Add more detail</string>
  <string name="refresh">Refresh</string>
  <string name="navigation_store">Money Lover Store</string>
  <string name="create_category_select_parent_error">Can not choose this category as parent</string>
  <string name="sync_error_timeout">server is maintained</string>
  <string name="sync_error_server_busy">Server is busy</string>
  <string name="sync_register_success">Register successfully</string>
  <string name="transaction_detail_warning_time_not_in_range">This date is not in budget %1$s\' time range (%2$s)</string>
  <string name="notification_message_remind_transaction">You set a notification for a transaction %1$s: %2$s. Tap to view its detail.</string>
  <string name="location_add_new_address">Add %1$s as a place</string>
  <string name="category_none_name">No categories</string>
  <string name="saving_add_startamount_over">Start amount can not large than goal amount</string>
  <string name="share_account_permission">Set this person as OWNER so they can view, add, edit, delete all kind of data in this wallet</string>
  <string name="error_can_not_load_wallet">Can not load wallet or the selected wallet was deleted. Please try again or open application not from shortcut.</string>
  <string name="select_category_tap_to_create_one">Tap to create one</string>
  <string name="error_can_not_change_wallet_transaction_debt_loan">Can not change wallet for debt, loan transaction</string>
  <string name="quick_add_manager_title">Show on status bar</string>
  <string name="account_manager_create_shortcut">Create shortcut</string>
  <string name="budget_no_data">No budgets</string>
  <string name="event_no_data">No events</string>
  <string name="saving_no_data">No savings</string>
  <string name="notification_center_no_data">No notifications</string>
  <string name="recurring_transaction_no_data">No recurring transactions</string>
  <string name="notification_like_fan_page_title">Like us on Facebook</string>
  <string name="notification_like_fan_page_text">keep in touch with us for updates, tips and occasional free stuff</string>
  <string name="share_account_email_target">Email which you want to share with</string>
  <string name="share_account_email_error">This string is not a valid email address</string>
  <string name="monthly_report_other_categories">Other categories</string>
  <string name="transfer_wallet_unknown_error_message">Can not transfer between wallets at this moment, please try again. If you still see this message next time, please contact us so we can help to fix this problem.</string>
  <string name="forgot_password_error_wrong_email">This email is not registered with us, please try again.</string>
  <string name="forgot_pass_success">Please check your email account for further instructions.</string>
  <string name="register_error_email_exists">This email is unavailable. Please choose another one.</string>
  <string name="promote_event_expire">This event is already finished</string>
  <string name="promote_event_error_wrong_code">Invalid promote code. Please try again.</string>
  <string name="register_error_server">Our server encountered an weird error and we\'ve been noticed. Please take a cup of coffee why we\'re fixing it.</string>
  <string name="register_error_entered_info_not_enough">Please fill all information to continue</string>
  <string name="purchase_post_facebook_success">Thanks for sharing</string>
  <string name="promote_event_input_successfully">Promote code is valid. Now you can use all features as a Premium user! Thank you for using %1$s</string>
  <string name="promote_event_share_facebook">Share on Facebook</string>
  <string name="promote_event_login_description">TIP: Register a %1$s account to link your Premium status with that account, so next time you login to %1$s, you will have your Premium status back.</string>
  <string name="promote_event_share_facebook_description">It would be cool to share this code to your friends! Don\'t worry, it won\'t affect your Premium status.</string>
  <string name="notification_center_message_already_logged_in">You\'ve already logged in.</string>
  <string name="congratulation">Congratulation!</string>
  <string name="cashbook_pull_to_add_transaction">Pull to add transaction</string>
  <string name="cashbook_release_to_add_transaction">Release to add transaction</string>
  <string-array name="cashbook_set_timerange_items">
    <item>Day</item>
    <item>Week</item>
    <item>Month</item>
    <item>Quarter</item>
    <item>Year</item>
    <item>All</item>
    <item>Custom</item>
  </string-array>
  <string-array name="delimiters">
    <item>Semicolon ( ; )</item>
    <item>Comma ( , )</item>
    <item>Tab</item>
  </string-array>
  <string-array name="create_budget_array_time_range">
    <item>This month</item>
    <item>This quarter</item>
    <item>This year</item>
    <item>Next month</item>
    <item>Next quarter</item>
    <item>Next year</item>
    <item>Custom range</item>
  </string-array>
  <string-array name="budget_overview_titles">
    <item>Running</item>
    <item>Finished</item>
  </string-array>
  <string-array name="category_manager_edit_cate_menu">
    <item>@string/edit</item>
    <item>@string/delete</item>
  </string-array>
  <string-array name="debt_overview_titles">
    <item>@string/debt_wallet</item>
    <item>@string/loan_wallet</item>
  </string-array>
  <string-array name="campaign_overview_titles">
    <item>Running</item>
    <item>Finished</item>
  </string-array>
  <string-array name="arrays_time_mode">
    <item>Weekly</item>
    <item>Every 14 days</item>
    <item>Monthly</item>
    <item>Every 3 months</item>
    <item>Every 6 months</item>
    <item>Yearly</item>
  </string-array>
  <string-array name="arrays_type">
    <item>Simple interest</item>
    <item>Compound interest</item>
  </string-array>
  <string-array name="repeat_transaction_time_mode">
    <item>Repeat Daily</item>
    <item>Repeat Weekly</item>
    <item>Repeat Monthly</item>
    <item>Repeat Yearly</item>
  </string-array>
  <string-array name="backup_list_file_backup_select_item">
    <item>@string/restore_title</item>
    <item>@string/backup_share</item>
  </string-array>
  <string-array name="repeat_transaction_mode_month_week">
    <item>first</item>
    <item>second</item>
    <item>third</item>
    <item>fourth</item>
    <item>fifth</item>
    <item>sixth</item>
  </string-array>
  <string-array name="repeat_transaction_times_duration">
    <item>Forever</item>
    <item>Until</item>
    <item>For a number of events</item>
  </string-array>
  <string-array name="trend_type">
    <item>@string/expense</item>
    <item>@string/income</item>
    <item>Net Income</item>
  </string-array>
  <string-array name="trend_criteria">
    <item>Overtime</item>
    <item>By Category</item>
  </string-array>
  <plurals name="cashbook_transaction_count">
    <item quantity="one">%d transaction</item>
    <item quantity="few">%d transactions</item>
    <item quantity="many">%d transactions</item>
    <item quantity="other">%d transactions</item>
  </plurals>
  <plurals name="budget_days_left">
    <item quantity="one">%d day left</item>
    <item quantity="few">%d days left</item>
    <item quantity="many">%d days left</item>
    <item quantity="other">%d days left</item>
  </plurals>
  <plurals name="ail_view_photo_title">
    <item quantity="one">%1$s slika ostala</item>
    <item quantity="few">%1$s slika ostalo</item>
    <item quantity="many">%1$s slika ostalo</item>
    <item quantity="other">%1$s slika ostalo</item>
  </plurals>
  <plurals name="editbar_selected_count">
    <item quantity="one">%d stavka izabrana</item>
    <item quantity="few">%d stavki izabrano</item>
    <item quantity="many">%d stavki izabrano</item>
    <item quantity="other">%d stavki izabrano</item>
  </plurals>
</resources>
