<?xml version="1.0" encoding="utf-8"?>
<!--Generated by crowdin.net-->
<resources>
  <string name="cate_salary">Plata</string>
  <string name="cate_award">Nagrada</string>
  <string name="cate_selling">Prodaja</string>
  <string name="cate_give">Davanje</string>
  <string name="cate_interest">Kamata</string>
  <string name="cate_debt">Dug</string>
  <string name="cate_income_other">Ostalo</string>
  <string name="cate_food">Hrana &amp; Piće</string>
  <string name="cate_entertainment">Zabava</string>
  <string name="cate_travel">Putovanje</string>
  <string name="cate_education">Obrazovanje</string>
  <string name="cate_transport">Prevoz</string>
  <string name="cate_friend">Prijatelji &amp; Ljubav</string>
  <string name="cate_family">Porodica</string>
  <string name="cate_medical">Zdravlje</string>
  <string name="cate_shopping">Kupovina</string>
  <string name="cate_loan">Zajam</string>
  <string name="cate_invest">Investicija</string>
  <string name="cate_expense_other">Ostalo</string>
</resources>
