<?xml version="1.0" encoding="utf-8"?>
<!--Generated by crowdin.net-->
<resources>
  <string name="AGO">əvvəl</string>
  <string name="DAY">gün</string>
  <string name="DAYS">%1$s gün</string>
  <string name="HOUR">təqribi bir saat</string>
  <string name="HOURS">%1$s saat</string>
  <string name="MINUTE">təqribi bir dəqiqə</string>
  <string name="MINUTES">%1$s dəqiqə</string>
  <string name="MONTH">təqribi bir ay</string>
  <string name="MONTHS">%1$s ay</string>
  <string name="SECONDS">dəqiqədən az</string>
  <string name="SUFFIX_FROM_NOW">indidən sonra</string>
  <string name="YEAR">təqribi bir il</string>
  <string name="YEARS">%1$s il</string>
</resources>
