<?xml version="1.0" encoding="utf-8"?>
<!--Generated by crowdin.net-->
<resources>
  <string name="second">saniyə</string>
  <string name="minute">dəqiqə</string>
  <plurals name="days_left">
    <item quantity="one">%d gün qalıb</item>
    <item quantity="other">%d gun qalıb</item>
  </plurals>
  <plurals name="hour_left">
    <item quantity="one">%d saat qalıb</item>
    <item quantity="other">%d saat qalıb</item>
  </plurals>
  <plurals name="minute_left">
    <item quantity="one">%d dəqiqə qalıb</item>
    <item quantity="other">%d dəqiqə qalıb</item>
  </plurals>
  <plurals name="second_left">
    <item quantity="one">%d saniyə qalıb</item>
    <item quantity="other">%d saniyə qalıb</item>
  </plurals>
</resources>
