<?xml version="1.0" encoding="utf-8"?>
<!--Generated by crowdin.net-->
<resources>
  <string name="notice">Qeyd</string>
  <string name="error">Xəta</string>
  <string name="close">Bağla</string>
  <string name="cancel">Ləğv</string>
  <string name="save">Saxla</string>
  <string name="done">Tamamlandı</string>
  <string name="yes">Bəli</string>
  <string name="submit">Submit</string>
  <string name="sorry">Üzr istəyirik</string>
  <string name="ok">Ok</string>
  <string name="search">Axtar</string>
  <string name="no">Xeyr</string>
  <string name="confirm">Təsdiqlə</string>
  <string name="today">Bugün</string>
  <string name="tomorrow">Sabah</string>
  <string name="yesterday">Dünən</string>
  <string name="thisweek">Bu həftə</string>
  <string name="nextweek">Növbəti həftə</string>
  <string name="lastweek">Əvvəlki həftə</string>
  <string name="thismonth">Bu ay</string>
  <string name="nextmonth">Növbəti ay</string>
  <string name="lastmonth">Əvvəlki ay</string>
  <string name="thisquarter">Bu rüb</string>
  <string name="nextquarter">Növbəti rüb</string>
  <string name="lastquarter">Əvvəlki rüb</string>
  <string name="thisyear">Bu il</string>
  <string name="nextyear">Növbəti il</string>
  <string name="lastyear">Əvvəlki il</string>
  <string name="quarter_shorten">Q</string>
</resources>
