<?xml version="1.0" encoding="utf-8"?>
<!--Generated by crowdin.net-->
<resources>
  <string name="AGO">pred</string>
  <string name="DAY">za deň</string>
  <string name="DAYS">%1$ dny</string>
  <string name="HOUR">asi za hodinu    </string>
  <string name="HOURS">%1$s hodín   </string>
  <string name="MINUTE">asi za minútu  </string>
  <string name="MINUTES">
    %1$s  minút
  </string>
  <string name="MONTH">
    asi za mesiac
  </string>
  <string name="MONTHS">
    %1$s mesiace
  </string>
  <string name="SECONDS">menej ako minútu
  </string>
  <string name="SUFFIX_FROM_NOW">od tejto chvíle
  </string>
  <string name="YEAR">asi rok
  </string>
  <string name="YEARS">
    %1$s roky
  </string>
</resources>
