<?xml version="1.0" encoding="utf-8"?>
<!--Generated by crowdin.net-->
<resources>
  <string name="notice">Upozornenie</string>
  <string name="error">Chyba</string>
  <string name="close">Zavrieť</string>
  <string name="cancel">Zrušiť </string>
  <string name="save">Uložiť</string>
  <string name="done">Hotovo </string>
  <string name="yes">Áno</string>
  <string name="submit">Submit</string>
  <string name="sorry">Prepáč</string>
  <string name="ok">OK</string>
  <string name="search">Hľadať</string>
  <string name="no">Nie</string>
  <string name="confirm">Potvrdiť</string>
  <string name="today">Dnes</string>
  <string name="tomorrow">Zajtra</string>
  <string name="yesterday">Včera </string>
  <string name="thisweek">Tento týždeň </string>
  <string name="nextweek">Budúci týždeň </string>
  <string name="lastweek">Minulý týždeň </string>
  <string name="thismonth">Tento mesiac </string>
  <string name="nextmonth">Budúci mesiac </string>
  <string name="lastmonth">Minulý mesiac </string>
  <string name="thisquarter">Tento štvrťrok </string>
  <string name="nextquarter">Budúci štvrťrok </string>
  <string name="lastquarter">Minulý štvrťrok</string>
  <string name="thisyear">Tento rok </string>
  <string name="nextyear">Budúci rok </string>
  <string name="lastyear">Minulý rok </string>
  <string name="quarter_shorten">Q</string>
</resources>
