<?xml version="1.0" encoding="utf-8"?>
<!--Generated by crowdin.net-->
<resources>
  <string name="second">sekunda </string>
  <string name="minute">minúta</string>
  <plurals name="days_left">
    <item quantity="one">zostavá %d deň</item>
    <item quantity="few">zostavajú %d dny</item>
    <item quantity="other">%d days left</item>
  </plurals>
  <plurals name="hour_left">
    <item quantity="one">%d hodina zostavá</item>
    <item quantity="few">zostavá %d hodín</item>
    <item quantity="other">zostavá %d hodín</item>
  </plurals>
  <plurals name="minute_left">
    <item quantity="one">zostavá %d minuta</item>
    <item quantity="few">zostavá %d minút</item>
    <item quantity="other">zostavá %d minút</item>
  </plurals>
  <plurals name="second_left">
    <item quantity="one">zostavá %d sekunda</item>
    <item quantity="few">zostavá %d sekúnd</item>
    <item quantity="other">zostavá %d sekúnd</item>
  </plurals>
</resources>
