<?xml version="1.0" encoding="utf-8"?>
<!--Generated by crowdin.net-->
<resources>
  <string name="search_over">Nad</string>
  <string name="search_under">Pod</string>
  <string name="search_time_over">Po</string>
  <string name="search_time_under">Pred </string>
  <string name="search_between">Medzi </string>
  <string name="search_exact">Presne </string>
  <string name="search_remove">Odstrániť </string>
  <string name="search_none">Žiadna</string>
  <string name="search_all">Všetko</string>
  <string name="search_select">Vybrať</string>
  <string name="start">Začiatok</string>
  <string name="end">Koniec</string>
  <string name="from">Od</string>
  <string name="to">Pre</string>
  <string-array name="arr_amount">
    <item>@string/search_all</item>
    <item>@string/search_over</item>
    <item>@string/search_under</item>
    <item>@string/search_between</item>
    <item>@string/search_exact</item>
  </string-array>
  <string-array name="arr_type">
    <item>Všetko</item>
    <item>Príjem</item>
    <item>Výdaj</item>
  </string-array>
  <string-array name="arr_time">
    <item>@string/search_all</item>
    <item>@string/search_time_over</item>
    <item>@string/search_time_under</item>
    <item>@string/search_between</item>
    <item>@string/search_exact</item>
  </string-array>
</resources>
