<?xml version="1.0" encoding="utf-8"?>
<!--Generated by crowdin.net-->
<resources>
  <string name="cate_salary">Plat</string>
  <string name="cate_award">Odmeny</string>
  <string name="cate_selling">Predaj</string>
  <string name="cate_give">Dary</string>
  <string name="cate_interest">Peniaze z úrokov</string>
  <string name="cate_debt">Dlhy</string>
  <string name="cate_income_other">Ostatné</string>
  <string name="cate_food">Jedlo a Pitie</string>
  <string name="cate_entertainment">Zábava</string>
  <string name="cate_travel">Cestovanie</string>
  <string name="cate_education">Vzdelanie</string>
  <string name="cate_transport">Doprava</string>
  <string name="cate_friend">Priatelia a Lásky</string>
  <string name="cate_family">Rodina</string>
  <string name="cate_medical">Zdravie</string>
  <string name="cate_shopping">Nákupy</string>
  <string name="cate_loan">Pôžičky</string>
  <string name="cate_invest">Investície</string>
  <string name="cate_expense_other">Ostatné</string>
</resources>
