<?xml version="1.0" encoding="utf-8"?>
<!--Generated by crowdin.net-->
<resources>
  <string name="settings_group_display">Zobrazenie</string>
  <string name="settings_group_alarm_title">Upozornenie</string>
  <string name="settings_group_system">Systém</string>
  <string name="settings_group_database">Databáza</string>
  <string name="settings_group_about">O aplikácií</string>
  <string name="settings_select_date_format">Vybrať formát dátumu</string>
  <string name="settings_set_first_day_week">Nastaviť prvý deň týždňa</string>
  <string name="settings_set_first_day_month">Nastaviť prvý deň v mesiaci</string>
  <string name="settings_enable_pin">Povoliť heslo</string>
  <string name="settings_connect_dropbox">Pripojiť k Dropboxu</string>
  <string name="settings_connect_dropbox_connected">Pripojené</string>
  <string name="settings_select_language">Vyberte jazyk</string>
  <string name="settings_alarm">Denne pripomínanie k pridaní transakcií</string>
  <string name="settings_auto_check_update">Automatická kontrola aktualizácií </string>
  <string name="settings_show_ail_notification_title">Zobraziť ,,Pridať neskôr\" oznámenie</string>
  <string name="pref_show_ail_summary">Najskôr si to vyfoťte ako pripomienku, aby ste mohli pridať transakciu neskôr</string>
  <string name="settings_about">O Money Lover</string>
  <string name="settings_changes_log_title">Zoznam zmien</string>
  <string name="settings_amount_text_display_title">Štýl zobrazenia sumy</string>
  <string name="pref_amount_text_decimal_separator_title">desatine čiarky</string>
  <string name="pref_amount_text_decimal_separator_imperial">1,999.95</string>
  <string name="pref_amount_text_decimal_separator_international">1.999,95</string>
  <string name="pref_amount_text_show_currency_title">Zobraziť menu</string>
  <string name="pref_amount_text_minus_style_title">Štyl Kladných/záporných čísel</string>
  <string name="pref_amount_text_minus_style_color">Predvolené farby</string>
  <string name="pref_amount_text_minus_style_sign">Pomocou symbolov +/-</string>
  <string name="pref_amount_text_minus_style_bracket">Pomocou symbolu ( )</string>
  <string name="pref_amount_text_shorten_title">Zaokrúhlená suma</string>
  <string name="pref_using_location">Using location</string>
  <string name="settings_reset_data">Resetovat dáta </string>
  <string name="auto_backup_no">Žiadne automatické zálohovanie</string>
  <string name="auto_backup">Automatické zálohovanie</string>
  <string name="auto_backup_every_day">Každý deň</string>
  <string name="auto_backup_every_week">Každý týždeň</string>
  <string name="auto_backup_every_month">Každý mesiac</string>
  <string name="auto_backup_every_year">Každý rok</string>
  <string name="auto_backup_test">2 phút</string>
  <string name="settings_quick_add_notification_title"></string>
  <string-array name="first_day_of_week_display">
    <item>Nedeľa</item>
    <item>Pondelok</item>
    <item>Utorok</item>
    <item>Streda</item>
    <item>Štvrtok</item>
    <item>Piatok</item>
    <item>Sobota</item>
  </string-array>
  <string-array name="first_day_of_month_display">
    <item>1.</item>
    <item>2.</item>
    <item>3.</item>
    <item>4.</item>
    <item>5.</item>
    <item>6.</item>
    <item>7.</item>
    <item>8.</item>
    <item>9.</item>
    <item>10.</item>
    <item>11.</item>
    <item>12.</item>
    <item>13.</item>
    <item>14.</item>
    <item>15.</item>
    <item>16.</item>
    <item>17.</item>
    <item>18.</item>
    <item>19.</item>
    <item>20.</item>
    <item>21.</item>
    <item>22.</item>
    <item>23.</item>
    <item>24.</item>
    <item>25.</item>
    <item>26.</item>
    <item>27.</item>
    <item>28.</item>
  </string-array>
  <string-array name="alarm_time_display">
    <item>17:00</item>
    <item>18:00</item>
    <item>19:00</item>
    <item>20:00</item>
    <item>21:00</item>
    <item>22:00</item>
    <item>23:00</item>
    <item>Žiadne upozornenie</item>
  </string-array>
  <string-array name="auto_backup_repeat">
    <item>@string/auto_backup_every_day</item>
    <item>@string/auto_backup_every_week</item>
    <item>@string/auto_backup_every_month</item>
    <item>@string/auto_backup_every_year</item>
    <item>@string/auto_backup_no</item>
  </string-array>
</resources>
