<?xml version="1.0" encoding="utf-8"?>
<!--Generated by crowdin.net-->
<resources>
  <string name="wpDifferentCurrency">Vybrané účty nemajú rovnakú menu!!! Chcete zmeniť čiastku=</string>
  <string name="downloading">Sťahovanie</string>
  <string name="duplicate">Duplikovať</string>
  <string name="wpeditAmount">Alebo môžete upraviť čiastku ručne.</string>
  <string name="wpEmptyContent">Žiadna dáta ku zobrazeniu</string>
  <string name="wpEmptySymbol">:(</string>
  <string name="wpEndDateAfterStartDateError">Dátum ukončenia nemôže byť pred dátumom začatia.</string>
  <string name="wpEnterName">Meno vašej peňaženky?</string>
  <string name="wpEnterPass">Zadajte svoje heslo</string>
  <string name="exit">Opustiť</string>
  <string name="wpExpenseColor">Farba výdavkov</string>
  <string name="wpFeedBackSubject">[W] spätná väzba</string>
  <string name="format">Formát</string>
  <string name="For">Pre</string>
  <string name="wpHeaderColor">Farba hlavičky</string>
  <string name="wpHelpUsTranslate">Pomôžte nám prekladať</string>
  <string name="wpIncomeColor">Farba príjmov</string>
  <string name="wpInsertAccountAlert">Zvoľte účet prosím</string>
  <string name="wpInsertAmountAlert">Vložte nejaké peniaze prosím</string>
  <string name="wpInsertCategoryAlert">Prosím zvoľte kategóriu</string>
  <string name="wpInsertCategoryLength">Dĺžka mená kategórie musí byť väčšie ako 2 a menej ako 30!</string>
  <string name="wpInsertImageAlert">Prosím vyberte si obrázok ikony</string>
  <string name="wpInsertNameAlert">Prosím zadajte meno</string>
  <string name="wpInsertTimeRangeError">Zvoľte prosím časový rozsah</string>
  <string name="wpInsertTypeAlert">Zvoľte prosím typ kategórie</string>
  <string name="items">Položky</string>
  <string name="wpLiveFolderError">Zložku Money Lover sa nedarí dostať na váš SkyDrive. Skúste to znova neskôr.</string>
  <string name="wpLocationServiceWarning">LocationServiceWarning</string>
  <string name="wpLocationService">Umiestnenie služby</string>
  <string name="wpMessage3">BNS chyba: Táto akcia nie je povolená</string>
  <string name="Message2">BNS Error: Maximálne množstvo ScheduledActions tohto typu už existuje.</string>
  <string name="wpMessage1">Pozadie tejto aplikácie bolo zakázané užívateľom.</string>
  <string name="wpMessage">Správa</string>
  <string name="monday">Pondelok</string>
  <string name="month">Mesiac</string>
  <string name="name">Meno</string>
  <string name="navigations">Navigácia</string>
  <string name="wpDeleteNotify">Chcete všetko odstrániť?</string>
  <string name="wpNotify7">[Správa]</string>
  <string name="wpNotify6">[úspory]</string>
  <string name="wpNotify5">Rozpočet {0} vyčerpaný.</string>
  <string name="wpNotify4">Opatrne, rozpočet {0} je takmer vyčerpaný.</string>
  <string name="wpNotify3_2">Pôžička {0} je splatená.</string>
  <string name="wpNotify3_1">Dlh {0} je splatený.</string>
  <string name="wpNotify2">Pre dnešok ste nepridali žiadne transakcie. Pridáte je teraz?</string>
  <string name="wpNotify1">Tipy</string>
  <string name="wpNotify0">Vitajte v Money Loner na telefóne Windows. Oddnes Vám pomôže plánovať a sledovať všetky Vaše výdavky, všetko zaznamená a pravidelne vám poskytne finančnú správu. Užite si ho naplno.</string>
  <string name="notifications">Oznámeni</string>
  <string name="notification">Oznámenie</string>
  <string name="wpNoParent">Žiadny pôvodcu</string>
  <string name="number">Č</string>
  <string name="other">Ostatné</string>
  <string name="Over">Koniec</string>
  <string name="wpOverDue">Zmeškané</string>
  <string name="wpOverAmount">Suma ktorú chcete previesť je vyššia než vaše celkové príjmy! Chcete sumu znovu upraviť?</string>
  <string name="wpPaidHistory">História platieb</string>
  <string name="parent">Pôvodca</string>
  <string name="wpPasswordProtected">Chránené heslom</string>
  <string name="payment">Platba</string>
  <string name="people">Ľudia</string>
  <string name="picture">Obraz</string>
  <string name="wpPinToStart">PIN na spustenie</string>
  <string name="place">Miesto</string>
  <string name="wpPlaceFinder">Hľadač miest</string>
  <string name="quarter">Štvrťrok</string>
  <string name="reason">Dôvod</string>
  <string name="reload">Znovu načítať</string>
  <string name="wpReminderAddTran">Pripomínač pridanie transakcií</string>
  <string name="wpRestartNotify">Musíte aplikáciu reštartovať, aby sa prejavili zmeny.</string>
  <string name="wpRestoreMess">Obnovenie databázy nahradí vašu aktuálu databázu databázov vami vybranú. Všetky dáta sa stratia. Ste si istý, že chcete databázu obnoviť?</string>
  <string name="wpRestoreComplete">Obnova dokončená.</string>
  <string name="restore">Obnoviť</string>
  <string name="running">Spustené</string>
  <string name="wpSamplePlaceSearch">Pomenovať niektoré miesta</string>
  <string name="wpSelectedCategory">Vybrať kategóriu</string>
  <string name="wpSkydriveLogin">Nazdárek, než budete pokračovať, prihláste sa prosím na váš SkyDrive..</string>
  <string name="sort">Radenie</string>
  <string name="wpSpendWith">Minúť na</string>
  <string name="start_month">Prvý deň v mesiaci</string>
  <string name="start_week">Prvý deň týždň</string>
  <string name="sunday">Nedeľa</string>
  <string name="sure">Iste</string>
  <string name="wpSyncDone">Synchronizácia dokončená.</string>
  <string name="wpThemeManager">Správca tém</string>
  <string name="wpThisMonth">Tento mesiac</string>
  <string name="wpThisQuarter">Tento štvrťrok</string>
  <string name="wpThisWeek">Tento týždeň</string>
  <string name="wpThisYear">Tento rok</string>
  <string name="time_format">Formát času</string>
  <string name="wpTimeRange">Časový rozsah</string>
  <string name="title">Titul</string>
  <string name="wpToAcount">Na účet</string>
  <string name="today">Dnes</string>
  <string name="tomorrow">Zajtra</string>
  <string name="tranfer">Prevod</string>
  <string name="wpTranferFail">Prosím prekontrolujte si údaje! Suma, ktorú chcete previesť musí byť vyšší ako 0.</string>
  <string name="wpTranferComplete">Prevod dokončený!</string>
  <string name="wpTransferFrom">Prevod z:</string>
  <string name="wpTransferMoney">Previesť peniaze</string>
  <string name="wpTranferingException">TranferingException</string>
  <string name="wpTransactionInfo">Informácie o transakcii</string>
  <string name="tutorial">Tutorial</string>
  <string name="unfinished">Nedokončené</string>
  <string name="unit">Jednotka</string>
  <string name="wpUploadCompleted">Upload dokončený.</string>
  <string name="uploading">uploadováno</string>
  <string name="wpUploadSkydrive">Uploadovať na SkyDrive</string>
  <string name="wpUseCustomColor">Použiť vlastnú farbu</string>
  <string name="used">Použité</string>
  <string name="wpViewMode">Režim zobrazenia</string>
  <string name="wpViewOffice">Zobraziť v balíku Office</string>
  <string name="week">Týždeň</string>
  <string name="wrong">Zle</string>
  <string name="wpWrongPass">Nesprávne heslo.</string>
  <string name="year">Rok</string>
  <string name="yesterday">Včera</string>
  <string name="wpViewTran">Zobraziť transakcie</string>
  <string name="editDebt">Upraviť dlhy</string>
  <string name="wpTimeAlreadyOver">Čas ktorý ste zvolili už vypršal.</string>
  <string name="account_all">Všetky účty</string>
  <string name="about_msg_wp">Zarábanie peňazí a ich správa sú dve rozdielne veci! Bezstarostné míňanie bez rozpočtu je problém rodín po celom svete. Money Lover vám pomôže plánovať a sledovať všetky vaše výdaja. Všetko zaznamená a poskytne vám periodický prehľad. Nie je to síce plnohodnotný účtovnícky nástroj, ale je užitočný pre správu rodinných či osobných financií.</string>
  <string name="clear">Vyčistiť</string>
  <string name="day">Deň</string>
  <string name="interest_rate">Úrok</string>
  <string name="string_select_all">Vybrať všetko</string>
  <string name="settings_alarm_group_title">Upozornenie</string>
  <string name="wpAddAccountFirst">Najprv pridajte peňaženku!</string>
  <string name="wpATM">ATM</string>
  <string name="wpAdd">Pridať</string>
  <string name="wpBank">Banka</string>
  <string name="wpBackupRestore">Zálohovanie &amp; Obnova</string>
  <string name="wpBackup">Zálohovanie</string>
  <string name="wpCannotEditAccount">Tento účet sa nedá upravovať.</string>
  <string name="wpCannotEditTransaction">Túto transakciu nemožno upravovať.</string>
  <string name="wpConfirmBackCategory">Zatiaľ sme neuložili vašu kategóriu, ste si istý, že sa chcete vrátiť?</string>
  <string name="wpConfirmBack">Zatiaľ sme neuložili vašu transakciu, ste si istý, že sa chcete vrátiť?</string>
  <string name="wpConfirmBackBudget">Zatiaľ sme neuložili váš rozpočet, ste si istý, že sa chcete vrátiť?</string>
  <string name="wpCustomRange">Vlastný rozsah</string>
  <string name="wpCustomTimeNullError">Vlastné čas je neplatný. Prosím zvoľte časový rozsah.</string>
  <string name="wpDayLeft">Zostáva deň</string>
  <string name="wpDaysLeft">Zostáva dní</string>
  <string name="wpDeleteTransaction">Stratíte dáta z tejto transakcie. Chcete pokračovať?</string>
  <string name="wpDeletePin">Chcete vymazať pin?</string>
  <string name="wpDeleteBudget">Stratíte všetky dáta z tohto rozpočtu. Prajete si pokračovať?</string>
  <string name="wpDeleteAcc">Stratíte všetky dáta z tohto účtu. Prajete si pokračovať?</string>
  <string name="wpDeleteCategory">Stratíte všetky dáta z tejto kategórie a všetky transakcie v nej obsiahnuté. Prajete si pokračovať?</string>
  <string name="wpAuto">Auto</string>
  <string name="rate">úrok</string>
  <string name="wp_warning_addtran_from_pin_message">Transakcia bola úspešne pridaná. Chcete sa vrátiť na obrazovku Peňaženky?</string>
  <string name="navigation_group_policy">Zásady</string>
  <string name="wpNotify8">Gratulujeme, aktualizácia je kompletná. Chcete sa pozrieť aké zmeny prináša nová verzia? Poklepaním sa pozriete!</string>
</resources>
