<?xml version="1.0" encoding="utf-8"?>
<!--Generated by crowdin.net-->
<resources>
  <string name="account">Peňaženka</string>
  <string name="amount">Suma</string>
  <string name="budget">Rozpočet</string>
  <string name="event_title">Udalosť</string>
  <string name="category">Kategórie</string>
  <string name="earned_from">Získané od/z</string>
  <string name="end_date">Dátum ukončenia</string>
  <string name="expense">Výdaj</string>
  <string name="goto_today">Prejsť na dnešok</string>
  <string name="goto_thismonth">Prejsť na tento mesiac</string>
  <string name="income">Príjem</string>
  <string name="migrate">Preniesť</string>
  <string name="select_category">Vyberte kategóriu</string>
  <string name="spent_on">Utratené na</string>
  <string name="start_date">Dátum začatia</string>
  <string name="time">Čas</string>
  <string name="time_range">%1$s - %2$s</string>
  <string name="loading_more">Načítam viac...</string>
  <string name="goal">Cieľ</string>
  <string name="edit">Edit</string>
  <string name="saved">Uložené</string>
  <string name="search_go">Ísť</string>
  <string name="buy_app">Prejsť na Premium</string>
  <string name="undobar_message">%1$s bola odstránená </string>
  <string name="backup_share">Zdielať</string>
  <string name="version">Verzia %1$s</string>
  <string name="loading">Načítava sa...</string>
  <string name="total">Celkom</string>
  <string name="splashscreen_create_account">Vytvorenie prvej peňaženky</string>
  <string name="splash_screen_use_cloud">Go cloud (Coming soon)</string>
  <string name="splash_screen_use_cloud_info">Sync and Share transactions with easy</string>
  <string name="splash_screen_use_right_away">For this device only</string>
  <string name="splash_screen_use_right_away_info">Right away!</string>
  <string name="welcome_message_title">How do you want to use?</string>
  <string name="welcome_message">You can change your mind at any time later</string>
  <string name="login_hint_email">E-mail</string>
  <string name="login_hint_password">Heslo</string>
  <string name="login_facebook">Prihlásiť sa cez Facebook</string>
  <string name="login_money_lover">Prihlásiť sa účtom na Money Lover</string>
  <string name="login_title">Login</string>
  <string name="register_title">Registrovať </string>
  <string name="register_register">Registrovať</string>
  <string name="cashbook_earning">Zisky</string>
  <string name="cashbook_spending">Výdaje</string>
  <string name="cashbook_all_transactions">Všetky transakcie</string>
  <string name="cashbook_delete_transaction_message">Naozaj chcete odstrániť túto transakciu?</string>
  <string name="cashbook_left">%1$s zostáva</string>
  <string name="cashbook_no_data_guide">Tap the %1$s button below to add some</string>
  <string name="cashbook_no_data_swipe_down">Potiahnite prstom nadol a</string>
  <string name="cashbook_no_data_faq_tip">Príliš zložité? Ťuknite na %1$s pre pomoc</string>
  <string name="cashbook_no_data_earning">Žiadne zisky</string>
  <string name="cashbook_no_data_spending">Žiadne výdaje</string>
  <string name="cashbook_no_data">Žiadne transakcie</string>
  <string name="cashbook_selected_account_not_existed">Vybraná peňaženka neexistuje, budete presmerovaný do defaultní peňaženky.</string>
  <string name="cashbook_contentdescription_help_support">Pomoc &amp; podpora</string>
  <string name="cashbook_contentdescription_select_time_range_to_view">Vyberte režim zobrazenia </string>
  <string name="cashbook_contentdescription_delete_transaction">Odstrániť transakciu</string>
  <string name="cashbook_contentdescription_sort_transaction">Usporiadanie transakcií</string>
  <string name="cashbook_contentdescription_search_transaction">Hľadať transakciu</string>
  <string name="cashbook_contentdescription_viewmode_transaction">View by transaction</string>
  <string name="cashbook_contentdescription_viewmode_category">View by category</string>
  <string name="cashbook_contentdescription_transfer_money">Transfer money</string>
  <string name="with_person">s %1$s</string>
  <string name="with_two_person">s %1$s &amp; %2$s</string>
  <string name="with_many_person">s %1$s &amp; %2$s ostatnými ľudmi</string>
  <string name="press_back_one_more_time_to_exit">Stlačte znovu tlačítko naspäť pre ukončenie</string>
  <string name="paid">Vrátené peniaze</string>
  <string name="cashbook_cashback_info">do %1$s</string>
  <string name="add_transaction_amount_friendly_title">koľko?</string>
  <string name="add_transaction_title_add">Pridať transakciu</string>
  <string name="add_transaction_title_edit">Upraviť transakciu</string>
  <string name="add_transaction_title_view">Detaily transakcie</string>
  <string name="add_transaction_note_title_normal">Poznámka</string>
  <string name="add_transaction_note_hint">Prázdne </string>
  <string name="add_transaction_cancel_adding">Prajete si zrušiť túto transakciu?</string>
  <string name="add_transaction_discard_edit">Chcete zrušiť zmeny v tejto transakcii</string>
  <string name="add_transaction_account_alert_currency_change">Mena vstupnej sumy sa zmení z %2$s na %1$s. Chcete pokračovať?</string>
  <string name="add_transaction_account_alert_currency_change_start">Mena vstupnej sumy bude zmenená z </string>
  <string name="add_transaction_account_alert_currency_change_middle">na</string>
  <string name="add_transaction_account_alert_currency_change_end">Chcete spracovať?</string>
  <string name="add_transaction_add_success">Pridanie transakcie bolo úspešné!</string>
  <string name="add_transaction_category_hint">Vyberte jednu</string>
  <string name="add_transaction_with_title">S?</string>
  <string name="add_transaction_with_hint">Napr. Jon Snow, Arya Stark…</string>
  <string name="add_transaction_reminder_empty">Bez pripomenutia</string>
  <string name="add_transaction_subtransaction_title">Cashback</string>
  <string name="add_transaction_timecreated_title">Dátum</string>
  <string name="add_transaction_reminder_title">Pripomenutie</string>
  <string name="add_transaction_error_amount">Musíte vyplniť pole Čiastka</string>
  <string name="add_transaction_error_category">Musíte vybrať kategóriu príjmy/výdavky</string>
  <string name="debtor">Dlžník</string>
  <string name="lender">Veriteľ</string>
  <string name="for_reason">%1$S</string>
  <string name="someone">niekto</string>
  <string name="someone_hint">Niekto</string>
  <string name="add_transaction_note_spend_from_saving">Utratené zo šporiacieho plánu %1$s</string>
  <string name="add_transaction_no_category_found">Žiadne zhody</string>
  <string name="warning_big_amount_message">Táto transakcia sa zdá byť príliš veľká. Ste si istí, že je to správne?</string>
  <string name="warning_big_amount_dont_show_again">Nabudúce nezobrazovať</string>
  <string name="im_wrong">Pomýlil som sa </string>
  <string name="add_note">Napíšte poznámku</string>
  <string name="set_reminder_remove_reminder">vypnúť</string>
  <string name="convert_currency_title_dialog">Zadajte inú menu</string>
  <string name="convert_currency_message_convert_complete">Previesť na</string>
  <string name="convert_currency_message_convert_error">Chyba prevodu </string>
  <string name="convert_currency_message_converting">Prevod...</string>
  <string name="edit_transaction_confirm_change_category_for_debtloan">Naozaj chcete zmeniť kategóriu? Bude odstránená všetká história transakcií.
</string>
  <string name="edit_transaction_mark_remove">Budú odstránené</string>
  <string name="edit_transaction_mark_remove_message">All sub transactions of this transaction will be deleted</string>
  <string name="delete_sub_transaction">Odstrániť túto transakciu</string>
  <string name="sub_transaction_title">História vrátenia peňazí </string>
  <string name="quick_add_transaction_dialog_title">Nová transakcia</string>
  <string name="quick_add_notification_ticker">Pripravení pridať novú transakciu</string>
  <string name="quick_add_transaction_title">Pridať do %1$s</string>
  <string name="quick_add_transaction_notification_text">Ťuknutím prejdete na peňaženku</string>
  <string name="add_account_title_add">Pridať peňaženku</string>
  <string name="add_account_title_edit">Upraviť peňaženku</string>
  <string name="add_account_name_title">meno</string>
  <string name="add_account_currency_title">Meny</string>
  <string name="add_account_start_balance_title">Počiatočný zostatok </string>
  <string name="add_account_error_accountname_exists">Takýto názov peňaženky už existuje. </string>
  <string name="add_account_error_accountname_length_invalid">Názov peňaženky musí byť medzi %1$s až %2$s znaky.</string>
  <string name="add_account_discard_changed">Chcete zahodiť všetky zmeny vykonané na tejto peňaženke?</string>
  <string name="add_account_note_for_initial_balance">Počiatočný zostatok</string>
  <string name="add_account_shortcut_title">Pridať odkaz na domovskú obrazovku</string>
  <string name="add_account_shortcut_success">Vytvorenie zástupcu bolo úspešné</string>
  <string name="account_manager_title">Správca peňaženky</string>
  <string name="account_manager_confirm_delete_account">Chcete vymazať peňaženku %1$s?</string>
  <string name="time_picker_dialog_title">Vyberte čas</string>
  <string name="navigation_cashbook">Transactions</string>
  <string name="navigation_budget">Rozpočty</string>
  <string name="navigation_campaign">Úspory</string>
  <string name="navigation_event">Udalosti</string>
  <string name="navigation_category_manager">Kategórie</string>
  <string name="navigation_statistic">Štatistika</string>
  <string name="navigation_settings">Nastavenia</string>
  <string name="navigation_feedback">Spätná väzba</string>
  <string name="navigation_debt_manager">Dlhy</string>
  <string name="navigation_tools">Nástroje</string>
  <string name="navigation_about">O</string>
  <string name="navigation_sync">Synchronizácia</string>
  <string name="navigation_logout">Odhlásiť</string>
  <string name="navigation_login">Go Cloud</string>
  <string name="navigation_database">Databáza</string>
  <string name="navigation_copyright">© 2013 ZooStudio. Všetky práva vyhradené.</string>
  <string name="tools_interest_rate">Úroková sadzba</string>
  <string name="tools_export_csv">Export CSV</string>
  <string name="tools_export_excel">Exportovať do Excelu</string>
  <string name="tools_tip_calculator">Tip kalkulačka</string>
  <string name="tools_find_atm">ATM Finder</string>
  <string name="tools_find_bank">Hľadač Bank</string>
  <string name="tools_install_app">Inštalační nástroj</string>
  <string name="tools_install_app_message">Chcete nainštalovať &lt;b&gt;%1$s&lt;/b&gt; z Google Play Store?</string>
  <string name="statistic_monthly_report">Mesačná správa</string>
  <string name="bank_finder">Hľadač Bank</string>
  <string name="bank_finder_hint">napríklad HSBC, Štandardne kvalifikovaný...</string>
  <string name="bank_finder_input_bank_name">Vložte názov banky</string>
  <string name="open_file">Otvoriť súbor</string>
  <string name="export_fail">Ospravedlňujeme sa, ale proces exportu zistil chybu a nemôže ďalej pokračovať</string>
  <string name="export_success">Export úspešný</string>
  <string name="select_account">Vybrať peňaženku</string>
  <string name="export_csv">Export CSV</string>
  <string name="export_excel">Exportovať EXCEL</string>
  <string name="attach_to_email">Pripojiť k e-mailu</string>
  <string name="delimiter">Oddeľovač</string>
  <string name="atm_finder">Hľadač bankomatov</string>
  <string name="change">Zmeniť </string>
  <string name="send_mail">Poslať e-mail</string>
  <string name="contact_me">Kontaktujte nás</string>
  <string name="about_thanks">&lt;b&gt;Special thanks to&lt;/b&gt;&lt;br /&gt;
        Andreas Krings, Jake Wharton, Jeremy Feinstein, Roman Nurik, Simon Vig Therkildsen, Soarcn, Tjerk
        Wolterink for their awesome libraries.&lt;br /&gt;
        Brankic1979 and Nick Frost for their beautiful icon packs.&lt;br /&gt;
        And all our volunteers who help us on translating Money Lover to many other languages.</string>
  <string name="about_developed">by ZooStudio</string>
  <string name="about_view_profile_facebook">Navštívte náš profil</string>
  <string name="budget_overspent">Prekročené</string>
  <string name="budget_finished">Dokončené </string>
  <string name="budget_spent">Utratené</string>
  <string name="budget_all_category">Všetky kategórie</string>
  <string name="create_budget_title_add">Pridať rozpočet</string>
  <string name="create_budget_title_edit">Upraviť rozpočet</string>
  <string name="create_budget_create_for">Pridať pre</string>
  <string name="create_budget_time_range">Časový rozsah</string>
  <string name="budget_detail_delete_confirm_message">Chcete odstrániť tento rozpočet?</string>
  <string name="create_budget_message_select_day_error">Dátum ukončenia musí byť po dátume začatia</string>
  <string name="create_budget_message_duplicate_DB">Budget for this time was created, do you want to override old one?</string>
  <string name="create_budget_message_warning_enter_amount">Výška rozpočtu je menšia než 0!</string>
  <string name="create_budget_message_error_category">Je nutné vybrať kategóriu</string>
  <string name="create_budget_message_error_time">Musíte vybrať čas pre rozpočet</string>
  <string name="budget_overview_monthly">Mesačný rozpočtový plán</string>
  <string name="budget_overview_custom">Vlastné rozpočtové plány</string>
  <string name="budget_overview_no_data_guide">Ťuknite na %1$s tlačidlo pre pridanie nového rozpočtového plánu</string>
  <string name="budget_detail_category">%1$s rozpočet</string>
  <string name="budget_detail_account_detail_emptyview_message">Ťuknutím pridáte rozpočet</string>
  <string name="budget_detail_list_transactions_title">Zoznam transakcií</string>
  <string name="clear_template">Vyčistiť šablónu</string>
  <string name="budget_template">Šablóna</string>
  <string name="dialog_enter_amount_title">Zadajte čiastku</string>
  <string name="security_pin_title_create">Nastaviť heslo</string>
  <string name="security_pin_title_confirm">Potvrdiť heslo</string>
  <string name="security_pin_title_open">Zadajte heslo</string>
  <string name="security_pin_message_remove">pre vypnutie režimu zabezpečenia heslom</string>
  <string name="security_pin_title_wrong_password">Nesprávne heslo!</string>
  <string name="security_pin_message_try_again">skúsiť znovu</string>
  <string name="is_latest_version">Tato verzia je aktuálna.</string>
  <string name="update">Aktualizácia</string>
  <string name="has_new_version">Nová verzia uvoľnená, Prosím aktualizujte teraz!</string>
  <string name="no_internet">Žiadne pripojenie na internet. Prosím skúste to znova!</string>
  <string name="check_update">Skontrolovať aktualizácie</string>
  <string name="thanks_feedback">Ďakujeme za vašu spätnú väzbu.</string>
  <string name="add_sub_transaction_input_more_than_left">Zadaná suma je väčšia než nezaplatená suma</string>
  <string name="warning">Upozornenie</string>
  <string name="process">Processing…</string>
  <string name="error_no_google_map">Prosím, nainštalujte Google mapy pre použitie funkcie</string>
  <string name="set">Nastaviť</string>
  <string name="category_manager_title">Správa kategórií</string>
  <string name="category_manager_notice_cannot_edit_default_category">Nemôžete upravovať zvláštne kategórie</string>
  <string name="category_manager_confirm_delete_category">Chcete odstrániť kategóriu %1$s? Všetky transakcie ktoré patria do tejto kategórie sa odstránia.</string>
  <string name="category_manager_delete_success_message">Bola odstránená %1$s kategória</string>
  <string name="create_category_title">Nová kategória</string>
  <string name="edit_category_title">Upraviť kategóriu</string>
  <string name="create_category_name_title">meno</string>
  <string name="create_category_select_icon_title">Ikona</string>
  <string name="create_category_default_parent_category">som pôvodca</string>
  <string name="create_category_parent_category">Nadradená Kategória</string>
  <string name="create_category_hint_name_review">Category Name</string>
  <string name="create_category_message_duplicate_DB">Tato kategória už existuje</string>
  <string name="create_category_select_type_error">Musíte vybrať typ kategórie</string>
  <string name="create_category_input_name_error">Vložte meno vašej kategórie</string>
  <string name="create_category_select_icon_error">Nezabudnite ikonu pre kategóriu</string>
  <string name="select_parent_category_title">Vyberte materskú kategóriu </string>
  <string name="message_transfer_successful">Prenos bol úspešný! </string>
  <string name="title_dialog_transfer">Od %1$s</string>
  <string name="back">Späť </string>
  <string name="message_currency_error">Chcete zmeniť z %1$s na %2$s?</string>
  <string name="note_income_transfer">Získane od %1$s</string>
  <string name="message_amount_zero">Suma prevodu by mala byť väčšia než 0</string>
  <string name="default_note_transfer">Prevedené na %1$s</string>
  <string name="monthly_report_start_balance">Začiatočná bilancia </string>
  <string name="monthly_report_this_month_balance">Net Income</string>
  <string name="monthly_report_end_balance">Konečná bilancia </string>
  <string name="monthly_report_compare_to_previous_month">Mesačné porovnanie</string>
  <string name="monthly_report_largest_expense">Najväčšie výdaje </string>
  <string name="monthly_report_expense_by_category">Výdavky podľa kategórie</string>
  <string name="monthly_report_nodata">Žiadna správa pre tento mesiac</string>
  <string name="monthly_report_nodata_guide">Mesačné správy sa zobrazia automaticky až keď začne noví mesiac</string>
  <string name="search_result">Výsledok vyhľadávania</string>
  <string name="type">Typ</string>
  <string name="with">s</string>
  <string name="select_time">Vyberte čas </string>
  <string name="notification_center_message_empty_notification">Žiadne upozornenia</string>
  <string name="notification_center_title">Centrum oznámení </string>
  <string name="notification_center_delete_read_notifications">Odstrániť prečítané správy</string>
  <string name="notification_center_mark_all_as_read">Označiť všetko ako prečítané</string>
  <string name="debt_manager_title">Dlhy</string>
  <string name="debt_wallet">Payable</string>
  <string name="loan_wallet">Receivable</string>
  <string name="now">Nezaplatené</string>
  <string name="past">Zaplatené</string>
  <string name="note_transaction_saving">Výber zo sporenia %1$s</string>
  <string name="saving_overview_title">Úspory</string>
  <string name="saving_overview_deposit">Vklad</string>
  <string name="saving_overview_need">Potreba </string>
  <string name="saving_overview_spend">Utratiť </string>
  <string name="saving_overview_withdraw">Vybrať</string>
  <string name="saving_deposit">Vložiť do šetriaceho  plánu %1$s</string>
  <string name="saving_withdraw_default_note">Vybrať zo šetriaceho plánu %1$s</string>
  <string name="saving_overview_no_data_guide">Ťuknutím na tlačítko %1$s pridáte nový šporiaci plán</string>
  <string name="saving_menu_deposit">Vložiť</string>
  <string name="saving_menu_withdraw">Vybrať</string>
  <string name="saving_menu_spendon">Utratiť na…</string>
  <string name="saving_add_title">Pridať šetrenie</string>
  <string name="saving_edit_title">Upraviť sporenie</string>
  <string name="saving_add_name_title">meno</string>
  <string name="saving_add_start_amount">Počiatočná suma</string>
  <string name="saving_add_success">Vytvoriť nové uloženie kampane</string>
  <string name="saving_add_error_goal_amount">Je potrebné zadať cieľovú sumu!</string>
  <string name="saving_add_error_name">Musíte zadať názov šetriacej kampane!</string>
  <string name="saving_add_error_icon">Musíte vybrať ikonu!</string>
  <string name="saving_add_cancel_adding">Chcete zrušiť toto šetrenie?</string>
  <string name="saving_add_discard_edit">Chcete zrušiť zmeny v tomto šetrení?</string>
  <string name="dialog_select_event_remove">Odstrániť udalosť</string>
  <string name="event_add_title">Pridať udalosť</string>
  <string name="event_edit_title">Upraviť udalosť</string>
  <string name="event_input_name_error">Pridajte názov udalosti</string>
  <string name="event_select_icon_error">Nezapomente na ikonu pre udalosť</string>
  <string name="event_overview_view_transactions">Transakcie</string>
  <string name="event_overview_deposit">Vložiť</string>
  <string name="event_overview_withdraw">Vybrať</string>
  <string name="event_overview_deposited">Vložené</string>
  <string name="event_overview_finish">Dokončiť</string>
  <string name="event_overview_no_data_guide">Ťuknutím na tlačítko %1$s pridáte nový šetriaci plán</string>
  <string name="event_menu_mark_as_finished">Označiť ako dokončené</string>
  <string name="event_menu_mark_as_unfinish">Označiť ako nedokončené</string>
  <string name="interest_rate_title">Úroková sadzba</string>
  <string name="interest_rate">Ohodnotiť</string>
  <string name="time_from">Počas doby</string>
  <string name="select_type_interest">Typ úroku</string>
  <string name="date_to_invalid">Dátum musí po dátume od </string>
  <string name="amount_empty">Zadajte čiastku hodnoty</string>
  <string name="time_mode_interest">Časový režim</string>
  <string name="rate_empty">Prosím vložte vyššiu sadzbu</string>
  <string name="time_empty">Zvoľte časovú hodnotu</string>
  <string name="interest">Čiastka úroku</string>
  <string name="number_of_period">Počet období</string>
  <string name="total_amount">Celková suma</string>
  <string name="interest_result">Výsledok</string>
  <string name="total_people">s %d ľuďmi</string>
  <string name="percent_tip">tip %1$s%%</string>
  <string name="total_pay">Celková platba</string>
  <string name="total_tip">Celkový tip </string>
  <string name="total_tip_person">Celkový tip na osobu</string>
  <string name="total_per_person">Suma na osobu</string>
  <string name="note_it">zaznamenajte</string>
  <string name="no_tip">žiadny tip</string>
  <string name="more_people">Počet ľudí</string>
  <string name="more_tip">Percent Tip</string>
  <string name="calculate">Výpočet</string>
  <string name="change_review">%1$s%% je lepší, &lt;b&gt;zmeniť?&lt;/b&gt;</string>
  <string name="empty_amount">Suma je prázdná</string>
  <string name="inapp_purchase">Prémiové možnosti</string>
  <string name="message_purchase_error">Chyba nákupu</string>
  <string name="message_purchase_success">Nákup úspešný. Reštartujte aplikáciu pre aplikáciu zmeny.</string>
  <string name="purchase_bought">Toto som si kúpil</string>
  <string name="reset_app_to_change">Reštartujte aplikáciu pre použitie zmeny</string>
  <string name="purchase_buy_all_title">Prejsť na Premium</string>
  <string name="purchase_buy_all_text">Majte viac ako len jednu peňaženku,, plán rozpočtu, šporiaci plán, plán udalostí. \nA už žiadne reklamy!</string>
  <string name="purchase_buy_ads_title">Odstránenie reklamy</string>
  <string name="purchase_buy_ads_text">Užívajte si základnú verziu Money Lover bez ďalších reklám!</string>
  <string name="purchase_input_premium_code_text">Ak máte licenčný kód</string>
  <string name="purchase_notice_buy_features">Bezplatná verzia môžete pridať len jeden rozpočet, jedno sporenie, iba jednu udalosť a nemôže používať všetky funkcie. Prosím, prejdite na premium </string>
  <string name="premium_code">Zadajte licenčný kód</string>
  <string name="license_code_not_correct">Licenčný kód nie je správny</string>
  <string name="license_code_success">Licenčný kód je platný. Teraz máte prístup ku všetkým funkciám v %1$s</string>
  <string name="widget_select_account_empty">Pred vytvorením widgetu musíte mať peňaženku</string>
  <string name="widget_simple_light_name">Jednoduché widgetové svetlo</string>
  <string name="widget_select_account_title">Vybrať peňaženku</string>
  <string name="ail_message_empty_image">Nie sú žiadne fotografie</string>
  <string name="ail_guide_1">Môžete niečo vyfotiť</string>
  <string name="ail_guide_2">Takže o tomto môžete pridať transakciu neskôr</string>
  <string name="migrate_dialog_message">Money Lover prevedie vaše dáta zo starej verzie do novej. Prajete si pokračovať?</string>
  <string name="migrate_dialog_notice">Upozornenie</string>
  <string name="migrate_dialog_disabled_function">V tejto verzií boli dočasne vypnutý funkcie platieb, ale vaše dáta o platbách budu prevedené.</string>
  <string name="migrate_dialog_cancel_message">Pokiaľ si to neskôr rozmyslíte, môžete vybrať prejsť na %1$s. Ale všetky vaše nové dáta od tejto chvíle budu navždy stratené.
</string>
  <string name="migrate_processing_transfer_currencies">Prevádzam meny</string>
  <string name="migrate_processing_transfer_accounts">Prevádzam a konvertujem staré účty do peňaženiek</string>
  <string name="migrate_processing_transfer_master_categories">Prenos hlavných kategórií</string>
  <string name="migrate_processing_transfer_categories">Prenos kategórií</string>
  <string name="migrate_processing_transfer_transactions">Prenos transakcií</string>
  <string name="migrate_processing_transfer_tagged_people">Prenos označených osôb</string>
  <string name="migrate_processing_transfer_sub_transactions">Prenos sub transakcií</string>
  <string name="migrate_processing_transfer_interests">Prenos úroku</string>
  <string name="migrate_processing_transfer_bills">Prenos účtu</string>
  <string name="migrate_processing_transfer_budgets">Prenos rozpočtu</string>
  <string name="migrate_processing_transfer_campaigns">Prenos kampaní</string>
  <string name="restore_title">Obnoviť dáta</string>
  <string name="restore_message_successful">Import dokončený!</string>
  <string name="restore_message_error">Vyskytla sa chyba pri importe údajov</string>
  <string name="restore_loading_file_from_dropbox">Nahrávam súbor z Dropboxu…</string>
  <string name="restore_connect_dropbox">Pripojiť k Dropboxu</string>
  <string name="restore_message">Vyberte jeden súbor nižšie pre obnovenie údajov </string>
  <string name="restore_message_edit">Vyberte súbor, ktorý chcete odstranit</string>
  <string name="restore_empty_file">Žiadne súbory</string>
  <string name="restore_disconnect_dropbox">odpojiť Dropbox</string>
  <string name="restore_disconnect_dropbox_confirm">Naozaj chcete odpojiť Dropbox?</string>
  <string name="backup_title">Zálohovanie dát</string>
  <string name="backup_file_name">Zálohovanie do súboru</string>
  <string name="backup_notice_about_file_ext">Od tejto verzie, používame nové prípony súborov &lt;b&gt;.mlx&lt;/b&gt;, ale stále môžete importovať súbor ako .money a .mlx do %1$s</string>
  <string name="backup_success_message">Zálohovanie úspešne</string>
  <string name="backup_fail_message">Zálohovanie bolo neúspešné</string>
  <string name="navigation_group_support">Podpora</string>
  <string name="navigation_group_setting">Nastavenie</string>
  <string name="navigation_group_plans">Plánovanie</string>
  <string name="navigation_group_others">Ostatné</string>
  <string name="navigation_group_tools">Nástroje </string>
  <string name="widget_account_was_deleted">Peňaženka bola odstránená</string>
  <string name="tools_install_go_to_playstore">Ísť do obchodu Play</string>
  <string name="tools_shopping_lover_intro">Aplikácia je vystavená podle zvyku nakupujúcich. To zvyšuje efektivitu a rýchlosť vašich nákupov a zároveň predchádza zbytočným chybám.</string>
  <string name="tools_exchanger_intro">Zmenarna je jednoduchý spôsob jak previesť meny v mobile.&lt;br /&gt;
		-Pekný design s plochým design&lt;br /&gt;
		- 100+ svetových mien&lt;br /&gt;
		- Konvertujte viac mien na raz&lt;br /&gt;
		- Offline režim (nepotrebujete pripojenie).</string>
  <string name="rate_app_dont_show_again">Znovu nezobrazovať upozornenie na ohodnotenie aplikácie</string>
  <string name="rate_app_dont_show_again_short">Znovu nezobrazovať</string>
  <string name="rate_app_config_title">Ohodnotiť nastavení aplikácie</string>
  <string name="delete">Odstrániť</string>
  <string name="restore_delete_message">Chcete natrvalo odstrániť tieto súbory?</string>
  <string name="restore_message_confirm">Chcete obnoviť údaje zo súboru %1$s? Odstránia sa všetky Vaše aktuálne dáta!</string>
  <string name="restore_autobackup_fail">Automatické zálohovanie zlyhalo. Proces Obnovenia nemôže pokračovať.</string>
  <string name="deleting">Odstranovanie...</string>
  <string name="purchase_error_unknown">Objavila se neznámá chyba.</string>
  <string name="purchase_please_wait_until_data_is_loaded">Počkajte, kým sa načítajú údaje.</string>
  <string name="announce_update_lost_data_message">&lt;p&gt;Prevádzame Money Lover na novú verziu a prenášame vaše dáta zo starej verzie na novú. Počas tohto procesu môžete prísť o nejaké dáta, občas, nanešťastie o všetky. &lt;/p&gt;&lt;p&gt;&lt;b&gt;Technicky tam vaše dáta zostanú, pretože je nemažeme ak sa proces prenosu zlyhá.&lt;/b&gt;&lt;/p&gt;&lt;p&gt;Ak by sa vám toto stalo, Prosím kontaktujte nás a my vám pomôžeme vaše dáta opäť nájsť.&lt;/p&gt;</string>
  <string name="announce_update_lost_data_message_title">O strate údajov po aktualizácii</string>
  <string name="cannot_find_my_language">Viac jazykov?</string>
  <string name="feedback_language_text">Ahoj,\n chceli by ste preloziť nasledujúce jazyky:\n</string>
  <string name="feedback_language_subject">[LANG] SPÄTNÁ VÄZBA PRE JAZYK</string>
  <string name="message_more_languages">Pracujeme na preklade nová verzia Money Lover do iných jazykov, ale tento proces zábere hodne času, takže skutočne potrebujeme pomôcť od našich užívateľov.</string>
  <string name="message_more_languages_help">Pokiaľ viete prekladať z angličtiny do iných jazykov, prosím pomôžte nám. Pre ďalšie informácie nás môžete kontaktovať.</string>
  <string name="languagehelp_ok">Ano, pomôžem vám!</string>
  <string name="languagehelp_cancel">Nie, možno neskôr :(</string>
  <string name="languagehelp_title">Pomoc s prekladom</string>
  <string name="changes_log_title">Zoznam zmien </string>
  <string name="restore_menu_show_auto_backup">Zobraziť automatické zálohovanie súborov</string>
  <string name="restore_menu_hide_auto_backup">Skryť automatické zálohovanie súborov</string>
  <string name="restore_menu_edit">Vybrať súbory</string>
  <string name="title_view_web">Web Display</string>
  <string name="title_notification_web">Pripájam webového klienta</string>
  <string name="turn_on_web">Zapnúť server</string>
  <string name="turn_off_web">Vypnúť server</string>
  <string name="tab_to_turn_off_web">Kliknutím vypnete web </string>
  <string name="budget_detail_error_budget_not_exists">Tento rozpočet už neexistuje</string>
  <string name="new_expense_category">Nová kategória výdajov</string>
  <string name="new_income_category">Nová kategória príjmov  </string>
  <string name="turn_on_wifi">Najskôr zapnite wifi</string>
  <string name="server_off">server vypnutý </string>
  <string name="access_link">%1$s</string>
  <string name="previous_web">Predchádzajúce</string>
  <string name="next_web">Ďalšie</string>
  <string name="webdisplay_status_title">Stav</string>
  <string name="webdisplay_menu_help">pomoc</string>
  <string name="webdisplay_menu_advance">Rozšírené možnosti</string>
  <string name="add_web">Pridať</string>
  <string name="cashback_loan_info">od %1$s</string>
  <string name="webdisplay_turning_on">Zapínanie...</string>
  <string name="webdisplay_turned_on">vypnúť</string>
  <string name="webdisplay_turning_off">Vypínanie...</string>
  <string name="webdisplay_turned_off">Zapnúť</string>
  <string name="set_as_start_date">Nastaviť ako začiatočný dátum</string>
  <string name="set_as_end_date">Nastaviť ako koncový dátum</string>
  <string name="webdisplay_warning_port_over">Port musí byt v rozmedzí od %1$s do %2$s</string>
  <string name="webdisplay_warning_port_web">Tento port je duplicitní s %1$s</string>
  <string name="webdisplay_will_change_port">Zmena portu prebehne až službu znovu spustíte.</string>
  <string name="webdisplay_open_web_browser">Otvoriť tuto adresu vo webovom prehliadači </string>
  <string name="webdisplay_warning_port_exist">Tento port je využívaný inou službou. Prosím zvoľte iný port.</string>
  <string name="webdisplay_change_port">Zmeniť port</string>
  <string name="webdisplay_web_actions">Akcie</string>
  <string name="webdisplay_web_feedback_support">Podpora \u0026 spätnej väzby</string>
  <string name="webdisplay_web_add_more">Padať ďalšie </string>
  <string name="reset_data_message">Prajete si resetovať všetky dáta? Všetky dáta ako peňaženky, transakcie, rozpočty, úspory a udalosti budú odstránené. Táto akcia NEMÔŽE byť vrátená späť.</string>
  <string name="upload_to_dropbox_success">Nahráme na DropBox</string>
  <string name="message_large_spend_amount">Zadaná suma musí byť menšia než momentálne uložené množstvo.</string>
  <string name="message_error_select_parent_cate">Nemožno zvoliť seba samého ako sprievodcu </string>
  <string name="translated_by">Preklad by %1$s</string>
  <string name="add_transaction_with_suggestion">Môžete pridať ľudí, ktorí nie sú v kontakte pridaním čiarky (,) za ich meno.</string>
  <string name="msg_add_transaction_first">Chcete teraz pridať vašu prvú transakciu? </string>
  <string name="global">Globálni </string>
  <string name="notification_bank_sms_title">Zmeniť %1$s vašu peňaženku %2$s</string>
  <string name="custom_range_cashbook">Vlastné</string>
  <string name="navigation_travel_mode">Cestovný režim </string>
  <string name="select_event_title">Vyberte udalosť</string>
  <string name="travel_mode_description">V cestovnom režime môžete zvoliť bežiacu udalosť aby bola automaticky vybraná po každom ked spravíte transakciu.</string>
  <string name="travel_mode_activated_message">Cestovný režim aktívny. Šťastnú cestu!</string>
  <string name="travel_mode_turn_off_message">Chcete vypnúť cestovní režim ?</string>
  <string name="travel_mode_quick_add_notification">Pridať k udalosti %1$s</string>
  <string name="travel_mode_turned_off_message">Cestovanie režim je vypnutý</string>
  <string name="purchase_description">Každý nákup platí iba 100 rokov.</string>
  <string name="backup_select_one">Vyberte jednu</string>
  <string name="repeat_transaction_mode_month_same_days">na %1$s každý mesiac</string>
  <string name="repeat_transaction_mode_month_this_day">na každé %1$s %2$s mesiace</string>
  <string name="repeat_transaction_times_duration_for_a_number_of_event_shorted">Pre </string>
  <string name="repeat_transaction_manager">Recurring Transactions</string>
  <string name="recent_transaction_no_transactions">Žiadne nedávne transakcie</string>
  <string name="repeat_transaction_next_repeat">Ďalšie opakovanie </string>
  <string name="repeat_transaction_need_specify_repeat">Je treba upresniť nastavenie opakovania</string>
  <string name="recent_transaction_dialog_list_title">Nedávne transakcie</string>
  <string name="repeat_transaction_message_confirm_delete_template">Prajete si odstrániť tuto šablónu?</string>
  <string name="repeat_transaction_no_template">Neexistuje žiadne opakovacie šablóny</string>
  <string name="repeat_transaction_no_repeat">Žiadne opakovanie</string>
  <string name="repeat_transaction_next_repeat_at">Ďalšie opakovanie v %1$s</string>
  <string name="share_need_to_download_before_sharing">Tento súbor sa prevezme pred zdieľaním z DropBoxu  </string>
  <string name="repeat_transaction_add_template">Add recurring transaction</string>
  <string name="repeat_transaction_edit_template">Edit recurring transaction</string>
  <string name="recent_transaction_show_when_add_transaction">Zobraziť toto dialógové okno automaticky keď pridám transakciu</string>
  <string name="message_login_now">After enter promotion code, you could create an Money Lover account to link your account with your Premium status. If you have another device, login Money Lover with your account so Premium status in that device will be automatically activated.</string>
  <string name="recent_transaction_dialog_description">Môžete importovať údaje z predchádzajúcich transakcii </string>
  <string name="repeat_transaction_every">Every</string>
  <string name="repeat_transaction_from">From</string>
  <string name="repeat_transaction_at">at</string>
  <string name="repeat_transaction_times">times</string>
  <string name="event_delete_message">Do you want to delete this event?</string>
  <string name="saving_delete_message">Do you want to delete this saving?</string>
  <string name="budget_delete_message">Do you want to delete this budget?</string>
  <string name="transaction_detail_cashback_left">Left</string>
  <string name="transaction_detail_cashback_paid">Paid</string>
  <string name="add_account_error_message_no_currency">Please select one currency for your wallet</string>
  <string name="store_download_fail">Can not download icon at this moment</string>
  <string name="dialog_turn_on_location_service">Do you want turn on location service?</string>
  <string name="set_icon_default_tab">Default</string>
  <string name="set_icon_tab_sdcard">Downloaded</string>
  <string name="set_icon_more_tab">More icon</string>
  <string name="store_preview_icon">Preview</string>
  <string name="store_buy_icon">Buy</string>
  <string name="store_icon_title">Icon Store</string>
  <string name="store_purchase_preview">Preview</string>
  <string name="download">Download</string>
  <string name="do_not_show_again">Don\'t show again</string>
  <string name="new_icon_packs_are_available">Two new icon packs are available for using for category, event and saving. You can create a new category to see them right now!</string>
  <string name="dialog_share_account">Share wallet with</string>
  <string name="share_account_success">Share wallet success</string>
  <string name="dialog_sharing_account">Sharing…</string>
  <string name="email_address_invalid">Email address invalid</string>
  <string name="set_location_get_address_error">Can not load address now, please try again later!</string>
  <string name="cashbook_balance">Balance</string>
  <string name="statistic_trends">Trends</string>
  <string name="sync_transferring_data">Transferring data</string>
  <string name="sync_running">Sync is in progress…</string>
  <string name="trend_criteria_collapsed_time">From &lt;b&gt;%1$s&lt;/b&gt; to &lt;b&gt;%2$s&lt;/b&gt;</string>
  <string name="transaction_detail_set_location">Set location</string>
  <string name="transaction_detail_can_not_download_image">Can not download this image, please try another.</string>
  <string name="user_unauthenticated">You must login first</string>
  <string name="share_account_error">Share wallet failed</string>
  <string name="beta">Beta</string>
  <string name="sync_error">Sync error</string>
  <string name="sync_notification_ticker_text">Syncing data with server</string>
  <string name="sync_notification_content_title">Sync Money Lover</string>
  <string name="login_success">Login successfully</string>
  <string name="login_forgot_password">Forgot password?</string>
  <string name="register_show_password">Show password</string>
  <string name="sync_done">Sync process has done successfully</string>
  <string name="login_fail">Invalid email/password combination. Please try again.</string>
  <string name="connecting">Connecting…</string>
  <string name="sync_account">Sync wallet</string>
  <string name="message_sync_transfer_data">Do you want to transfer data?</string>
  <string name="sync_dialog_transfer_title">Transfer data</string>
  <string name="sync_running_cannot_add_item">Sync process is running, please wait for a moment</string>
  <string name="sync_last_sync">Last sync: %1$s</string>
  <string name="sync_sync_first_time">Tap to sync for the first time</string>
  <string name="icon_xmas_notification_title">Merry Xmas with new icon pack!</string>
  <string name="icon_xmas_notification_content">Holiday is coming: Decorate Money Lover with the beautiful Christmas icon pack today! And it’s free!</string>
  <string name="store_icon_re_download">Download again</string>
  <string name="store_icon_free">Free</string>
  <string name="store_icon_list_empty">No icon packs</string>
  <string name="store_icon_canceled_message">Download for icon package %1$s was canceled</string>
  <string name="store_icon_download_finished_message">Icon package %1$s was downloaded. You can use those new icons when creating category, event or saving.</string>
  <string name="transaction_detail_show_advanced">Add more detail</string>
  <string name="refresh">Refresh</string>
  <string name="navigation_store">Money Lover Store</string>
  <string name="create_category_select_parent_error">Can not choose this category as parent</string>
  <string name="sync_error_timeout">server is maintained</string>
  <string name="sync_error_server_busy">Server is busy</string>
  <string name="sync_register_success">Register successfully</string>
  <string name="transaction_detail_warning_time_not_in_range">This date is not in budget %1$s\' time range (%2$s)</string>
  <string name="notification_message_remind_transaction">You set a notification for a transaction %1$s: %2$s. Tap to view its detail.</string>
  <string name="location_add_new_address">Add %1$s as a place</string>
  <string name="category_none_name">No categories</string>
  <string name="saving_add_startamount_over">Start amount can not large than goal amount</string>
  <string name="share_account_permission">Set this person as OWNER so they can view, add, edit, delete all kind of data in this wallet</string>
  <string name="error_can_not_load_wallet">Can not load wallet or the selected wallet was deleted. Please try again or open application not from shortcut.</string>
  <string name="select_category_tap_to_create_one">Tap to create one</string>
  <string name="error_can_not_change_wallet_transaction_debt_loan">Can not change wallet for debt, loan transaction</string>
  <string name="quick_add_manager_title">Show on status bar</string>
  <string name="account_manager_create_shortcut">Create shortcut</string>
  <string name="budget_no_data">No budgets</string>
  <string name="event_no_data">No events</string>
  <string name="saving_no_data">No savings</string>
  <string name="notification_center_no_data">No notifications</string>
  <string name="recurring_transaction_no_data">No recurring transactions</string>
  <string name="notification_like_fan_page_title">Like us on Facebook</string>
  <string name="notification_like_fan_page_text">keep in touch with us for updates, tips and occasional free stuff</string>
  <string name="share_account_email_target">Email which you want to share with</string>
  <string name="share_account_email_error">This string is not a valid email address</string>
  <string name="monthly_report_other_categories">Other categories</string>
  <string name="transfer_wallet_unknown_error_message">Can not transfer between wallets at this moment, please try again. If you still see this message next time, please contact us so we can help to fix this problem.</string>
  <string name="forgot_password_error_wrong_email">This email is not registered with us, please try again.</string>
  <string name="forgot_pass_success">Please check your email account for further instructions.</string>
  <string name="register_error_email_exists">This email is unavailable. Please choose another one.</string>
  <string name="promote_event_expire">This event is already finished</string>
  <string name="promote_event_error_wrong_code">Invalid promote code. Please try again.</string>
  <string name="register_error_server">Our server encountered an weird error and we\'ve been noticed. Please take a cup of coffee why we\'re fixing it.</string>
  <string name="register_error_entered_info_not_enough">Please fill all information to continue</string>
  <string name="purchase_post_facebook_success">Thanks for sharing</string>
  <string name="promote_event_input_successfully">Promote code is valid. Now you can use all features as a Premium user! Thank you for using %1$s</string>
  <string name="promote_event_share_facebook">Share on Facebook</string>
  <string name="promote_event_login_description">TIP: Register a %1$s account to link your Premium status with that account, so next time you login to %1$s, you will have your Premium status back.</string>
  <string name="promote_event_share_facebook_description">It would be cool to share this code to your friends! Don\'t worry, it won\'t affect your Premium status.</string>
  <string name="notification_center_message_already_logged_in">You\'ve already logged in.</string>
  <string name="congratulation">Congratulation!</string>
  <string name="cashbook_pull_to_add_transaction">Pull to add transaction</string>
  <string name="cashbook_release_to_add_transaction">Release to add transaction</string>
  <string-array name="cashbook_set_timerange_items">
    <item>Day</item>
    <item>Week</item>
    <item>Month</item>
    <item>Quarter</item>
    <item>Year</item>
    <item>All</item>
    <item>Custom</item>
  </string-array>
  <string-array name="delimiters">
    <item>Bodkočiarka (;)</item>
    <item>Čiarka (,)</item>
    <item>Karta</item>
  </string-array>
  <string-array name="create_budget_array_time_range">
    <item>Tento mesiac</item>
    <item>Tento štvrťrok</item>
    <item>Tento rok</item>
    <item>Budúci mesiac</item>
    <item>Budúci štvrťrok</item>
    <item>Budúci rok</item>
    <item>Vlastný rozsah</item>
  </string-array>
  <string-array name="budget_overview_titles">
    <item>Spustené</item>
    <item>Dokončené</item>
  </string-array>
  <string-array name="category_manager_edit_cate_menu">
    <item>@string/edit</item>
    <item>@string/delete</item>
  </string-array>
  <string-array name="debt_overview_titles">
    <item>@string/debt_wallet</item>
    <item>@string/loan_wallet</item>
  </string-array>
  <string-array name="campaign_overview_titles">
    <item>Prebieha </item>
    <item>Dokončená</item>
  </string-array>
  <string-array name="arrays_time_mode">
    <item>Týždenne</item>
    <item>Každých 14 dní</item>
    <item>Mesačné</item>
    <item>Každé 3 mesiace</item>
    <item>Každých 6 mesiacov</item>
    <item>Ročne</item>
  </string-array>
  <string-array name="arrays_type">
    <item>jednoduchý úrok </item>
    <item>Zložený úrok </item>
  </string-array>
  <string-array name="repeat_transaction_time_mode">
    <item>Opakovať denne</item>
    <item>Opakovať týždenne</item>
    <item>Opakovať mesačne</item>
    <item>Opakovať ročne</item>
  </string-array>
  <string-array name="backup_list_file_backup_select_item">
    <item>@string/restore_title</item>
    <item>@string/backup_share</item>
  </string-array>
  <string-array name="repeat_transaction_mode_month_week">
    <item>first</item>
    <item>second</item>
    <item>third</item>
    <item>fourth</item>
    <item>fifth</item>
    <item>sixth</item>
  </string-array>
  <string-array name="repeat_transaction_times_duration">
    <item>Navždy</item>
    <item>Až do</item>
    <item>Pre počet udalostí</item>
  </string-array>
  <string-array name="trend_type">
    <item>@string/expense</item>
    <item>@string/income</item>
    <item>Net Income</item>
  </string-array>
  <string-array name="trend_criteria">
    <item>Overtime</item>
    <item>Podľa kategórie</item>
  </string-array>
  <plurals name="cashbook_transaction_count">
    <item quantity="one">%d transakcia</item>
    <item quantity="few">%d transakcií</item>
    <item quantity="other">%d transakcií</item>
  </plurals>
  <plurals name="budget_days_left">
    <item quantity="one">%d deň zostava </item>
    <item quantity="few">%d deň zostava </item>
    <item quantity="other">%d dny zostávajú </item>
  </plurals>
  <plurals name="ail_view_photo_title">
    <item quantity="one">%1$s fotka zostava </item>
    <item quantity="few">%1$s photos left</item>
    <item quantity="other">%1$s fotiek zostava </item>
  </plurals>
  <plurals name="editbar_selected_count">
    <item quantity="one">%d položka vybratá </item>
    <item quantity="few">%d items selected</item>
    <item quantity="other">%d položiek vybratých </item>
  </plurals>
</resources>
