<?xml version="1.0" encoding="utf-8"?>
<!--Generated by crowdin.net-->
<resources>
  <string name="notification_message_take_photo_title">Kliknite pre pridanie transakcií z &lt;b&gt;Add-it-Later (Pridať neskôr)&lt;/b&gt; foto</string>
  <string name="notification_message_daily_alarm_title">Kliknite pre pridanie transakcií z &lt;b&gt;%1$s&lt;/b&gt;</string>
  <string name="notification_message_monthly_remind">Zobraziť mesačnú správu pre &lt;b&gt;%1$s&lt;/b&gt;</string>
  <string name="notification_message_no_expense_today">Dneska žiadne výdavky? Aktualizujte teraz!</string>
  <string name="notification_message_remind_debt">Stále vlastnite &lt;b&gt;%1$s&lt;/b&gt; %2$s, Aktualizujte teraz!</string>
  <string name="notification_message_remind_loan">&lt;b&gt;%1$s&lt;/b&gt; vás stále vlastní(?) %2$s, Aktualizovať teraz?</string>
  <string name="budget_notification_budget_warning_title">Dosiahnutá výška rozpočtu %1$s%%</string>
  <string name="budget_notification_budget_warning_category_text">%1$s zostáva &lt;b&gt;%2$s&lt;/b&gt;</string>
  <string name="budget_notification_budget_warning_account_text">%1$s zostáva &lt;b&gt;%2$s&lt;/b&gt;</string>
  <string name="budget_notification_budget_100percent_category_text">v &lt;b&gt;%1$s&lt;/b&gt;</string>
  <string name="budget_notification_budget_100percent_account_text">v &lt;b&gt;%1$s&lt;/b&gt;</string>
  <string name="budget_notification_budget_exceeded_title">Najviac utratených %1$s</string>
  <string name="budget_notification_budget_exceeded_category_text">v &lt;b&gt;%1$s&lt;/b&gt;</string>
  <string name="budget_notification_budget_exceeded_account_text">v &lt;b&gt;%1$s&lt;/b&gt;</string>
  <string name="ail_notification_title">kliknite pre odfotenie</string>
  <string name="ail_notification_text">takže transakciu môžete pridať neskôr</string>
  <string name="ail_notification_cancel_message">Toto upozornenie môžete znovu zobraziť v Nastaveniach</string>
  <string name="notification_monthly_alarm_title">Kliknite pre zobrazenie správy pre</string>
  <string name="notification_monthly_alarm_text">%1$s</string>
  <string name="notification_message_auto_backup">Zobraziť súbor zálohy z &lt;b&gt;%1$s&lt;/b&gt;</string>
  <string name="notification_message_repeat_transaction">Nová transakcia bola pridaná &lt;b&gt;%1$s&lt;/b&gt;</string>
</resources>
