<?xml version="1.0" encoding="utf-8"?>
<!--Generated by crowdin.net-->
<resources>
  <string name="notice">{crwdns2028:0}{crwdne2028:0}</string>
  <string name="error">{crwdns2029:0}{crwdne2029:0}</string>
  <string name="close">{crwdns2030:0}{crwdne2030:0}</string>
  <string name="cancel">{crwdns2031:0}{crwdne2031:0}</string>
  <string name="save">{crwdns2032:0}{crwdne2032:0}</string>
  <string name="done">{crwdns2033:0}{crwdne2033:0}</string>
  <string name="yes">{crwdns2034:0}{crwdne2034:0}</string>
  <string name="submit">{crwdns3052:0}{crwdne3052:0}</string>
  <string name="sorry">{crwdns2035:0}{crwdne2035:0}</string>
  <string name="ok">{crwdns2037:0}{crwdne2037:0}</string>
  <string name="search">{crwdns2038:0}{crwdne2038:0}</string>
  <string name="no">{crwdns2039:0}{crwdne2039:0}</string>
  <string name="confirm">{crwdns2040:0}{crwdne2040:0}</string>
  <string name="today">{crwdns2041:0}{crwdne2041:0}</string>
  <string name="tomorrow">{crwdns2042:0}{crwdne2042:0}</string>
  <string name="yesterday">{crwdns2043:0}{crwdne2043:0}</string>
  <string name="thisweek">{crwdns2044:0}{crwdne2044:0}</string>
  <string name="nextweek">{crwdns2045:0}{crwdne2045:0}</string>
  <string name="lastweek">{crwdns2046:0}{crwdne2046:0}</string>
  <string name="thismonth">{crwdns2047:0}{crwdne2047:0}</string>
  <string name="nextmonth">{crwdns2048:0}{crwdne2048:0}</string>
  <string name="lastmonth">{crwdns2049:0}{crwdne2049:0}</string>
  <string name="thisquarter">{crwdns2050:0}{crwdne2050:0}</string>
  <string name="nextquarter">{crwdns2051:0}{crwdne2051:0}</string>
  <string name="lastquarter">{crwdns2052:0}{crwdne2052:0}</string>
  <string name="thisyear">{crwdns2053:0}{crwdne2053:0}</string>
  <string name="nextyear">{crwdns2054:0}{crwdne2054:0}</string>
  <string name="lastyear">{crwdns2055:0}{crwdne2055:0}</string>
  <string name="quarter_shorten">{crwdns2056:0}{crwdne2056:0}</string>
</resources>
