<?xml version="1.0" encoding="utf-8"?>
<!--Generated by crowdin.net-->
<resources>
  <string name="second">{crwdns2070:0}{crwdne2070:0}</string>
  <string name="minute">{crwdns2071:0}{crwdne2071:0}</string>
  <plurals name="days_left">
    <item quantity="one">{crwdns2076:0}%d{crwdne2076:0}</item>
    <item quantity="other">{crwdns2076:1}%d{crwdne2076:1}</item>
  </plurals>
  <plurals name="hour_left">
    <item quantity="one">{crwdns2104:0}%d{crwdne2104:0}</item>
    <item quantity="other">{crwdns2104:1}%d{crwdne2104:1}</item>
  </plurals>
  <plurals name="minute_left">
    <item quantity="one">{crwdns2105:0}%d{crwdne2105:0}</item>
    <item quantity="other">{crwdns2105:1}%d{crwdne2105:1}</item>
  </plurals>
  <plurals name="second_left">
    <item quantity="one">{crwdns2106:0}%d{crwdne2106:0}</item>
    <item quantity="other">{crwdns2106:1}%d{crwdne2106:1}</item>
  </plurals>
</resources>
