<?xml version="1.0" encoding="utf-8"?>
<!--Generated by crowdin.net-->
<resources>
  <string name="AGO">{crwdns2057:0}{crwdne2057:0}</string>
  <string name="DAY">{crwdns2058:0}{crwdne2058:0}</string>
  <string name="DAYS">{crwdns2059:0}%1$s{crwdne2059:0}</string>
  <string name="HOUR">{crwdns2060:0}{crwdne2060:0}</string>
  <string name="HOURS">{crwdns2061:0}%1$s{crwdne2061:0}</string>
  <string name="MINUTE">{crwdns2062:0}{crwdne2062:0}</string>
  <string name="MINUTES">{crwdns2063:0}%1$s{crwdne2063:0}</string>
  <string name="MONTH">{crwdns2064:0}{crwdne2064:0}</string>
  <string name="MONTHS">{crwdns2065:0}%1$s{crwdne2065:0}</string>
  <string name="SECONDS">{crwdns2066:0}{crwdne2066:0}</string>
  <string name="SUFFIX_FROM_NOW">{crwdns2067:0}{crwdne2067:0}</string>
  <string name="YEAR">{crwdns2068:0}{crwdne2068:0}</string>
  <string name="YEARS">{crwdns2069:0}%1$s{crwdne2069:0}</string>
</resources>
