<?xml version="1.0" encoding="utf-8"?>
<!--Generated by crowdin.net-->
<resources>
  <string name="cate_salary">{crwdns515:0}{crwdne515:0}</string>
  <string name="cate_award">{crwdns516:0}{crwdne516:0}</string>
  <string name="cate_selling">{crwdns517:0}{crwdne517:0}</string>
  <string name="cate_give">{crwdns518:0}{crwdne518:0}</string>
  <string name="cate_interest">{crwdns519:0}{crwdne519:0}</string>
  <string name="cate_debt">{crwdns520:0}{crwdne520:0}</string>
  <string name="cate_income_other">{crwdns521:0}{crwdne521:0}</string>
  <string name="cate_food">{crwdns522:0}{crwdne522:0}</string>
  <string name="cate_entertainment">{crwdns523:0}{crwdne523:0}</string>
  <string name="cate_travel">{crwdns524:0}{crwdne524:0}</string>
  <string name="cate_education">{crwdns525:0}{crwdne525:0}</string>
  <string name="cate_transport">{crwdns526:0}{crwdne526:0}</string>
  <string name="cate_friend">{crwdns527:0}{crwdne527:0}</string>
  <string name="cate_family">{crwdns528:0}{crwdne528:0}</string>
  <string name="cate_medical">{crwdns529:0}{crwdne529:0}</string>
  <string name="cate_shopping">{crwdns530:0}{crwdne530:0}</string>
  <string name="cate_loan">{crwdns531:0}{crwdne531:0}</string>
  <string name="cate_invest">{crwdns532:0}{crwdne532:0}</string>
  <string name="cate_expense_other">{crwdns533:0}{crwdne533:0}</string>
</resources>
