<?xml version="1.0" encoding="utf-8"?>
<!--Generated by crowdin.net-->
<resources>
  <string name="wpDifferentCurrency">{crwdns1831:0}{crwdne1831:0}</string>
  <string name="downloading">{crwdns1832:0}{crwdne1832:0}</string>
  <string name="duplicate">{crwdns1833:0}{crwdne1833:0}</string>
  <string name="wpeditAmount">{crwdns1835:0}{crwdne1835:0}</string>
  <string name="wpEmptyContent">{crwdns1837:0}{crwdne1837:0}</string>
  <string name="wpEmptySymbol">{crwdns1841:0}{crwdne1841:0}</string>
  <string name="wpEndDateAfterStartDateError">{crwdns1843:0}{crwdne1843:0}</string>
  <string name="wpEnterName">{crwdns1844:0}{crwdne1844:0}</string>
  <string name="wpEnterPass">{crwdns1845:0}{crwdne1845:0}</string>
  <string name="exit">{crwdns1846:0}{crwdne1846:0}</string>
  <string name="wpExpenseColor">{crwdns1847:0}{crwdne1847:0}</string>
  <string name="wpFeedBackSubject">{crwdns1849:0}{crwdne1849:0}</string>
  <string name="format">{crwdns1850:0}{crwdne1850:0}</string>
  <string name="For">{crwdns1851:0}{crwdne1851:0}</string>
  <string name="wpHeaderColor">{crwdns1852:0}{crwdne1852:0}</string>
  <string name="wpHelpUsTranslate">{crwdns1853:0}{crwdne1853:0}</string>
  <string name="wpIncomeColor">{crwdns1854:0}{crwdne1854:0}</string>
  <string name="wpInsertAccountAlert">{crwdns1855:0}{crwdne1855:0}</string>
  <string name="wpInsertAmountAlert">{crwdns1856:0}{crwdne1856:0}</string>
  <string name="wpInsertCategoryAlert">{crwdns1857:0}{crwdne1857:0}</string>
  <string name="wpInsertCategoryLength">{crwdns1858:0}{crwdne1858:0}</string>
  <string name="wpInsertImageAlert">{crwdns1859:0}{crwdne1859:0}</string>
  <string name="wpInsertNameAlert">{crwdns1860:0}{crwdne1860:0}</string>
  <string name="wpInsertTimeRangeError">{crwdns1861:0}{crwdne1861:0}</string>
  <string name="wpInsertTypeAlert">{crwdns1862:0}{crwdne1862:0}</string>
  <string name="items">{crwdns1863:0}{crwdne1863:0}</string>
  <string name="wpLiveFolderError">{crwdns1868:0}{crwdne1868:0}</string>
  <string name="wpLocationServiceWarning">LocationServiceWarning</string>
  <string name="wpLocationService">{crwdns1870:0}{crwdne1870:0}</string>
  <string name="wpMessage3">{crwdns1871:0}{crwdne1871:0}</string>
  <string name="Message2">{crwdns1872:0}{crwdne1872:0}</string>
  <string name="wpMessage1">{crwdns1873:0}{crwdne1873:0}</string>
  <string name="wpMessage">{crwdns1874:0}{crwdne1874:0}</string>
  <string name="monday">{crwdns1875:0}{crwdne1875:0}</string>
  <string name="month">{crwdns1876:0}{crwdne1876:0}</string>
  <string name="name">{crwdns1877:0}{crwdne1877:0}</string>
  <string name="navigations">{crwdns1878:0}{crwdne1878:0}</string>
  <string name="wpDeleteNotify">{crwdns1883:0}{crwdne1883:0}</string>
  <string name="wpNotify7">{crwdns1884:0}{crwdne1884:0}</string>
  <string name="wpNotify6">{crwdns1885:0}{crwdne1885:0}</string>
  <string name="wpNotify5">{crwdns1886:0}{0}{crwdne1886:0}</string>
  <string name="wpNotify4">{crwdns1887:0}{0}{crwdne1887:0}</string>
  <string name="wpNotify3_2">{crwdns1888:0}{0}{crwdne1888:0}</string>
  <string name="wpNotify3_1">{crwdns1889:0}{0}{crwdne1889:0}</string>
  <string name="wpNotify2">{crwdns1890:0}{crwdne1890:0}</string>
  <string name="wpNotify1">{crwdns1891:0}{crwdne1891:0}</string>
  <string name="wpNotify0">{crwdns1892:0}{crwdne1892:0}</string>
  <string name="notifications">{crwdns1893:0}{crwdne1893:0}</string>
  <string name="notification">{crwdns1894:0}{crwdne1894:0}</string>
  <string name="wpNoParent">{crwdns1895:0}{crwdne1895:0}</string>
  <string name="number">{crwdns1896:0}{crwdne1896:0}</string>
  <string name="other">{crwdns1897:0}{crwdne1897:0}</string>
  <string name="Over">{crwdns1898:0}{crwdne1898:0}</string>
  <string name="wpOverDue">{crwdns1899:0}{crwdne1899:0}</string>
  <string name="wpOverAmount">{crwdns1900:0}{crwdne1900:0}</string>
  <string name="wpPaidHistory">{crwdns1901:0}{crwdne1901:0}</string>
  <string name="parent">{crwdns1902:0}{crwdne1902:0}</string>
  <string name="wpPasswordProtected">{crwdns1903:0}{crwdne1903:0}</string>
  <string name="payment">{crwdns1904:0}{crwdne1904:0}</string>
  <string name="people">{crwdns1905:0}{crwdne1905:0}</string>
  <string name="picture">{crwdns1906:0}{crwdne1906:0}</string>
  <string name="wpPinToStart">{crwdns1907:0}{crwdne1907:0}</string>
  <string name="place">{crwdns1908:0}{crwdne1908:0}</string>
  <string name="wpPlaceFinder">{crwdns1909:0}{crwdne1909:0}</string>
  <string name="quarter">{crwdns1910:0}{crwdne1910:0}</string>
  <string name="reason">{crwdns1911:0}{crwdne1911:0}</string>
  <string name="reload">{crwdns1912:0}{crwdne1912:0}</string>
  <string name="wpReminderAddTran">{crwdns1913:0}{crwdne1913:0}</string>
  <string name="wpRestartNotify">{crwdns1914:0}{crwdne1914:0}</string>
  <string name="wpRestoreMess">{crwdns1915:0}{crwdne1915:0}</string>
  <string name="wpRestoreComplete">{crwdns1916:0}{crwdne1916:0}</string>
  <string name="restore">{crwdns1917:0}{crwdne1917:0}</string>
  <string name="running">{crwdns1918:0}{crwdne1918:0}</string>
  <string name="wpSamplePlaceSearch">{crwdns1919:0}{crwdne1919:0}</string>
  <string name="wpSelectedCategory">{crwdns1920:0}{crwdne1920:0}</string>
  <string name="wpSkydriveLogin">{crwdns1921:0}{crwdne1921:0}</string>
  <string name="sort">{crwdns1922:0}{crwdne1922:0}</string>
  <string name="wpSpendWith">{crwdns1923:0}{crwdne1923:0}</string>
  <string name="start_month">{crwdns1924:0}{crwdne1924:0}</string>
  <string name="start_week">{crwdns1925:0}{crwdne1925:0}</string>
  <string name="sunday">{crwdns1926:0}{crwdne1926:0}</string>
  <string name="sure">{crwdns1927:0}{crwdne1927:0}</string>
  <string name="wpSyncDone">{crwdns1928:0}{crwdne1928:0}</string>
  <string name="wpThemeManager">{crwdns1929:0}{crwdne1929:0}</string>
  <string name="wpThisMonth">{crwdns1930:0}{crwdne1930:0}</string>
  <string name="wpThisQuarter">{crwdns1931:0}{crwdne1931:0}</string>
  <string name="wpThisWeek">{crwdns1932:0}{crwdne1932:0}</string>
  <string name="wpThisYear">{crwdns1933:0}{crwdne1933:0}</string>
  <string name="time_format">{crwdns1934:0}{crwdne1934:0}</string>
  <string name="wpTimeRange">{crwdns1935:0}{crwdne1935:0}</string>
  <string name="title">{crwdns1936:0}{crwdne1936:0}</string>
  <string name="wpToAcount">{crwdns1937:0}{crwdne1937:0}</string>
  <string name="today">{crwdns1938:0}{crwdne1938:0}</string>
  <string name="tomorrow">{crwdns1939:0}{crwdne1939:0}</string>
  <string name="tranfer">{crwdns1940:0}{crwdne1940:0}</string>
  <string name="wpTranferFail">{crwdns1941:0}{crwdne1941:0}</string>
  <string name="wpTranferComplete">{crwdns1942:0}{crwdne1942:0}</string>
  <string name="wpTransferFrom">{crwdns1943:0}{crwdne1943:0}</string>
  <string name="wpTransferMoney">{crwdns1944:0}{crwdne1944:0}</string>
  <string name="wpTranferingException">{crwdns1945:0}{crwdne1945:0}</string>
  <string name="wpTransactionInfo">{crwdns1946:0}{crwdne1946:0}</string>
  <string name="tutorial">{crwdns1947:0}{crwdne1947:0}</string>
  <string name="unfinished">{crwdns1948:0}{crwdne1948:0}</string>
  <string name="unit">{crwdns1949:0}{crwdne1949:0}</string>
  <string name="wpUploadCompleted">{crwdns1950:0}{crwdne1950:0}</string>
  <string name="uploading">{crwdns1951:0}{crwdne1951:0}</string>
  <string name="wpUploadSkydrive">{crwdns1952:0}{crwdne1952:0}</string>
  <string name="wpUseCustomColor">{crwdns1953:0}{crwdne1953:0}</string>
  <string name="used">{crwdns1954:0}{crwdne1954:0}</string>
  <string name="wpViewMode">{crwdns1955:0}{crwdne1955:0}</string>
  <string name="wpViewOffice">{crwdns1956:0}{crwdne1956:0}</string>
  <string name="week">{crwdns1957:0}{crwdne1957:0}</string>
  <string name="wrong">{crwdns1958:0}{crwdne1958:0}</string>
  <string name="wpWrongPass">{crwdns1959:0}{crwdne1959:0}</string>
  <string name="year">{crwdns1960:0}{crwdne1960:0}</string>
  <string name="yesterday">{crwdns1961:0}{crwdne1961:0}</string>
  <string name="wpViewTran">{crwdns1962:0}{crwdne1962:0}</string>
  <string name="editDebt">{crwdns1963:0}{crwdne1963:0}</string>
  <string name="wpTimeAlreadyOver">{crwdns1964:0}{crwdne1964:0}</string>
  <string name="account_all">{crwdns1965:0}{crwdne1965:0}</string>
  <string name="about_msg_wp">{crwdns1966:0}{crwdne1966:0}</string>
  <string name="clear">{crwdns1967:0}{crwdne1967:0}</string>
  <string name="day">{crwdns1968:0}{crwdne1968:0}</string>
  <string name="interest_rate">{crwdns1969:0}{crwdne1969:0}</string>
  <string name="string_select_all">{crwdns1970:0}{crwdne1970:0}</string>
  <string name="settings_alarm_group_title">{crwdns1971:0}{crwdne1971:0}</string>
  <string name="wpAddAccountFirst">{crwdns1972:0}{crwdne1972:0}</string>
  <string name="wpATM">{crwdns1973:0}{crwdne1973:0}</string>
  <string name="wpAdd">{crwdns1974:0}{crwdne1974:0}</string>
  <string name="wpBank">{crwdns1975:0}{crwdne1975:0}</string>
  <string name="wpBackupRestore">{crwdns1976:0}{crwdne1976:0}</string>
  <string name="wpBackup">{crwdns1977:0}{crwdne1977:0}</string>
  <string name="wpCannotEditAccount">{crwdns1978:0}{crwdne1978:0}</string>
  <string name="wpCannotEditTransaction">{crwdns1979:0}{crwdne1979:0}</string>
  <string name="wpConfirmBackCategory">{crwdns1980:0}{crwdne1980:0}</string>
  <string name="wpConfirmBack">{crwdns1981:0}{crwdne1981:0}</string>
  <string name="wpConfirmBackBudget">{crwdns1982:0}{crwdne1982:0}</string>
  <string name="wpCustomRange">{crwdns1983:0}{crwdne1983:0}</string>
  <string name="wpCustomTimeNullError">{crwdns1984:0}{crwdne1984:0}</string>
  <string name="wpDayLeft">{crwdns1985:0}{crwdne1985:0}</string>
  <string name="wpDaysLeft">{crwdns1986:0}{crwdne1986:0}</string>
  <string name="wpDeleteTransaction">{crwdns1987:0}{crwdne1987:0}</string>
  <string name="wpDeletePin">{crwdns1988:0}{crwdne1988:0}</string>
  <string name="wpDeleteBudget">{crwdns1989:0}{crwdne1989:0}</string>
  <string name="wpDeleteAcc">{crwdns1990:0}{crwdne1990:0}</string>
  <string name="wpDeleteCategory">{crwdns1991:0}{crwdne1991:0}</string>
  <string name="wpAuto">{crwdns1992:0}{crwdne1992:0}</string>
  <string name="rate">{crwdns1993:0}{crwdne1993:0}</string>
  <string name="wp_warning_addtran_from_pin_message">{crwdns1994:0}{crwdne1994:0}</string>
  <string name="navigation_group_policy">{crwdns2101:0}{crwdne2101:0}</string>
  <string name="wpNotify8">{crwdns2158:0}{crwdne2158:0}</string>
</resources>
