<?xml version="1.0" encoding="utf-8"?>
<!--Generated by crowdin.net-->
<resources>
  <string name="notification_message_take_photo_title">{crwdns542:0}{crwdne542:0}</string>
  <string name="notification_message_daily_alarm_title">{crwdns543:0}%1$s{crwdne543:0}</string>
  <string name="notification_message_monthly_remind">{crwdns544:0}%1$s{crwdne544:0}</string>
  <string name="notification_message_no_expense_today">{crwdns545:0}{crwdne545:0}</string>
  <string name="notification_message_remind_debt">{crwdns2099:0}%1$s{crwdnd2099:0}%2$s{crwdne2099:0}</string>
  <string name="notification_message_remind_loan">{crwdns2100:0}%1$s{crwdnd2100:0}%2$s{crwdne2100:0}</string>
  <string name="budget_notification_budget_warning_title">{crwdns548:0}%1$s{crwdnd548:0}%%{crwdne548:0}</string>
  <string name="budget_notification_budget_warning_category_text">{crwdns549:0}%1$s{crwdnd549:0}%2$s{crwdne549:0}</string>
  <string name="budget_notification_budget_warning_account_text">{crwdns550:0}%1$s{crwdnd550:0}%2$s{crwdne550:0}</string>
  <string name="budget_notification_budget_100percent_category_text">{crwdns551:0}%1$s{crwdne551:0}</string>
  <string name="budget_notification_budget_100percent_account_text">{crwdns552:0}%1$s{crwdne552:0}</string>
  <string name="budget_notification_budget_exceeded_title">{crwdns553:0}%1$s{crwdne553:0}</string>
  <string name="budget_notification_budget_exceeded_category_text">{crwdns554:0}%1$s{crwdne554:0}</string>
  <string name="budget_notification_budget_exceeded_account_text">{crwdns555:0}%1$s{crwdne555:0}</string>
  <string name="ail_notification_title">{crwdns556:0}{crwdne556:0}</string>
  <string name="ail_notification_text">{crwdns557:0}{crwdne557:0}</string>
  <string name="ail_notification_cancel_message">{crwdns558:0}{crwdne558:0}</string>
  <string name="notification_monthly_alarm_title">{crwdns2156:0}{crwdne2156:0}</string>
  <string name="notification_monthly_alarm_text">%1$s</string>
  <string name="notification_message_auto_backup">{crwdns2212:0}%1$s{crwdne2212:0}</string>
  <string name="notification_message_repeat_transaction">{crwdns2213:0}%1$s{crwdne2213:0}</string>
</resources>
