<?xml version="1.0" encoding="utf-8"?>
<!--Generated by crowdin.net-->
<resources>
  <string name="settings_group_display">{crwdns586:0}{crwdne586:0}</string>
  <string name="settings_group_alarm_title">{crwdns587:0}{crwdne587:0}</string>
  <string name="settings_group_system">{crwdns588:0}{crwdne588:0}</string>
  <string name="settings_group_database">{crwdns589:0}{crwdne589:0}</string>
  <string name="settings_group_about">{crwdns2077:0}{crwdne2077:0}</string>
  <string name="settings_select_date_format">{crwdns2078:0}{crwdne2078:0}</string>
  <string name="settings_set_first_day_week">{crwdns2079:0}{crwdne2079:0}</string>
  <string name="settings_set_first_day_month">{crwdns2140:0}{crwdne2140:0}</string>
  <string name="settings_enable_pin">{crwdns2080:0}{crwdne2080:0}</string>
  <string name="settings_connect_dropbox">{crwdns593:0}{crwdne593:0}</string>
  <string name="settings_connect_dropbox_connected">{crwdns594:0}{crwdne594:0}</string>
  <string name="settings_select_language">{crwdns2081:0}{crwdne2081:0}</string>
  <string name="settings_alarm">{crwdns596:0}{crwdne596:0}</string>
  <string name="settings_auto_check_update">{crwdns2082:0}{crwdne2082:0}</string>
  <string name="settings_show_ail_notification_title">{crwdns2083:0}{crwdne2083:0}</string>
  <string name="pref_show_ail_summary">{crwdns599:0}{crwdne599:0}</string>
  <string name="settings_about">{crwdns2084:0}{crwdne2084:0}</string>
  <string name="settings_changes_log_title">{crwdns2085:0}{crwdne2085:0}</string>
  <string name="settings_amount_text_display_title">{crwdns2086:0}{crwdne2086:0}</string>
  <string name="pref_amount_text_decimal_separator_title">{crwdns603:0}{crwdne603:0}</string>
  <string name="pref_amount_text_decimal_separator_imperial">1,999.95</string>
  <string name="pref_amount_text_decimal_separator_international">1.999,95</string>
  <string name="pref_amount_text_show_currency_title">{crwdns606:0}{crwdne606:0}</string>
  <string name="pref_amount_text_minus_style_title">{crwdns607:0}{crwdne607:0}</string>
  <string name="pref_amount_text_minus_style_color">{crwdns608:0}{crwdne608:0}</string>
  <string name="pref_amount_text_minus_style_sign">{crwdns609:0}{crwdne609:0}</string>
  <string name="pref_amount_text_minus_style_bracket">{crwdns610:0}{crwdne610:0}</string>
  <string name="pref_amount_text_shorten_title">{crwdns611:0}{crwdne611:0}</string>
  <string name="pref_using_location">{crwdns2325:0}{crwdne2325:0}</string>
  <string name="settings_reset_data">{crwdns2088:0}{crwdne2088:0}</string>
  <string name="auto_backup_no">{crwdns2240:0}{crwdne2240:0}</string>
  <string name="auto_backup">{crwdns2241:0}{crwdne2241:0}</string>
  <string name="auto_backup_every_day">{crwdns2242:0}{crwdne2242:0}</string>
  <string name="auto_backup_every_week">{crwdns2243:0}{crwdne2243:0}</string>
  <string name="auto_backup_every_month">{crwdns2244:0}{crwdne2244:0}</string>
  <string name="auto_backup_every_year">{crwdns2245:0}{crwdne2245:0}</string>
  <string name="auto_backup_test">2 phút</string>
  <string name="settings_quick_add_notification_title"></string>
  <string-array name="first_day_of_week_display">
    <item>{crwdns612:0}{crwdne612:0}</item>
    <item>{crwdns613:0}{crwdne613:0}</item>
    <item>{crwdns614:0}{crwdne614:0}</item>
    <item>{crwdns615:0}{crwdne615:0}</item>
    <item>{crwdns616:0}{crwdne616:0}</item>
    <item>{crwdns617:0}{crwdne617:0}</item>
    <item>{crwdns618:0}{crwdne618:0}</item>
  </string-array>
  <string-array name="first_day_of_month_display">
    <item>{crwdns2141:0}{crwdne2141:0}</item>
    <item>{crwdns2142:0}{crwdne2142:0}</item>
    <item>{crwdns2143:0}{crwdne2143:0}</item>
    <item>{crwdns2144:0}{crwdne2144:0}</item>
    <item>{crwdns2145:0}{crwdne2145:0}</item>
    <item>{crwdns2146:0}{crwdne2146:0}</item>
    <item>{crwdns2147:0}{crwdne2147:0}</item>
    <item>{crwdns2148:0}{crwdne2148:0}</item>
    <item>{crwdns2149:0}{crwdne2149:0}</item>
    <item>{crwdns2150:0}{crwdne2150:0}</item>
    <item>{crwdns2151:0}{crwdne2151:0}</item>
    <item>{crwdns2152:0}{crwdne2152:0}</item>
    <item>{crwdns2153:0}{crwdne2153:0}</item>
    <item>{crwdns2154:0}{crwdne2154:0}</item>
    <item>{crwdns2155:0}{crwdne2155:0}</item>
    <item>{crwdns2215:0}{crwdne2215:0}</item>
    <item>{crwdns2216:0}{crwdne2216:0}</item>
    <item>{crwdns2217:0}{crwdne2217:0}</item>
    <item>{crwdns2218:0}{crwdne2218:0}</item>
    <item>{crwdns2219:0}{crwdne2219:0}</item>
    <item>{crwdns2220:0}{crwdne2220:0}</item>
    <item>{crwdns2221:0}{crwdne2221:0}</item>
    <item>{crwdns2222:0}{crwdne2222:0}</item>
    <item>{crwdns2223:0}{crwdne2223:0}</item>
    <item>{crwdns2224:0}{crwdne2224:0}</item>
    <item>{crwdns2225:0}{crwdne2225:0}</item>
    <item>{crwdns2226:0}{crwdne2226:0}</item>
    <item>{crwdns2227:0}{crwdne2227:0}</item>
  </string-array>
  <string-array name="alarm_time_display">
    <item>{crwdns638:0}{crwdne638:0}</item>
    <item>{crwdns639:0}{crwdne639:0}</item>
    <item>{crwdns640:0}{crwdne640:0}</item>
    <item>{crwdns641:0}{crwdne641:0}</item>
    <item>{crwdns642:0}{crwdne642:0}</item>
    <item>{crwdns643:0}{crwdne643:0}</item>
    <item>{crwdns644:0}{crwdne644:0}</item>
    <item>{crwdns645:0}{crwdne645:0}</item>
  </string-array>
  <string-array name="auto_backup_repeat">
    <item>@string/auto_backup_every_day</item>
    <item>@string/auto_backup_every_week</item>
    <item>@string/auto_backup_every_month</item>
    <item>@string/auto_backup_every_year</item>
    <item>@string/auto_backup_no</item>
  </string-array>
</resources>
