<?xml version="1.0" encoding="utf-8"?>
<!--Generated by crowdin.net-->
<resources>
  <string name="search_over">{crwdns559:0}{crwdne559:0}</string>
  <string name="search_under">{crwdns560:0}{crwdne560:0}</string>
  <string name="search_time_over">{crwdns561:0}{crwdne561:0}</string>
  <string name="search_time_under">{crwdns562:0}{crwdne562:0}</string>
  <string name="search_between">{crwdns563:0}{crwdne563:0}</string>
  <string name="search_exact">{crwdns564:0}{crwdne564:0}</string>
  <string name="search_remove">{crwdns565:0}{crwdne565:0}</string>
  <string name="search_none">{crwdns566:0}{crwdne566:0}</string>
  <string name="search_all">{crwdns567:0}{crwdne567:0}</string>
  <string name="search_select">{crwdns568:0}{crwdne568:0}</string>
  <string name="start">{crwdns569:0}{crwdne569:0}</string>
  <string name="end">{crwdns570:0}{crwdne570:0}</string>
  <string name="from">{crwdns571:0}{crwdne571:0}</string>
  <string name="to">{crwdns572:0}{crwdne572:0}</string>
  <string-array name="arr_amount">
    <item>@string/search_all</item>
    <item>@string/search_over</item>
    <item>@string/search_under</item>
    <item>@string/search_between</item>
    <item>@string/search_exact</item>
  </string-array>
  <string-array name="arr_type">
    <item>{crwdns578:0}{crwdne578:0}</item>
    <item>{crwdns579:0}{crwdne579:0}</item>
    <item>{crwdns580:0}{crwdne580:0}</item>
  </string-array>
  <string-array name="arr_time">
    <item>@string/search_all</item>
    <item>@string/search_time_over</item>
    <item>@string/search_time_under</item>
    <item>@string/search_between</item>
    <item>@string/search_exact</item>
  </string-array>
</resources>
