<?xml version="1.0" encoding="utf-8"?>
<!--Generated by crowdin.net-->
<resources>
  <string name="account">{crwdns1:0}{crwdne1:0}</string>
  <string name="amount">{crwdns2:0}{crwdne2:0}</string>
  <string name="budget">{crwdns3:0}{crwdne3:0}</string>
  <string name="event_title">{crwdns1830:0}{crwdne1830:0}</string>
  <string name="category">{crwdns6:0}{crwdne6:0}</string>
  <string name="earned_from">{crwdns10:0}{crwdne10:0}</string>
  <string name="end_date">{crwdns11:0}{crwdne11:0}</string>
  <string name="expense">{crwdns13:0}{crwdne13:0}</string>
  <string name="goto_today">{crwdns14:0}{crwdne14:0}</string>
  <string name="goto_thismonth">{crwdns1706:0}{crwdne1706:0}</string>
  <string name="income">{crwdns16:0}{crwdne16:0}</string>
  <string name="migrate">{crwdns17:0}{crwdne17:0}</string>
  <string name="select_category">{crwdns24:0}{crwdne24:0}</string>
  <string name="spent_on">{crwdns26:0}{crwdne26:0}</string>
  <string name="start_date">{crwdns27:0}{crwdne27:0}</string>
  <string name="time">{crwdns28:0}{crwdne28:0}</string>
  <string name="time_range">%1$s - %2$s</string>
  <string name="loading_more">{crwdns32:0}{crwdne32:0}</string>
  <string name="goal">{crwdns33:0}{crwdne33:0}</string>
  <string name="edit">{crwdns2419:0}{crwdne2419:0}</string>
  <string name="saved">{crwdns34:0}{crwdne34:0}</string>
  <string name="search_go">{crwdns35:0}{crwdne35:0}</string>
  <string name="buy_app">{crwdns36:0}{crwdne36:0}</string>
  <string name="undobar_message">{crwdns2090:0}%1$s{crwdne2090:0}</string>
  <string name="backup_share">{crwdns2159:0}{crwdne2159:0}</string>
  <string name="version">{crwdns39:0}%1$s{crwdne39:0}</string>
  <string name="loading">{crwdns40:0}{crwdne40:0}</string>
  <string name="total">{crwdns41:0}{crwdne41:0}</string>
  <string name="splashscreen_create_account">{crwdns42:0}{crwdne42:0}</string>
  <string name="splash_screen_use_cloud">{crwdns2354:0}{crwdne2354:0}</string>
  <string name="splash_screen_use_cloud_info">{crwdns2329:0}{crwdne2329:0}</string>
  <string name="splash_screen_use_right_away">{crwdns2330:0}{crwdne2330:0}</string>
  <string name="splash_screen_use_right_away_info">{crwdns2331:0}{crwdne2331:0}</string>
  <string name="welcome_message_title">{crwdns2332:0}{crwdne2332:0}</string>
  <string name="welcome_message">{crwdns2333:0}{crwdne2333:0}</string>
  <string name="login_hint_email">{crwdns45:0}{crwdne45:0}</string>
  <string name="login_hint_password">{crwdns46:0}{crwdne46:0}</string>
  <string name="login_facebook">{crwdns47:0}{crwdne47:0}</string>
  <string name="login_money_lover">{crwdns48:0}{crwdne48:0}</string>
  <string name="login_title">{crwdns2400:0}{crwdne2400:0}</string>
  <string name="register_title">{crwdns50:0}{crwdne50:0}</string>
  <string name="register_register">{crwdns51:0}{crwdne51:0}</string>
  <string name="cashbook_earning">{crwdns52:0}{crwdne52:0}</string>
  <string name="cashbook_spending">{crwdns53:0}{crwdne53:0}</string>
  <string name="cashbook_all_transactions">{crwdns54:0}{crwdne54:0}</string>
  <string name="cashbook_delete_transaction_message">{crwdns55:0}{crwdne55:0}</string>
  <string name="cashbook_left">{crwdns56:0}%1$s{crwdne56:0}</string>
  <string name="cashbook_no_data_guide">{crwdns2253:0}%1$s{crwdne2253:0}</string>
  <string name="cashbook_no_data_swipe_down">{crwdns58:0}{crwdne58:0}</string>
  <string name="cashbook_no_data_faq_tip">{crwdns59:0}%1$s{crwdne59:0}</string>
  <string name="cashbook_no_data_earning">{crwdns60:0}{crwdne60:0}</string>
  <string name="cashbook_no_data_spending">{crwdns1707:0}{crwdne1707:0}</string>
  <string name="cashbook_no_data">{crwdns62:0}{crwdne62:0}</string>
  <string name="cashbook_selected_account_not_existed">{crwdns1708:0}{crwdne1708:0}</string>
  <string name="cashbook_contentdescription_help_support">{crwdns64:0}{crwdne64:0}</string>
  <string name="cashbook_contentdescription_select_time_range_to_view">{crwdns65:0}{crwdne65:0}</string>
  <string name="cashbook_contentdescription_delete_transaction">{crwdns68:0}{crwdne68:0}</string>
  <string name="cashbook_contentdescription_sort_transaction">{crwdns69:0}{crwdne69:0}</string>
  <string name="cashbook_contentdescription_search_transaction">{crwdns70:0}{crwdne70:0}</string>
  <string name="cashbook_contentdescription_viewmode_transaction">{crwdns2254:0}{crwdne2254:0}</string>
  <string name="cashbook_contentdescription_viewmode_category">{crwdns2255:0}{crwdne2255:0}</string>
  <string name="cashbook_contentdescription_transfer_money">{crwdns2256:0}{crwdne2256:0}</string>
  <string name="with_person">{crwdns73:0}%1$s{crwdne73:0}</string>
  <string name="with_two_person">{crwdns74:0}%1$s{crwdnd74:0}%2$s{crwdne74:0}</string>
  <string name="with_many_person">{crwdns75:0}%1$s{crwdnd75:0}%2$s{crwdne75:0}</string>
  <string name="press_back_one_more_time_to_exit">{crwdns76:0}{crwdne76:0}</string>
  <string name="paid">{crwdns78:0}{crwdne78:0}</string>
  <string name="cashbook_cashback_info">{crwdns80:0}%1$s{crwdne80:0}</string>
  <string name="add_transaction_amount_friendly_title">{crwdns82:0}{crwdne82:0}</string>
  <string name="add_transaction_title_add">{crwdns83:0}{crwdne83:0}</string>
  <string name="add_transaction_title_edit">{crwdns84:0}{crwdne84:0}</string>
  <string name="add_transaction_title_view">{crwdns2160:0}{crwdne2160:0}</string>
  <string name="add_transaction_note_title_normal">{crwdns85:0}{crwdne85:0}</string>
  <string name="add_transaction_note_hint">{crwdns86:0}{crwdne86:0}</string>
  <string name="add_transaction_cancel_adding">{crwdns87:0}{crwdne87:0}</string>
  <string name="add_transaction_discard_edit">{crwdns1709:0}{crwdne1709:0}</string>
  <string name="add_transaction_account_alert_currency_change">{crwdns89:0}%1$s{crwdnd89:0}%2$s{crwdne89:0}</string>
  <string name="add_transaction_account_alert_currency_change_start">{crwdns90:0}{crwdne90:0}</string>
  <string name="add_transaction_account_alert_currency_change_middle">{crwdns91:0}{crwdne91:0}</string>
  <string name="add_transaction_account_alert_currency_change_end">{crwdns92:0}{crwdne92:0}</string>
  <string name="add_transaction_add_success">{crwdns93:0}{crwdne93:0}</string>
  <string name="add_transaction_category_hint">{crwdns95:0}{crwdne95:0}</string>
  <string name="add_transaction_with_title">{crwdns96:0}{crwdne96:0}</string>
  <string name="add_transaction_with_hint">{crwdns97:0}{crwdne97:0}</string>
  <string name="add_transaction_reminder_empty">{crwdns100:0}{crwdne100:0}</string>
  <string name="add_transaction_subtransaction_title">{crwdns2257:0}{crwdne2257:0}</string>
  <string name="add_transaction_timecreated_title">{crwdns104:0}{crwdne104:0}</string>
  <string name="add_transaction_reminder_title">{crwdns105:0}{crwdne105:0}</string>
  <string name="add_transaction_error_amount">{crwdns106:0}{crwdne106:0}</string>
  <string name="add_transaction_error_category">{crwdns1710:0}{crwdne1710:0}</string>
  <string name="debtor">{crwdns108:0}{crwdne108:0}</string>
  <string name="lender">{crwdns109:0}{crwdne109:0}</string>
  <string name="for_reason">{crwdns110:0}%1$s{crwdne110:0}</string>
  <string name="someone">{crwdns111:0}{crwdne111:0}</string>
  <string name="someone_hint">{crwdns112:0}{crwdne112:0}</string>
  <string name="add_transaction_note_spend_from_saving">{crwdns2091:0}%1$s{crwdne2091:0}</string>
  <string name="add_transaction_no_category_found">{crwdns114:0}{crwdne114:0}</string>
  <string name="warning_big_amount_message">{crwdns115:0}{crwdne115:0}</string>
  <string name="warning_big_amount_dont_show_again">{crwdns116:0}{crwdne116:0}</string>
  <string name="im_wrong">{crwdns117:0}{crwdne117:0}</string>
  <string name="add_note">{crwdns118:0}{crwdne118:0}</string>
  <string name="set_reminder_remove_reminder">{crwdns119:0}{crwdne119:0}</string>
  <string name="convert_currency_title_dialog">{crwdns120:0}{crwdne120:0}</string>
  <string name="convert_currency_message_convert_complete">{crwdns121:0}{crwdne121:0}</string>
  <string name="convert_currency_message_convert_error">{crwdns122:0}{crwdne122:0}</string>
  <string name="convert_currency_message_converting">{crwdns123:0}{crwdne123:0}</string>
  <string name="edit_transaction_confirm_change_category_for_debtloan">{crwdns124:0}{crwdne124:0}</string>
  <string name="edit_transaction_mark_remove">{crwdns125:0}{crwdne125:0}</string>
  <string name="edit_transaction_mark_remove_message">{crwdns2258:0}{crwdne2258:0}</string>
  <string name="delete_sub_transaction">{crwdns126:0}{crwdne126:0}</string>
  <string name="sub_transaction_title">{crwdns127:0}{crwdne127:0}</string>
  <string name="quick_add_transaction_dialog_title">{crwdns128:0}{crwdne128:0}</string>
  <string name="quick_add_notification_ticker">{crwdns129:0}{crwdne129:0}</string>
  <string name="quick_add_transaction_title">{crwdns130:0}%1$s{crwdne130:0}</string>
  <string name="quick_add_transaction_notification_text">{crwdns131:0}{crwdne131:0}</string>
  <string name="add_account_title_add">{crwdns132:0}{crwdne132:0}</string>
  <string name="add_account_title_edit">{crwdns133:0}{crwdne133:0}</string>
  <string name="add_account_name_title">{crwdns134:0}{crwdne134:0}</string>
  <string name="add_account_currency_title">{crwdns135:0}{crwdne135:0}</string>
  <string name="add_account_start_balance_title">{crwdns136:0}{crwdne136:0}</string>
  <string name="add_account_error_accountname_exists">{crwdns138:0}{crwdne138:0}</string>
  <string name="add_account_error_accountname_length_invalid">{crwdns1711:0}%1$s{crwdnd1711:0}%2$s{crwdne1711:0}</string>
  <string name="add_account_discard_changed">{crwdns1712:0}{crwdne1712:0}</string>
  <string name="add_account_note_for_initial_balance">{crwdns142:0}{crwdne142:0}</string>
  <string name="add_account_shortcut_title">{crwdns144:0}{crwdne144:0}</string>
  <string name="add_account_shortcut_success">{crwdns145:0}{crwdne145:0}</string>
  <string name="account_manager_title">{crwdns148:0}{crwdne148:0}</string>
  <string name="account_manager_confirm_delete_account">{crwdns1714:0}%1$s{crwdne1714:0}</string>
  <string name="time_picker_dialog_title">{crwdns151:0}{crwdne151:0}</string>
  <string name="navigation_cashbook">{crwdns2369:0}{crwdne2369:0}</string>
  <string name="navigation_budget">{crwdns155:0}{crwdne155:0}</string>
  <string name="navigation_campaign">{crwdns156:0}{crwdne156:0}</string>
  <string name="navigation_event">{crwdns157:0}{crwdne157:0}</string>
  <string name="navigation_category_manager">{crwdns158:0}{crwdne158:0}</string>
  <string name="navigation_statistic">{crwdns159:0}{crwdne159:0}</string>
  <string name="navigation_settings">{crwdns160:0}{crwdne160:0}</string>
  <string name="navigation_feedback">{crwdns161:0}{crwdne161:0}</string>
  <string name="navigation_debt_manager">{crwdns162:0}{crwdne162:0}</string>
  <string name="navigation_tools">{crwdns163:0}{crwdne163:0}</string>
  <string name="navigation_about">{crwdns164:0}{crwdne164:0}</string>
  <string name="navigation_sync">{crwdns165:0}{crwdne165:0}</string>
  <string name="navigation_logout">{crwdns166:0}{crwdne166:0}</string>
  <string name="navigation_login">{crwdns2334:0}{crwdne2334:0}</string>
  <string name="navigation_database">{crwdns1995:0}{crwdne1995:0}</string>
  <string name="navigation_copyright">{crwdns2161:0}{crwdne2161:0}</string>
  <string name="tools_interest_rate">{crwdns168:0}{crwdne168:0}</string>
  <string name="tools_export_csv">{crwdns169:0}{crwdne169:0}</string>
  <string name="tools_export_excel">{crwdns1996:0}{crwdne1996:0}</string>
  <string name="tools_tip_calculator">{crwdns170:0}{crwdne170:0}</string>
  <string name="tools_find_atm">{crwdns171:0}{crwdne171:0}</string>
  <string name="tools_find_bank">{crwdns172:0}{crwdne172:0}</string>
  <string name="tools_install_app">{crwdns173:0}{crwdne173:0}</string>
  <string name="tools_install_app_message">{crwdns1715:0}%1$s{crwdne1715:0}</string>
  <string name="statistic_monthly_report">{crwdns175:0}{crwdne175:0}</string>
  <string name="bank_finder">{crwdns176:0}{crwdne176:0}</string>
  <string name="bank_finder_hint">{crwdns177:0}{crwdne177:0}</string>
  <string name="bank_finder_input_bank_name">{crwdns178:0}{crwdne178:0}</string>
  <string name="open_file">{crwdns179:0}{crwdne179:0}</string>
  <string name="export_fail">{crwdns180:0}{crwdne180:0}</string>
  <string name="export_success">{crwdns181:0}{crwdne181:0}</string>
  <string name="select_account">{crwdns182:0}{crwdne182:0}</string>
  <string name="export_csv">{crwdns183:0}{crwdne183:0}</string>
  <string name="export_excel">{crwdns1997:0}{crwdne1997:0}</string>
  <string name="attach_to_email">{crwdns184:0}{crwdne184:0}</string>
  <string name="delimiter">{crwdns185:0}{crwdne185:0}</string>
  <string name="atm_finder">{crwdns186:0}{crwdne186:0}</string>
  <string name="change">{crwdns187:0}{crwdne187:0}</string>
  <string name="send_mail">{crwdns188:0}{crwdne188:0}</string>
  <string name="contact_me">{crwdns189:0}{crwdne189:0}</string>
  <string name="about_thanks">{crwdns2259:0}{crwdne2259:0}</string>
  <string name="about_developed">{crwdns2163:0}{crwdne2163:0}</string>
  <string name="about_view_profile_facebook">{crwdns1718:0}{crwdne1718:0}</string>
  <string name="budget_overspent">{crwdns195:0}{crwdne195:0}</string>
  <string name="budget_finished">{crwdns196:0}{crwdne196:0}</string>
  <string name="budget_spent">{crwdns197:0}{crwdne197:0}</string>
  <string name="budget_all_category">{crwdns198:0}{crwdne198:0}</string>
  <string name="create_budget_title_add">{crwdns199:0}{crwdne199:0}</string>
  <string name="create_budget_title_edit">{crwdns200:0}{crwdne200:0}</string>
  <string name="create_budget_create_for">{crwdns201:0}{crwdne201:0}</string>
  <string name="create_budget_time_range">{crwdns202:0}{crwdne202:0}</string>
  <string name="budget_detail_delete_confirm_message">{crwdns1719:0}{crwdne1719:0}</string>
  <string name="create_budget_message_select_day_error">{crwdns205:0}{crwdne205:0}</string>
  <string name="create_budget_message_duplicate_DB">{crwdns2260:0}{crwdne2260:0}</string>
  <string name="create_budget_message_warning_enter_amount">{crwdns207:0}{crwdne207:0}</string>
  <string name="create_budget_message_error_category">{crwdns208:0}{crwdne208:0}</string>
  <string name="create_budget_message_error_time">{crwdns209:0}{crwdne209:0}</string>
  <string name="budget_overview_monthly">{crwdns211:0}{crwdne211:0}</string>
  <string name="budget_overview_custom">{crwdns212:0}{crwdne212:0}</string>
  <string name="budget_overview_no_data_guide">{crwdns1721:0}%1$s{crwdne1721:0}</string>
  <string name="budget_detail_category">{crwdns219:0}%1$s{crwdne219:0}</string>
  <string name="budget_detail_account_detail_emptyview_message">{crwdns1998:0}{crwdne1998:0}</string>
  <string name="budget_detail_list_transactions_title">{crwdns222:0}{crwdne222:0}</string>
  <string name="clear_template">{crwdns224:0}{crwdne224:0}</string>
  <string name="budget_template">{crwdns225:0}{crwdne225:0}</string>
  <string name="dialog_enter_amount_title">{crwdns226:0}{crwdne226:0}</string>
  <string name="security_pin_title_create">{crwdns227:0}{crwdne227:0}</string>
  <string name="security_pin_title_confirm">{crwdns228:0}{crwdne228:0}</string>
  <string name="security_pin_title_open">{crwdns229:0}{crwdne229:0}</string>
  <string name="security_pin_message_remove">{crwdns230:0}{crwdne230:0}</string>
  <string name="security_pin_title_wrong_password">{crwdns231:0}{crwdne231:0}</string>
  <string name="security_pin_message_try_again">{crwdns232:0}{crwdne232:0}</string>
  <string name="is_latest_version">{crwdns233:0}{crwdne233:0}</string>
  <string name="update">{crwdns234:0}{crwdne234:0}</string>
  <string name="has_new_version">{crwdns235:0}{crwdne235:0}</string>
  <string name="no_internet">{crwdns236:0}{crwdne236:0}</string>
  <string name="check_update">{crwdns237:0}{crwdne237:0}</string>
  <string name="thanks_feedback">{crwdns238:0}{crwdne238:0}</string>
  <string name="add_sub_transaction_input_more_than_left">{crwdns1723:0}{crwdne1723:0}</string>
  <string name="warning">{crwdns244:0}{crwdne244:0}</string>
  <string name="process">{crwdns2261:0}{crwdne2261:0}</string>
  <string name="error_no_google_map">{crwdns246:0}{crwdne246:0}</string>
  <string name="set">{crwdns247:0}{crwdne247:0}</string>
  <string name="category_manager_title">{crwdns248:0}{crwdne248:0}</string>
  <string name="category_manager_notice_cannot_edit_default_category">{crwdns1724:0}{crwdne1724:0}</string>
  <string name="category_manager_confirm_delete_category">{crwdns1725:0}%1$s{crwdne1725:0}</string>
  <string name="category_manager_delete_success_message">{crwdns251:0}%1$s{crwdne251:0}</string>
  <string name="create_category_title">{crwdns252:0}{crwdne252:0}</string>
  <string name="edit_category_title">{crwdns253:0}{crwdne253:0}</string>
  <string name="create_category_name_title">{crwdns255:0}{crwdne255:0}</string>
  <string name="create_category_select_icon_title">{crwdns256:0}{crwdne256:0}</string>
  <string name="create_category_default_parent_category">{crwdns259:0}{crwdne259:0}</string>
  <string name="create_category_parent_category">{crwdns260:0}{crwdne260:0}</string>
  <string name="create_category_hint_name_review">{crwdns2262:0}{crwdne2262:0}</string>
  <string name="create_category_message_duplicate_DB">{crwdns262:0}{crwdne262:0}</string>
  <string name="create_category_select_type_error">{crwdns263:0}{crwdne263:0}</string>
  <string name="create_category_input_name_error">{crwdns264:0}{crwdne264:0}</string>
  <string name="create_category_select_icon_error">{crwdns265:0}{crwdne265:0}</string>
  <string name="select_parent_category_title">{crwdns266:0}{crwdne266:0}</string>
  <string name="message_transfer_successful">{crwdns1726:0}{crwdne1726:0}</string>
  <string name="title_dialog_transfer">{crwdns268:0}%1$s{crwdne268:0}</string>
  <string name="back">{crwdns269:0}{crwdne269:0}</string>
  <string name="message_currency_error">{crwdns1727:0}%1$s{crwdnd1727:0}%2$s{crwdne1727:0}</string>
  <string name="note_income_transfer">{crwdns1728:0}%1$s{crwdne1728:0}</string>
  <string name="message_amount_zero">{crwdns1729:0}{crwdne1729:0}</string>
  <string name="default_note_transfer">{crwdns1730:0}%1$s{crwdne1730:0}</string>
  <string name="monthly_report_start_balance">{crwdns275:0}{crwdne275:0}</string>
  <string name="monthly_report_this_month_balance">{crwdns2356:0}{crwdne2356:0}</string>
  <string name="monthly_report_end_balance">{crwdns276:0}{crwdne276:0}</string>
  <string name="monthly_report_compare_to_previous_month">{crwdns277:0}{crwdne277:0}</string>
  <string name="monthly_report_largest_expense">{crwdns278:0}{crwdne278:0}</string>
  <string name="monthly_report_expense_by_category">{crwdns279:0}{crwdne279:0}</string>
  <string name="monthly_report_nodata">{crwdns280:0}{crwdne280:0}</string>
  <string name="monthly_report_nodata_guide">{crwdns281:0}{crwdne281:0}</string>
  <string name="search_result">{crwdns282:0}{crwdne282:0}</string>
  <string name="type">{crwdns283:0}{crwdne283:0}</string>
  <string name="with">{crwdns284:0}{crwdne284:0}</string>
  <string name="select_time">{crwdns285:0}{crwdne285:0}</string>
  <string name="notification_center_message_empty_notification">{crwdns286:0}{crwdne286:0}</string>
  <string name="notification_center_title">{crwdns287:0}{crwdne287:0}</string>
  <string name="notification_center_delete_read_notifications">{crwdns288:0}{crwdne288:0}</string>
  <string name="notification_center_mark_all_as_read">{crwdns289:0}{crwdne289:0}</string>
  <string name="debt_manager_title">{crwdns290:0}{crwdne290:0}</string>
  <string name="debt_wallet">{crwdns2264:0}{crwdne2264:0}</string>
  <string name="loan_wallet">{crwdns2265:0}{crwdne2265:0}</string>
  <string name="now">{crwdns293:0}{crwdne293:0}</string>
  <string name="past">{crwdns294:0}{crwdne294:0}</string>
  <string name="note_transaction_saving">{crwdns2092:0}%1$s{crwdne2092:0}</string>
  <string name="saving_overview_title">{crwdns296:0}{crwdne296:0}</string>
  <string name="saving_overview_deposit">{crwdns297:0}{crwdne297:0}</string>
  <string name="saving_overview_need">{crwdns298:0}{crwdne298:0}</string>
  <string name="saving_overview_spend">{crwdns299:0}{crwdne299:0}</string>
  <string name="saving_overview_withdraw">{crwdns300:0}{crwdne300:0}</string>
  <string name="saving_deposit">{crwdns2093:0}%1$s{crwdne2093:0}</string>
  <string name="saving_withdraw_default_note">{crwdns2094:0}%1$s{crwdne2094:0}</string>
  <string name="saving_overview_no_data_guide">{crwdns303:0}%1$s{crwdne303:0}</string>
  <string name="saving_menu_deposit">{crwdns304:0}{crwdne304:0}</string>
  <string name="saving_menu_withdraw">{crwdns305:0}{crwdne305:0}</string>
  <string name="saving_menu_spendon">{crwdns1731:0}{crwdne1731:0}</string>
  <string name="saving_add_title">{crwdns1999:0}{crwdne1999:0}</string>
  <string name="saving_edit_title">{crwdns310:0}{crwdne310:0}</string>
  <string name="saving_add_name_title">{crwdns311:0}{crwdne311:0}</string>
  <string name="saving_add_start_amount">{crwdns313:0}{crwdne313:0}</string>
  <string name="saving_add_success">{crwdns314:0}{crwdne314:0}</string>
  <string name="saving_add_error_goal_amount">{crwdns315:0}{crwdne315:0}</string>
  <string name="saving_add_error_name">{crwdns316:0}{crwdne316:0}</string>
  <string name="saving_add_error_icon">{crwdns317:0}{crwdne317:0}</string>
  <string name="saving_add_cancel_adding">{crwdns318:0}{crwdne318:0}</string>
  <string name="saving_add_discard_edit">{crwdns319:0}{crwdne319:0}</string>
  <string name="dialog_select_event_remove">{crwdns322:0}{crwdne322:0}</string>
  <string name="event_add_title">{crwdns324:0}{crwdne324:0}</string>
  <string name="event_edit_title">{crwdns325:0}{crwdne325:0}</string>
  <string name="event_input_name_error">{crwdns326:0}{crwdne326:0}</string>
  <string name="event_select_icon_error">{crwdns327:0}{crwdne327:0}</string>
  <string name="event_overview_view_transactions">{crwdns328:0}{crwdne328:0}</string>
  <string name="event_overview_deposit">{crwdns329:0}{crwdne329:0}</string>
  <string name="event_overview_withdraw">{crwdns330:0}{crwdne330:0}</string>
  <string name="event_overview_deposited">{crwdns331:0}{crwdne331:0}</string>
  <string name="event_overview_finish">{crwdns334:0}{crwdne334:0}</string>
  <string name="event_overview_no_data_guide">{crwdns335:0}%1$s{crwdne335:0}</string>
  <string name="event_menu_mark_as_finished">{crwdns337:0}{crwdne337:0}</string>
  <string name="event_menu_mark_as_unfinish">{crwdns338:0}{crwdne338:0}</string>
  <string name="interest_rate_title">{crwdns340:0}{crwdne340:0}</string>
  <string name="interest_rate">{crwdns342:0}{crwdne342:0}</string>
  <string name="time_from">{crwdns343:0}{crwdne343:0}</string>
  <string name="select_type_interest">{crwdns345:0}{crwdne345:0}</string>
  <string name="date_to_invalid">{crwdns346:0}{crwdne346:0}</string>
  <string name="amount_empty">{crwdns347:0}{crwdne347:0}</string>
  <string name="time_mode_interest">{crwdns348:0}{crwdne348:0}</string>
  <string name="rate_empty">{crwdns349:0}{crwdne349:0}</string>
  <string name="time_empty">{crwdns350:0}{crwdne350:0}</string>
  <string name="interest">{crwdns351:0}{crwdne351:0}</string>
  <string name="number_of_period">{crwdns352:0}{crwdne352:0}</string>
  <string name="total_amount">{crwdns353:0}{crwdne353:0}</string>
  <string name="interest_result">{crwdns354:0}{crwdne354:0}</string>
  <string name="total_people">{crwdns355:0}%d{crwdne355:0}</string>
  <string name="percent_tip">{crwdns2095:0}%1$s{crwdnd2095:0}%%{crwdne2095:0}</string>
  <string name="total_pay">{crwdns358:0}{crwdne358:0}</string>
  <string name="total_tip">{crwdns359:0}{crwdne359:0}</string>
  <string name="total_tip_person">{crwdns360:0}{crwdne360:0}</string>
  <string name="total_per_person">{crwdns361:0}{crwdne361:0}</string>
  <string name="note_it">{crwdns362:0}{crwdne362:0}</string>
  <string name="no_tip">{crwdns363:0}{crwdne363:0}</string>
  <string name="more_people">{crwdns364:0}{crwdne364:0}</string>
  <string name="more_tip">{crwdns365:0}{crwdne365:0}</string>
  <string name="calculate">{crwdns366:0}{crwdne366:0}</string>
  <string name="change_review">{crwdns2125:0}%1$s{crwdnd2125:0}%%{crwdne2125:0}</string>
  <string name="empty_amount">{crwdns368:0}{crwdne368:0}</string>
  <string name="inapp_purchase">{crwdns372:0}{crwdne372:0}</string>
  <string name="message_purchase_error">{crwdns373:0}{crwdne373:0}</string>
  <string name="message_purchase_success">{crwdns374:0}{crwdne374:0}</string>
  <string name="purchase_bought">{crwdns375:0}{crwdne375:0}</string>
  <string name="reset_app_to_change">{crwdns376:0}{crwdne376:0}</string>
  <string name="purchase_buy_all_title">{crwdns377:0}{crwdne377:0}</string>
  <string name="purchase_buy_all_text">{crwdns1732:0}{crwdne1732:0}</string>
  <string name="purchase_buy_ads_title">{crwdns379:0}{crwdne379:0}</string>
  <string name="purchase_buy_ads_text">{crwdns380:0}{crwdne380:0}</string>
  <string name="purchase_input_premium_code_text">{crwdns381:0}{crwdne381:0}</string>
  <string name="purchase_notice_buy_features">{crwdns382:0}{crwdne382:0}</string>
  <string name="premium_code">{crwdns383:0}{crwdne383:0}</string>
  <string name="license_code_not_correct">{crwdns384:0}{crwdne384:0}</string>
  <string name="license_code_success">{crwdns385:0}%1$s{crwdne385:0}</string>
  <string name="widget_select_account_empty">{crwdns386:0}{crwdne386:0}</string>
  <string name="widget_simple_light_name">{crwdns387:0}{crwdne387:0}</string>
  <string name="widget_select_account_title">{crwdns388:0}{crwdne388:0}</string>
  <string name="ail_message_empty_image">{crwdns389:0}{crwdne389:0}</string>
  <string name="ail_guide_1">{crwdns1733:0}{crwdne1733:0}</string>
  <string name="ail_guide_2">{crwdns1734:0}{crwdne1734:0}</string>
  <string name="migrate_dialog_message">{crwdns393:0}{crwdne393:0}</string>
  <string name="migrate_dialog_notice">{crwdns394:0}{crwdne394:0}</string>
  <string name="migrate_dialog_disabled_function">{crwdns395:0}{crwdne395:0}</string>
  <string name="migrate_dialog_cancel_message">{crwdns396:0}%1$s{crwdne396:0}</string>
  <string name="migrate_processing_transfer_currencies">{crwdns397:0}{crwdne397:0}</string>
  <string name="migrate_processing_transfer_accounts">{crwdns398:0}{crwdne398:0}</string>
  <string name="migrate_processing_transfer_master_categories">{crwdns1735:0}{crwdne1735:0}</string>
  <string name="migrate_processing_transfer_categories">{crwdns1736:0}{crwdne1736:0}</string>
  <string name="migrate_processing_transfer_transactions">{crwdns1737:0}{crwdne1737:0}</string>
  <string name="migrate_processing_transfer_tagged_people">{crwdns402:0}{crwdne402:0}</string>
  <string name="migrate_processing_transfer_sub_transactions">{crwdns403:0}{crwdne403:0}</string>
  <string name="migrate_processing_transfer_interests">{crwdns404:0}{crwdne404:0}</string>
  <string name="migrate_processing_transfer_bills">{crwdns405:0}{crwdne405:0}</string>
  <string name="migrate_processing_transfer_budgets">{crwdns406:0}{crwdne406:0}</string>
  <string name="migrate_processing_transfer_campaigns">{crwdns407:0}{crwdne407:0}</string>
  <string name="restore_title">{crwdns408:0}{crwdne408:0}</string>
  <string name="restore_message_successful">{crwdns1738:0}{crwdne1738:0}</string>
  <string name="restore_message_error">{crwdns410:0}{crwdne410:0}</string>
  <string name="restore_loading_file_from_dropbox">{crwdns411:0}{crwdne411:0}</string>
  <string name="restore_connect_dropbox">{crwdns412:0}{crwdne412:0}</string>
  <string name="restore_message">{crwdns413:0}{crwdne413:0}</string>
  <string name="restore_message_edit">{crwdns1739:0}{crwdne1739:0}</string>
  <string name="restore_empty_file">{crwdns415:0}{crwdne415:0}</string>
  <string name="restore_disconnect_dropbox">{crwdns416:0}{crwdne416:0}</string>
  <string name="restore_disconnect_dropbox_confirm">{crwdns417:0}{crwdne417:0}</string>
  <string name="backup_title">{crwdns418:0}{crwdne418:0}</string>
  <string name="backup_file_name">{crwdns419:0}{crwdne419:0}</string>
  <string name="backup_notice_about_file_ext">{crwdns2127:0}%1$s{crwdne2127:0}</string>
  <string name="backup_success_message">{crwdns421:0}{crwdne421:0}</string>
  <string name="backup_fail_message">{crwdns422:0}{crwdne422:0}</string>
  <string name="navigation_group_support">{crwdns424:0}{crwdne424:0}</string>
  <string name="navigation_group_setting">{crwdns425:0}{crwdne425:0}</string>
  <string name="navigation_group_plans">{crwdns2000:0}{crwdne2000:0}</string>
  <string name="navigation_group_others">{crwdns2001:0}{crwdne2001:0}</string>
  <string name="navigation_group_tools">{crwdns2002:0}{crwdne2002:0}</string>
  <string name="widget_account_was_deleted">{crwdns2250:0}{crwdne2250:0}</string>
  <string name="tools_install_go_to_playstore">{crwdns1740:0}{crwdne1740:0}</string>
  <string name="tools_shopping_lover_intro">{crwdns1741:0}{crwdne1741:0}</string>
  <string name="tools_exchanger_intro">{crwdns1742:0}{crwdne1742:0}</string>
  <string name="rate_app_dont_show_again">{crwdns1743:0}{crwdne1743:0}</string>
  <string name="rate_app_dont_show_again_short">{crwdns1744:0}{crwdne1744:0}</string>
  <string name="rate_app_config_title">{crwdns1745:0}{crwdne1745:0}</string>
  <string name="delete">{crwdns433:0}{crwdne433:0}</string>
  <string name="restore_delete_message">{crwdns1746:0}{crwdne1746:0}</string>
  <string name="restore_message_confirm">{crwdns1747:0}%1$s{crwdne1747:0}</string>
  <string name="restore_autobackup_fail">{crwdns1748:0}{crwdne1748:0}</string>
  <string name="deleting">{crwdns1749:0}{crwdne1749:0}</string>
  <string name="purchase_error_unknown">{crwdns1750:0}{crwdne1750:0}</string>
  <string name="purchase_please_wait_until_data_is_loaded">{crwdns1751:0}{crwdne1751:0}</string>
  <string name="announce_update_lost_data_message">{crwdns1752:0}{crwdne1752:0}</string>
  <string name="announce_update_lost_data_message_title">{crwdns1753:0}{crwdne1753:0}</string>
  <string name="cannot_find_my_language">{crwdns1754:0}{crwdne1754:0}</string>
  <string name="feedback_language_text">{crwdns1755:0}{crwdne1755:0}</string>
  <string name="feedback_language_subject">{crwdns1756:0}{crwdne1756:0}</string>
  <string name="message_more_languages">{crwdns1757:0}{crwdne1757:0}</string>
  <string name="message_more_languages_help">{crwdns1758:0}{crwdne1758:0}</string>
  <string name="languagehelp_ok">{crwdns1759:0}{crwdne1759:0}</string>
  <string name="languagehelp_cancel">{crwdns1760:0}{crwdne1760:0}</string>
  <string name="languagehelp_title">{crwdns1761:0}{crwdne1761:0}</string>
  <string name="changes_log_title">{crwdns1762:0}{crwdne1762:0}</string>
  <string name="restore_menu_show_auto_backup">{crwdns1763:0}{crwdne1763:0}</string>
  <string name="restore_menu_hide_auto_backup">{crwdns1764:0}{crwdne1764:0}</string>
  <string name="restore_menu_edit">{crwdns1765:0}{crwdne1765:0}</string>
  <string name="title_view_web">{crwdns2266:0}{crwdne2266:0}</string>
  <string name="title_notification_web">{crwdns1767:0}{crwdne1767:0}</string>
  <string name="turn_on_web">{crwdns1768:0}{crwdne1768:0}</string>
  <string name="turn_off_web">{crwdns1769:0}{crwdne1769:0}</string>
  <string name="tab_to_turn_off_web">{crwdns2004:0}{crwdne2004:0}</string>
  <string name="budget_detail_error_budget_not_exists">{crwdns1771:0}{crwdne1771:0}</string>
  <string name="new_expense_category">{crwdns1772:0}{crwdne1772:0}</string>
  <string name="new_income_category">{crwdns1773:0}{crwdne1773:0}</string>
  <string name="turn_on_wifi">{crwdns2005:0}{crwdne2005:0}</string>
  <string name="server_off">{crwdns1775:0}{crwdne1775:0}</string>
  <string name="access_link">%1$s</string>
  <string name="previous_web">{crwdns1777:0}{crwdne1777:0}</string>
  <string name="next_web">{crwdns1778:0}{crwdne1778:0}</string>
  <string name="webdisplay_status_title">{crwdns1779:0}{crwdne1779:0}</string>
  <string name="webdisplay_menu_help">{crwdns1780:0}{crwdne1780:0}</string>
  <string name="webdisplay_menu_advance">{crwdns1781:0}{crwdne1781:0}</string>
  <string name="add_web">{crwdns1782:0}{crwdne1782:0}</string>
  <string name="cashback_loan_info">{crwdns1783:0}%1$s{crwdne1783:0}</string>
  <string name="webdisplay_turning_on">{crwdns1784:0}{crwdne1784:0}</string>
  <string name="webdisplay_turned_on">{crwdns1785:0}{crwdne1785:0}</string>
  <string name="webdisplay_turning_off">{crwdns1786:0}{crwdne1786:0}</string>
  <string name="webdisplay_turned_off">{crwdns1787:0}{crwdne1787:0}</string>
  <string name="set_as_start_date">{crwdns2007:0}{crwdne2007:0}</string>
  <string name="set_as_end_date">{crwdns2008:0}{crwdne2008:0}</string>
  <string name="webdisplay_warning_port_over">{crwdns2009:0}%1$s{crwdnd2009:0}%2$s{crwdne2009:0}</string>
  <string name="webdisplay_warning_port_web">{crwdns2010:0}%1$s{crwdne2010:0}</string>
  <string name="webdisplay_will_change_port">{crwdns2011:0}{crwdne2011:0}</string>
  <string name="webdisplay_open_web_browser">{crwdns2012:0}{crwdne2012:0}</string>
  <string name="webdisplay_warning_port_exist">{crwdns2013:0}{crwdne2013:0}</string>
  <string name="webdisplay_change_port">{crwdns2014:0}{crwdne2014:0}</string>
  <string name="webdisplay_web_actions">{crwdns2016:0}{crwdne2016:0}</string>
  <string name="webdisplay_web_feedback_support">{crwdns2017:0}{crwdne2017:0}</string>
  <string name="webdisplay_web_add_more">{crwdns2018:0}{crwdne2018:0}</string>
  <string name="reset_data_message">{crwdns2019:0}{crwdne2019:0}</string>
  <string name="upload_to_dropbox_success">{crwdns2020:0}{crwdne2020:0}</string>
  <string name="message_large_spend_amount">{crwdns2021:0}{crwdne2021:0}</string>
  <string name="message_error_select_parent_cate">{crwdns2022:0}{crwdne2022:0}</string>
  <string name="translated_by">{crwdns2089:0}%1$s{crwdne2089:0}</string>
  <string name="add_transaction_with_suggestion">{crwdns2098:0}{crwdne2098:0}</string>
  <string name="msg_add_transaction_first">{crwdns2103:0}{crwdne2103:0}</string>
  <string name="global">{crwdns2128:0}{crwdne2128:0}</string>
  <string name="notification_bank_sms_title">{crwdns2251:0}%1$s{crwdnd2251:0}%2$s{crwdne2251:0}</string>
  <string name="custom_range_cashbook">{crwdns2130:0}{crwdne2130:0}</string>
  <string name="navigation_travel_mode">{crwdns2131:0}{crwdne2131:0}</string>
  <string name="select_event_title">{crwdns2132:0}{crwdne2132:0}</string>
  <string name="travel_mode_description">{crwdns2134:0}{crwdne2134:0}</string>
  <string name="travel_mode_activated_message">{crwdns2135:0}{crwdne2135:0}</string>
  <string name="travel_mode_turn_off_message">{crwdns2136:0}{crwdne2136:0}</string>
  <string name="travel_mode_quick_add_notification">{crwdns2137:0}%1$s{crwdne2137:0}</string>
  <string name="travel_mode_turned_off_message">{crwdns2138:0}{crwdne2138:0}</string>
  <string name="purchase_description">{crwdns2164:0}{crwdne2164:0}</string>
  <string name="backup_select_one">{crwdns2171:0}{crwdne2171:0}</string>
  <string name="repeat_transaction_mode_month_same_days">{crwdns2172:0}%1$s{crwdne2172:0}</string>
  <string name="repeat_transaction_mode_month_this_day">{crwdns2173:0}%1$s{crwdnd2173:0}%2$s{crwdne2173:0}</string>
  <string name="repeat_transaction_times_duration_for_a_number_of_event_shorted">{crwdns2174:0}{crwdne2174:0}</string>
  <string name="repeat_transaction_manager">{crwdns2267:0}{crwdne2267:0}</string>
  <string name="recent_transaction_no_transactions">{crwdns2176:0}{crwdne2176:0}</string>
  <string name="repeat_transaction_next_repeat">{crwdns2177:0}{crwdne2177:0}</string>
  <string name="repeat_transaction_need_specify_repeat">{crwdns2178:0}{crwdne2178:0}</string>
  <string name="recent_transaction_dialog_list_title">{crwdns2181:0}{crwdne2181:0}</string>
  <string name="repeat_transaction_message_confirm_delete_template">{crwdns2182:0}{crwdne2182:0}</string>
  <string name="repeat_transaction_no_template">{crwdns2183:0}{crwdne2183:0}</string>
  <string name="repeat_transaction_no_repeat">{crwdns2184:0}{crwdne2184:0}</string>
  <string name="repeat_transaction_next_repeat_at">{crwdns2185:0}%1$s{crwdne2185:0}</string>
  <string name="share_need_to_download_before_sharing">{crwdns2186:0}{crwdne2186:0}</string>
  <string name="repeat_transaction_add_template">{crwdns2268:0}{crwdne2268:0}</string>
  <string name="repeat_transaction_edit_template">{crwdns2269:0}{crwdne2269:0}</string>
  <string name="recent_transaction_show_when_add_transaction">{crwdns2189:0}{crwdne2189:0}</string>
  <string name="message_login_now">{crwdns2401:0}{crwdne2401:0}</string>
  <string name="recent_transaction_dialog_description">{crwdns2192:0}{crwdne2192:0}</string>
  <string name="repeat_transaction_every">{crwdns2270:0}{crwdne2270:0}</string>
  <string name="repeat_transaction_from">{crwdns2271:0}{crwdne2271:0}</string>
  <string name="repeat_transaction_at">{crwdns2272:0}{crwdne2272:0}</string>
  <string name="repeat_transaction_times">{crwdns2273:0}{crwdne2273:0}</string>
  <string name="event_delete_message">{crwdns2274:0}{crwdne2274:0}</string>
  <string name="saving_delete_message">{crwdns2275:0}{crwdne2275:0}</string>
  <string name="budget_delete_message">{crwdns2276:0}{crwdne2276:0}</string>
  <string name="transaction_detail_cashback_left">{crwdns2277:0}{crwdne2277:0}</string>
  <string name="transaction_detail_cashback_paid">{crwdns2278:0}{crwdne2278:0}</string>
  <string name="add_account_error_message_no_currency">{crwdns2279:0}{crwdne2279:0}</string>
  <string name="store_download_fail">{crwdns2280:0}{crwdne2280:0}</string>
  <string name="dialog_turn_on_location_service">{crwdns2281:0}{crwdne2281:0}</string>
  <string name="set_icon_default_tab">{crwdns2282:0}{crwdne2282:0}</string>
  <string name="set_icon_tab_sdcard">{crwdns2283:0}{crwdne2283:0}</string>
  <string name="set_icon_more_tab">{crwdns2284:0}{crwdne2284:0}</string>
  <string name="store_preview_icon">{crwdns2285:0}{crwdne2285:0}</string>
  <string name="store_buy_icon">{crwdns2286:0}{crwdne2286:0}</string>
  <string name="store_icon_title">{crwdns2287:0}{crwdne2287:0}</string>
  <string name="store_purchase_preview">{crwdns2288:0}{crwdne2288:0}</string>
  <string name="download">{crwdns2289:0}{crwdne2289:0}</string>
  <string name="do_not_show_again">{crwdns2290:0}{crwdne2290:0}</string>
  <string name="new_icon_packs_are_available">{crwdns2291:0}{crwdne2291:0}</string>
  <string name="dialog_share_account">{crwdns2350:0}{crwdne2350:0}</string>
  <string name="share_account_success">{crwdns2351:0}{crwdne2351:0}</string>
  <string name="dialog_sharing_account">{crwdns2294:0}{crwdne2294:0}</string>
  <string name="email_address_invalid">{crwdns2295:0}{crwdne2295:0}</string>
  <string name="set_location_get_address_error">{crwdns2296:0}{crwdne2296:0}</string>
  <string name="cashbook_balance">{crwdns2297:0}{crwdne2297:0}</string>
  <string name="statistic_trends">{crwdns2298:0}{crwdne2298:0}</string>
  <string name="sync_transferring_data">{crwdns2299:0}{crwdne2299:0}</string>
  <string name="sync_running">{crwdns2300:0}{crwdne2300:0}</string>
  <string name="trend_criteria_collapsed_time">{crwdns2301:0}%1$s{crwdnd2301:0}%2$s{crwdne2301:0}</string>
  <string name="transaction_detail_set_location">{crwdns2302:0}{crwdne2302:0}</string>
  <string name="transaction_detail_can_not_download_image">{crwdns2303:0}{crwdne2303:0}</string>
  <string name="user_unauthenticated">{crwdns2335:0}{crwdne2335:0}</string>
  <string name="share_account_error">{crwdns2352:0}{crwdne2352:0}</string>
  <string name="beta">{crwdns2306:0}{crwdne2306:0}</string>
  <string name="sync_error">{crwdns2336:0}{crwdne2336:0}</string>
  <string name="sync_notification_ticker_text">{crwdns2337:0}{crwdne2337:0}</string>
  <string name="sync_notification_content_title">{crwdns2338:0}{crwdne2338:0}</string>
  <string name="login_success">{crwdns2339:0}{crwdne2339:0}</string>
  <string name="login_forgot_password">{crwdns2340:0}{crwdne2340:0}</string>
  <string name="register_show_password">{crwdns2341:0}{crwdne2341:0}</string>
  <string name="sync_done">{crwdns2342:0}{crwdne2342:0}</string>
  <string name="login_fail">{crwdns2402:0}{crwdne2402:0}</string>
  <string name="connecting">{crwdns2344:0}{crwdne2344:0}</string>
  <string name="sync_account">{crwdns2353:0}{crwdne2353:0}</string>
  <string name="message_sync_transfer_data">{crwdns2346:0}{crwdne2346:0}</string>
  <string name="sync_dialog_transfer_title">{crwdns2347:0}{crwdne2347:0}</string>
  <string name="sync_running_cannot_add_item">{crwdns2348:0}{crwdne2348:0}</string>
  <string name="sync_last_sync">{crwdns2349:0}%1$s{crwdne2349:0}</string>
  <string name="sync_sync_first_time">{crwdns2357:0}{crwdne2357:0}</string>
  <string name="icon_xmas_notification_title">{crwdns2358:0}{crwdne2358:0}</string>
  <string name="icon_xmas_notification_content">{crwdns2359:0}{crwdne2359:0}</string>
  <string name="store_icon_re_download">{crwdns2360:0}{crwdne2360:0}</string>
  <string name="store_icon_free">{crwdns2361:0}{crwdne2361:0}</string>
  <string name="store_icon_list_empty">{crwdns2362:0}{crwdne2362:0}</string>
  <string name="store_icon_canceled_message">{crwdns2363:0}%1$s{crwdne2363:0}</string>
  <string name="store_icon_download_finished_message">{crwdns2364:0}%1$s{crwdne2364:0}</string>
  <string name="transaction_detail_show_advanced">{crwdns2370:0}{crwdne2370:0}</string>
  <string name="refresh">{crwdns2366:0}{crwdne2366:0}</string>
  <string name="navigation_store">{crwdns2367:0}{crwdne2367:0}</string>
  <string name="create_category_select_parent_error">{crwdns2424:0}{crwdne2424:0}</string>
  <string name="sync_error_timeout">{crwdns2403:0}{crwdne2403:0}</string>
  <string name="sync_error_server_busy">{crwdns2404:0}{crwdne2404:0}</string>
  <string name="sync_register_success">{crwdns2375:0}{crwdne2375:0}</string>
  <string name="transaction_detail_warning_time_not_in_range">{crwdns2376:0}%1$s{crwdnd2376:0}%2$s{crwdne2376:0}</string>
  <string name="notification_message_remind_transaction">{crwdns2377:0}%1$s{crwdnd2377:0}%2$s{crwdne2377:0}</string>
  <string name="location_add_new_address">{crwdns2378:0}%1$s{crwdne2378:0}</string>
  <string name="category_none_name">{crwdns2379:0}{crwdne2379:0}</string>
  <string name="saving_add_startamount_over">{crwdns2380:0}{crwdne2380:0}</string>
  <string name="share_account_permission">{crwdns2381:0}{crwdne2381:0}</string>
  <string name="error_can_not_load_wallet">{crwdns2382:0}{crwdne2382:0}</string>
  <string name="select_category_tap_to_create_one">{crwdns2383:0}{crwdne2383:0}</string>
  <string name="error_can_not_change_wallet_transaction_debt_loan">{crwdns2384:0}{crwdne2384:0}</string>
  <string name="quick_add_manager_title">{crwdns2385:0}{crwdne2385:0}</string>
  <string name="account_manager_create_shortcut">{crwdns2387:0}{crwdne2387:0}</string>
  <string name="budget_no_data">{crwdns2389:0}{crwdne2389:0}</string>
  <string name="event_no_data">{crwdns2390:0}{crwdne2390:0}</string>
  <string name="saving_no_data">{crwdns2391:0}{crwdne2391:0}</string>
  <string name="notification_center_no_data">{crwdns2392:0}{crwdne2392:0}</string>
  <string name="recurring_transaction_no_data">{crwdns2393:0}{crwdne2393:0}</string>
  <string name="notification_like_fan_page_title">{crwdns2394:0}{crwdne2394:0}</string>
  <string name="notification_like_fan_page_text">{crwdns2395:0}{crwdne2395:0}</string>
  <string name="share_account_email_target">{crwdns2396:0}{crwdne2396:0}</string>
  <string name="share_account_email_error">{crwdns2397:0}{crwdne2397:0}</string>
  <string name="monthly_report_other_categories">{crwdns2405:0}{crwdne2405:0}</string>
  <string name="transfer_wallet_unknown_error_message">{crwdns2406:0}{crwdne2406:0}</string>
  <string name="forgot_password_error_wrong_email">{crwdns2407:0}{crwdne2407:0}</string>
  <string name="forgot_pass_success">{crwdns2408:0}{crwdne2408:0}</string>
  <string name="register_error_email_exists">{crwdns2409:0}{crwdne2409:0}</string>
  <string name="promote_event_expire">{crwdns2410:0}{crwdne2410:0}</string>
  <string name="promote_event_error_wrong_code">{crwdns2411:0}{crwdne2411:0}</string>
  <string name="register_error_server">{crwdns2412:0}{crwdne2412:0}</string>
  <string name="register_error_entered_info_not_enough">{crwdns2413:0}{crwdne2413:0}</string>
  <string name="purchase_post_facebook_success">{crwdns2414:0}{crwdne2414:0}</string>
  <string name="promote_event_input_successfully">{crwdns2415:0}%1$s{crwdne2415:0}</string>
  <string name="promote_event_share_facebook">{crwdns2416:0}{crwdne2416:0}</string>
  <string name="promote_event_login_description">{crwdns2417:0}%1$s{crwdnd2417:0}%1$s{crwdne2417:0}</string>
  <string name="promote_event_share_facebook_description">{crwdns2418:0}{crwdne2418:0}</string>
  <string name="notification_center_message_already_logged_in">{crwdns3053:0}{crwdne3053:0}</string>
  <string name="congratulation">{crwdns3054:0}{crwdne3054:0}</string>
  <string name="cashbook_pull_to_add_transaction">{crwdns3055:0}{crwdne3055:0}</string>
  <string name="cashbook_release_to_add_transaction">{crwdns3056:0}{crwdne3056:0}</string>
  <string-array name="cashbook_set_timerange_items">
    <item>{crwdns2307:0}{crwdne2307:0}</item>
    <item>{crwdns2308:0}{crwdne2308:0}</item>
    <item>{crwdns2309:0}{crwdne2309:0}</item>
    <item>{crwdns2310:0}{crwdne2310:0}</item>
    <item>{crwdns2311:0}{crwdne2311:0}</item>
    <item>{crwdns2312:0}{crwdne2312:0}</item>
    <item>{crwdns2313:0}{crwdne2313:0}</item>
  </string-array>
  <string-array name="delimiters">
    <item>{crwdns1800:0}{crwdne1800:0}</item>
    <item>{crwdns1801:0}{crwdne1801:0}</item>
    <item>{crwdns1802:0}{crwdne1802:0}</item>
  </string-array>
  <string-array name="create_budget_array_time_range">
    <item>{crwdns1806:0}{crwdne1806:0}</item>
    <item>{crwdns1807:0}{crwdne1807:0}</item>
    <item>{crwdns1808:0}{crwdne1808:0}</item>
    <item>{crwdns1809:0}{crwdne1809:0}</item>
    <item>{crwdns1810:0}{crwdne1810:0}</item>
    <item>{crwdns1811:0}{crwdne1811:0}</item>
    <item>{crwdns1812:0}{crwdne1812:0}</item>
  </string-array>
  <string-array name="budget_overview_titles">
    <item>{crwdns1813:0}{crwdne1813:0}</item>
    <item>{crwdns1814:0}{crwdne1814:0}</item>
  </string-array>
  <string-array name="category_manager_edit_cate_menu">
    <item>@string/edit</item>
    <item>@string/delete</item>
  </string-array>
  <string-array name="debt_overview_titles">
    <item>@string/debt_wallet</item>
    <item>@string/loan_wallet</item>
  </string-array>
  <string-array name="campaign_overview_titles">
    <item>{crwdns1819:0}{crwdne1819:0}</item>
    <item>{crwdns1820:0}{crwdne1820:0}</item>
  </string-array>
  <string-array name="arrays_time_mode">
    <item>{crwdns1821:0}{crwdne1821:0}</item>
    <item>{crwdns1822:0}{crwdne1822:0}</item>
    <item>{crwdns1823:0}{crwdne1823:0}</item>
    <item>{crwdns1824:0}{crwdne1824:0}</item>
    <item>{crwdns1825:0}{crwdne1825:0}</item>
    <item>{crwdns1826:0}{crwdne1826:0}</item>
  </string-array>
  <string-array name="arrays_type">
    <item>{crwdns1827:0}{crwdne1827:0}</item>
    <item>{crwdns1828:0}{crwdne1828:0}</item>
  </string-array>
  <string-array name="repeat_transaction_time_mode">
    <item>{crwdns2193:0}{crwdne2193:0}</item>
    <item>{crwdns2194:0}{crwdne2194:0}</item>
    <item>{crwdns2195:0}{crwdne2195:0}</item>
    <item>{crwdns2196:0}{crwdne2196:0}</item>
  </string-array>
  <string-array name="backup_list_file_backup_select_item">
    <item>@string/restore_title</item>
    <item>@string/backup_share</item>
  </string-array>
  <string-array name="repeat_transaction_mode_month_week">
    <item>{crwdns2314:0}{crwdne2314:0}</item>
    <item>{crwdns2315:0}{crwdne2315:0}</item>
    <item>{crwdns2316:0}{crwdne2316:0}</item>
    <item>{crwdns2317:0}{crwdne2317:0}</item>
    <item>{crwdns2318:0}{crwdne2318:0}</item>
    <item>{crwdns2319:0}{crwdne2319:0}</item>
  </string-array>
  <string-array name="repeat_transaction_times_duration">
    <item>{crwdns2209:0}{crwdne2209:0}</item>
    <item>{crwdns2210:0}{crwdne2210:0}</item>
    <item>{crwdns2211:0}{crwdne2211:0}</item>
  </string-array>
  <string-array name="trend_type">
    <item>@string/expense</item>
    <item>@string/income</item>
    <item>{crwdns2322:0}{crwdne2322:0}</item>
  </string-array>
  <string-array name="trend_criteria">
    <item>{crwdns2323:0}{crwdne2323:0}</item>
    <item>{crwdns2324:0}{crwdne2324:0}</item>
  </string-array>
  <plurals name="cashbook_transaction_count">
    <item quantity="one">{crwdns511:0}%d{crwdne511:0}</item>
    <item quantity="other">{crwdns511:1}%d{crwdne511:1}</item>
  </plurals>
  <plurals name="budget_days_left">
    <item quantity="one">{crwdns512:0}%d{crwdne512:0}</item>
    <item quantity="other">{crwdns512:1}%d{crwdne512:1}</item>
  </plurals>
  <plurals name="ail_view_photo_title">
    <item quantity="one">{crwdns513:0}%1$s{crwdne513:0}</item>
    <item quantity="other">{crwdns513:1}%1$s{crwdne513:1}</item>
  </plurals>
  <plurals name="editbar_selected_count">
    <item quantity="one">{crwdns1829:0}%d{crwdne1829:0}</item>
    <item quantity="other">{crwdns1829:1}%d{crwdne1829:1}</item>
  </plurals>
</resources>
