<?xml version="1.0" encoding="utf-8"?>
<!--Generated by crowdin.net-->
<resources>
  <string name="AGO">hace</string>
  <string name="DAY">un día</string>
  <string name="DAYS">%1$s días</string>
  <string name="HOUR">como una hora</string>
  <string name="HOURS">%1$s horas</string>
  <string name="MINUTE">como un minuto</string>
  <string name="MINUTES">%1$s minutos</string>
  <string name="MONTH">como un mes</string>
  <string name="MONTHS">%1$s meses</string>
  <string name="SECONDS">menos de un minuto</string>
  <string name="SUFFIX_FROM_NOW">a partir de ahora</string>
  <string name="YEAR">como un año</string>
  <string name="YEARS">%1$s años</string>
</resources>
