<?xml version="1.0" encoding="utf-8"?>
<!--Generated by crowdin.net-->
<resources>
  <string name="second">segundo</string>
  <string name="minute">minuto</string>
  <plurals name="days_left">
    <item quantity="one">%d día restante</item>
    <item quantity="other">%d días restantes</item>
  </plurals>
  <plurals name="hour_left">
    <item quantity="one">Falta %d hora</item>
    <item quantity="other">Faltan %d horas</item>
  </plurals>
  <plurals name="minute_left">
    <item quantity="one">Falta %d minuto</item>
    <item quantity="other">Faltan %d minutos</item>
  </plurals>
  <plurals name="second_left">
    <item quantity="one">Falta %d segundo</item>
    <item quantity="other">Faltan %d segundos</item>
  </plurals>
</resources>
