<?xml version="1.0" encoding="utf-8"?>
<!--Generated by crowdin.net-->
<resources>
  <string name="notice">Aviso</string>
  <string name="error">Error</string>
  <string name="close">Cerrar</string>
  <string name="cancel">Cancelar</string>
  <string name="save">Guardar</string>
  <string name="done">Listo</string>
  <string name="yes">Sí</string>
  <string name="submit">Submit</string>
  <string name="sorry">Perdón</string>
  <string name="ok">OK</string>
  <string name="search">Buscar</string>
  <string name="no">No</string>
  <string name="confirm">Confirmar</string>
  <string name="today">Hoy</string>
  <string name="tomorrow">Mañana</string>
  <string name="yesterday">Ayer</string>
  <string name="thisweek">Esta semana</string>
  <string name="nextweek">La próxima semana</string>
  <string name="lastweek">La semana pasada</string>
  <string name="thismonth">Este mes</string>
  <string name="nextmonth">Próximo mes</string>
  <string name="lastmonth">El mes pasado</string>
  <string name="thisquarter">Este trimestre</string>
  <string name="nextquarter">El próximo trimestre</string>
  <string name="lastquarter">El trimestre pasado</string>
  <string name="thisyear">Este año</string>
  <string name="nextyear">El próximo año</string>
  <string name="lastyear">El año pasado</string>
  <string name="quarter_shorten">T</string>
</resources>
