<?xml version="1.0" encoding="utf-8"?>
<!--Generated by crowdin.net-->
<resources>
  <string name="notification_message_take_photo_title">Toca para agregar la transacción de la foto &lt;b&gt;Agrégalo-más-tarde&lt;/b&gt;</string>
  <string name="notification_message_daily_alarm_title">Toca para agregar transacción por &lt;b&gt;%1$s&lt;/b&gt;</string>
  <string name="notification_message_monthly_remind">Ver informe mensual para &lt;b&gt;%1$s&lt;/b&gt;</string>
  <string name="notification_message_no_expense_today">Ningún gasto el día de hoy, ¿desea actualizar?</string>
  <string name="notification_message_remind_debt">¿Aún tienes &lt;b&gt;%1$s&lt;/b&gt; %2$s, actualizar ahora?</string>
  <string name="notification_message_remind_loan">¿&lt;b&gt;%1$s&lt;/b&gt; todavía te debe %2$s, actualizar ahora?</string>
  <string name="budget_notification_budget_warning_title">Presupuesto alcanzado %1$s%%</string>
  <string name="budget_notification_budget_warning_category_text">Quedan %1$s en &lt;b&gt;%2$s&lt;/b&gt;</string>
  <string name="budget_notification_budget_warning_account_text">Quedan %1$s en &lt;b&gt;%2$s&lt;/b&gt;</string>
  <string name="budget_notification_budget_100percent_category_text">en &lt;b&gt;%1$s&lt;/b&gt;</string>
  <string name="budget_notification_budget_100percent_account_text">en &lt;b&gt;%1$s&lt;/b&gt;</string>
  <string name="budget_notification_budget_exceeded_title">Déficit de %1$s</string>
  <string name="budget_notification_budget_exceeded_category_text">en &lt;b&gt;%1$s&lt;/b&gt;</string>
  <string name="budget_notification_budget_exceeded_account_text">en &lt;b&gt;%1$s&lt;/b&gt;</string>
  <string name="ail_notification_title">Presiona para sacar una foto</string>
  <string name="ail_notification_text">Así que puedes agregar la transacción más tarde</string>
  <string name="ail_notification_cancel_message">Puedes mostrar nuevamente esta notificación desde Ajustes</string>
  <string name="notification_monthly_alarm_title">Toca para ver el informe de</string>
  <string name="notification_monthly_alarm_text">%1$s</string>
  <string name="notification_message_auto_backup">View file backup from &lt;b&gt;%1$s&lt;/b&gt;</string>
  <string name="notification_message_repeat_transaction">Una nueva transacción fue añadida en &lt;b&gt;%1$s&lt;/b&gt;</string>
</resources>
