<?xml version="1.0" encoding="utf-8"?>
<!--Generated by crowdin.net-->
<resources>
  <string name="account">Cuenta</string>
  <string name="amount">Cantidad</string>
  <string name="budget">Presupuesto</string>
  <string name="event_title">Evento</string>
  <string name="category">Categoria</string>
  <string name="earned_from">Ganado por</string>
  <string name="end_date">Fecha de fin</string>
  <string name="expense">Gasto</string>
  <string name="goto_today">Ir a hoy</string>
  <string name="goto_thismonth">Ir a este mes</string>
  <string name="income">Ingreso</string>
  <string name="migrate">Migrar</string>
  <string name="select_category">Seleccione categoría</string>
  <string name="spent_on">Gastado en</string>
  <string name="start_date">Fecha inicial</string>
  <string name="time">Tiempo</string>
  <string name="time_range">%1$s - %2$s</string>
  <string name="loading_more">Cargando...</string>
  <string name="goal">Objetivo</string>
  <string name="edit">Edit</string>
  <string name="saved">Guardado</string>
  <string name="search_go">Ir</string>
  <string name="buy_app">Obtener \"Premium\"</string>
  <string name="undobar_message">%1$s fue borrado</string>
  <string name="backup_share">Share</string>
  <string name="version">Versión %1$s</string>
  <string name="loading">Cargando...</string>
  <string name="total">Total</string>
  <string name="splashscreen_create_account">Crear primer monedero</string>
  <string name="splash_screen_use_cloud">Go cloud (Coming soon)</string>
  <string name="splash_screen_use_cloud_info">Sync and Share transactions with easy</string>
  <string name="splash_screen_use_right_away">Sólo para este dispositivo</string>
  <string name="splash_screen_use_right_away_info">¡Ahora mismo!</string>
  <string name="welcome_message_title">How do you want to use?</string>
  <string name="welcome_message">You can change your mind at any time later</string>
  <string name="login_hint_email">E-mail</string>
  <string name="login_hint_password">Contraseña</string>
  <string name="login_facebook">Ingresar usando Facebook</string>
  <string name="login_money_lover">Ingresar usando cuenta de Money Lover</string>
  <string name="login_title">Login</string>
  <string name="register_title">Registrarse</string>
  <string name="register_register">Registrarse</string>
  <string name="cashbook_earning">Ingresos</string>
  <string name="cashbook_spending">Gastos</string>
  <string name="cashbook_all_transactions">Todas las transacciones</string>
  <string name="cashbook_delete_transaction_message">¿Desea eliminar esta transacción?</string>
  <string name="cashbook_left">%1$s restante</string>
  <string name="cashbook_no_data_guide">Tap the %1$s button below to add some</string>
  <string name="cashbook_no_data_swipe_down">Deslice hacia abajo y</string>
  <string name="cashbook_no_data_faq_tip">¿Dificil de usar? Pulse %1$s para buscar ayuda</string>
  <string name="cashbook_no_data_earning">Sin ingresos</string>
  <string name="cashbook_no_data_spending">Sin gastos</string>
  <string name="cashbook_no_data">Sin transacciones</string>
  <string name="cashbook_selected_account_not_existed">La billetera seleccionada no existe. Serás redigirido a la billetera por defecto.</string>
  <string name="cashbook_contentdescription_help_support">Ayuda y Soporte</string>
  <string name="cashbook_contentdescription_select_time_range_to_view">Seleccione el modo de visualización</string>
  <string name="cashbook_contentdescription_delete_transaction">Eliminar transacción</string>
  <string name="cashbook_contentdescription_sort_transaction">Ordenar transacciones</string>
  <string name="cashbook_contentdescription_search_transaction">Buscar transacción</string>
  <string name="cashbook_contentdescription_viewmode_transaction">View by transaction</string>
  <string name="cashbook_contentdescription_viewmode_category">View by category</string>
  <string name="cashbook_contentdescription_transfer_money">Transfer money</string>
  <string name="with_person">con %1$s</string>
  <string name="with_two_person">con %1$s y %2$s</string>
  <string name="with_many_person">con %1$s &amp; %2$s otras personas</string>
  <string name="press_back_one_more_time_to_exit">Presione Atrás nuevamente para salir</string>
  <string name="paid">Efectivo</string>
  <string name="cashbook_cashback_info">a %1$s</string>
  <string name="add_transaction_amount_friendly_title">Cuánto?</string>
  <string name="add_transaction_title_add">Agregar transacción</string>
  <string name="add_transaction_title_edit">Modificar transacción</string>
  <string name="add_transaction_title_view">Transaction detail</string>
  <string name="add_transaction_note_title_normal">Nota</string>
  <string name="add_transaction_note_hint">Vacía</string>
  <string name="add_transaction_cancel_adding">¿Desea descartar esta transacción?</string>
  <string name="add_transaction_discard_edit">¿Quieres descartar los cambios en esta transacción?</string>
  <string name="add_transaction_account_alert_currency_change">La moneda de la cantidad introducida será cambiada de %1$s a %2$s. ¿Deseas continuar?</string>
  <string name="add_transaction_account_alert_currency_change_start">La moneda de la cantidad introducida será cambiada de</string>
  <string name="add_transaction_account_alert_currency_change_middle">para</string>
  <string name="add_transaction_account_alert_currency_change_end">¿Quieres continuar?</string>
  <string name="add_transaction_add_success">¡Transacción añadida exitosamente!</string>
  <string name="add_transaction_category_hint">Selecciona una</string>
  <string name="add_transaction_with_title">¿Con?</string>
  <string name="add_transaction_with_hint">Por Ej.: Jon Snow, Arya Stark…</string>
  <string name="add_transaction_reminder_empty">Sin recordatorio</string>
  <string name="add_transaction_subtransaction_title">Cashback</string>
  <string name="add_transaction_timecreated_title">Fecha</string>
  <string name="add_transaction_reminder_title">Recordatorio</string>
  <string name="add_transaction_error_amount">Debes completar el campo de cantidad</string>
  <string name="add_transaction_error_category">Debes seleccionar la categoría de ingresos/gastos</string>
  <string name="debtor">Deudor</string>
  <string name="lender">Acreedor</string>
  <string name="for_reason">Por %1$s</string>
  <string name="someone">alguien</string>
  <string name="someone_hint">Alguien</string>
  <string name="add_transaction_note_spend_from_saving">Gastado del plan de ahorro %1$s</string>
  <string name="add_transaction_no_category_found">Sin coincidencias</string>
  <string name="warning_big_amount_message">El monto de esta transacción parece demasiado grande. ¿Estás seguro de que es correcto?</string>
  <string name="warning_big_amount_dont_show_again">No mostrar de nuevo</string>
  <string name="im_wrong">Estoy equivocado</string>
  <string name="add_note">Escribir una nota</string>
  <string name="set_reminder_remove_reminder">Apagar</string>
  <string name="convert_currency_title_dialog">Introducir otra moneda</string>
  <string name="convert_currency_message_convert_complete">Convertir a</string>
  <string name="convert_currency_message_convert_error">Error al convertir</string>
  <string name="convert_currency_message_converting">Convirtiendo..</string>
  <string name="edit_transaction_confirm_change_category_for_debtloan">¿Estás seguro de que quieres cambiar la categoría? Se removerá todo el historial de transacciones.</string>
  <string name="edit_transaction_mark_remove">Será eliminado</string>
  <string name="edit_transaction_mark_remove_message">All sub transactions of this transaction will be deleted</string>
  <string name="delete_sub_transaction">Eliminar esta transacción</string>
  <string name="sub_transaction_title">Historial de dinero devuelto</string>
  <string name="quick_add_transaction_dialog_title">Nueva transacción</string>
  <string name="quick_add_notification_ticker">Listo para agregar una nueva transacción</string>
  <string name="quick_add_transaction_title">Agregar a %1$s</string>
  <string name="quick_add_transaction_notification_text">Toca para ir a la cuenta</string>
  <string name="add_account_title_add">Agregar cuenta</string>
  <string name="add_account_title_edit">Editar cuenta</string>
  <string name="add_account_name_title">Nombre</string>
  <string name="add_account_currency_title">Moneda</string>
  <string name="add_account_start_balance_title">Saldo inicial</string>
  <string name="add_account_error_accountname_exists">Ya hay una cuenta con este nombre.</string>
  <string name="add_account_error_accountname_length_invalid">El nombre de la cuente debe contener entre %1$s y %2$s caracteres.</string>
  <string name="add_account_discard_changed">¿Quieres descartar todos los cambios hechos en esta cuenta?</string>
  <string name="add_account_note_for_initial_balance">Saldo inicial</string>
  <string name="add_account_shortcut_title">Agregar un atajo a la pantalla de inicio</string>
  <string name="add_account_shortcut_success">Creación del atajo exitosa</string>
  <string name="account_manager_title">Administrador de cuentas</string>
  <string name="account_manager_confirm_delete_account">¿Deseas eliminar la cuenta %1$s?</string>
  <string name="time_picker_dialog_title">Escoge el tiempo</string>
  <string name="navigation_cashbook">Transactions</string>
  <string name="navigation_budget">Presupuestos</string>
  <string name="navigation_campaign">Ahorros</string>
  <string name="navigation_event">Eventos</string>
  <string name="navigation_category_manager">Categorías</string>
  <string name="navigation_statistic">Estadísticas</string>
  <string name="navigation_settings">Configuraciones</string>
  <string name="navigation_feedback">Comentarios</string>
  <string name="navigation_debt_manager">Deudas</string>
  <string name="navigation_tools">Herramientas</string>
  <string name="navigation_about">Acerca</string>
  <string name="navigation_sync">Sincronizar</string>
  <string name="navigation_logout">Cerrar sesión</string>
  <string name="navigation_login">Go Cloud</string>
  <string name="navigation_database">Base de datos</string>
  <string name="navigation_copyright">© ZooStudio 2013. Todos los derechos reservados.</string>
  <string name="tools_interest_rate">Tasa de interés</string>
  <string name="tools_export_csv">Exportar a formato CSV</string>
  <string name="tools_export_excel">Exportar a Excel</string>
  <string name="tools_tip_calculator">Calculadora de propinas</string>
  <string name="tools_find_atm">Localizador de cajeros automáticos</string>
  <string name="tools_find_bank">Localizador de bancos</string>
  <string name="tools_install_app">Herramienta de instalación</string>
  <string name="tools_install_app_message">¿Quieres instalar &lt;b&gt;%1$s&lt;/b&gt; desde Google Play Store?</string>
  <string name="statistic_monthly_report">Informe mensual</string>
  <string name="bank_finder">Buscador de bancos</string>
  <string name="bank_finder_hint">por ejemplo HSBC, Standard Chartered…</string>
  <string name="bank_finder_input_bank_name">Introduzca el nombre del Banco</string>
  <string name="open_file">Abrir archivo</string>
  <string name="export_fail">Lo sentimos, el proceso de exportación se ha encontrado un error y no puede continuar</string>
  <string name="export_success">Exportado satisfactorio</string>
  <string name="select_account">Selecciona una cuenta</string>
  <string name="export_csv">Exportar a formato CSV</string>
  <string name="export_excel">Exportar EXCEL</string>
  <string name="attach_to_email">Adjuntar al email</string>
  <string name="delimiter">Delimitador</string>
  <string name="atm_finder">Localizador de cajeros automáticos</string>
  <string name="change">Cambiar</string>
  <string name="send_mail">Enviar un email</string>
  <string name="contact_me">Contactarme</string>
  <string name="about_thanks">&lt;b&gt;Special thanks to&lt;/b&gt;&lt;br /&gt;
        Andreas Krings, Jake Wharton, Jeremy Feinstein, Roman Nurik, Simon Vig Therkildsen, Soarcn, Tjerk
        Wolterink for their awesome libraries.&lt;br /&gt;
        Brankic1979 and Nick Frost for their beautiful icon packs.&lt;br /&gt;
        And all our volunteers who help us on translating Money Lover to many other languages.</string>
  <string name="about_developed">by ZooStudio</string>
  <string name="about_view_profile_facebook">Visite nuestro perfil</string>
  <string name="budget_overspent">Overspent</string>
  <string name="budget_finished">Terminado</string>
  <string name="budget_spent">Gastado</string>
  <string name="budget_all_category">Todas las categorías</string>
  <string name="create_budget_title_add">Añadir presupuesto</string>
  <string name="create_budget_title_edit">Editar presupuesto</string>
  <string name="create_budget_create_for">Add for</string>
  <string name="create_budget_time_range">Rango de tiempo</string>
  <string name="budget_detail_delete_confirm_message">¿Quieres eliminar este presupuesto?</string>
  <string name="create_budget_message_select_day_error">La fecha de finalización debe ser después de la fecha de inicio</string>
  <string name="create_budget_message_duplicate_DB">Budget for this time was created, do you want to override old one?</string>
  <string name="create_budget_message_warning_enter_amount">Budget amount less than 0!</string>
  <string name="create_budget_message_error_category">Debe seleccionar una categoría</string>
  <string name="create_budget_message_error_time">You must select time for budget</string>
  <string name="budget_overview_monthly">Plan de presupuesto mensual</string>
  <string name="budget_overview_custom">Planes de presupuesto personalizados</string>
  <string name="budget_overview_no_data_guide">Tap the %1$s button above to add new budget plan</string>
  <string name="budget_detail_category">%1$s budget</string>
  <string name="budget_detail_account_detail_emptyview_message">Toca para agregar un presupuesto</string>
  <string name="budget_detail_list_transactions_title">Lista de trasacciones</string>
  <string name="clear_template">Limpiar plantilla</string>
  <string name="budget_template">Plantilla</string>
  <string name="dialog_enter_amount_title">Introduce el monto</string>
  <string name="security_pin_title_create">Establecer una contraseña</string>
  <string name="security_pin_title_confirm">Confirmar contraseña</string>
  <string name="security_pin_title_open">Introducir contraseña</string>
  <string name="security_pin_message_remove">para desactivar el modo de seguridad con contraseña</string>
  <string name="security_pin_title_wrong_password">¡Contraseña incorrecta!</string>
  <string name="security_pin_message_try_again">Intenta de nuevo</string>
  <string name="is_latest_version">Ya tiene la versión más reciente</string>
  <string name="update">Actualizar</string>
  <string name="has_new_version">\"Hay nueva versión de Money Lover, ¡Por favor actualice! \"</string>
  <string name="no_internet">\"Parece que no hay connexión a Internet. Por favor,
		inténtelo de nuevo. \"</string>
  <string name="check_update">Verificar Actualizaciones</string>
  <string name="thanks_feedback">Gracias por tus comentarios.</string>
  <string name="add_sub_transaction_input_more_than_left">El monto introducido es más grande que el mondo no pagado</string>
  <string name="warning">Precaución</string>
  <string name="process">Processing…</string>
  <string name="error_no_google_map">Por favor instale Google Maps para usar esta función</string>
  <string name="set">Establecer</string>
  <string name="category_manager_title">Administrador de categorías</string>
  <string name="category_manager_notice_cannot_edit_default_category">No se puede editar una categoría especial</string>
  <string name="category_manager_confirm_delete_category">¿Quieres eliminar la categoría %1$s? Todas las transacciones pertenecientes a esta categoría serán eliminadas también.</string>
  <string name="category_manager_delete_success_message">La categoría %1$s ha sido eliminada</string>
  <string name="create_category_title">Nueva categoría</string>
  <string name="edit_category_title">Editar categoría</string>
  <string name="create_category_name_title">Nombre</string>
  <string name="create_category_select_icon_title">Ícono</string>
  <string name="create_category_default_parent_category">Soy madre</string>
  <string name="create_category_parent_category">Categoría madre</string>
  <string name="create_category_hint_name_review">Nombre de categoría</string>
  <string name="create_category_message_duplicate_DB">Esta categoría ha existido</string>
  <string name="create_category_select_type_error">Debes escoger el tipo de categoría</string>
  <string name="create_category_input_name_error">Introduce el nombre de tu categoría</string>
  <string name="create_category_select_icon_error">No olvides el ícono de la categoría</string>
  <string name="select_parent_category_title">Selecciona una categoría madre</string>
  <string name="message_transfer_successful">¡Transferencia exitosa!</string>
  <string name="title_dialog_transfer">Desde %1$s</string>
  <string name="back">Atrás</string>
  <string name="message_currency_error">¿Quieres cambiar de %1$s a %2$s?</string>
  <string name="note_income_transfer">Recibido de %1$s</string>
  <string name="message_amount_zero">El monto de la transferencia debe ser mayor que 0</string>
  <string name="default_note_transfer">Transferido a %1$s</string>
  <string name="monthly_report_start_balance">Saldo inicial</string>
  <string name="monthly_report_this_month_balance">Ingreso neto</string>
  <string name="monthly_report_end_balance">Saldo final</string>
  <string name="monthly_report_compare_to_previous_month">Comparación mensual</string>
  <string name="monthly_report_largest_expense">Mayor gasto</string>
  <string name="monthly_report_expense_by_category">Gastos por categoría</string>
  <string name="monthly_report_nodata">No hay informe para este mes</string>
  <string name="monthly_report_nodata_guide">Informes mensuales se visualizará automáticamente después del comienzo de un nuevo mes</string>
  <string name="search_result">Resultados de la búsqueda</string>
  <string name="type">Tipo</string>
  <string name="with">Con</string>
  <string name="select_time">Seleccionar el tiempo</string>
  <string name="notification_center_message_empty_notification">No hay notificaciones</string>
  <string name="notification_center_title">Centro de notificaciones</string>
  <string name="notification_center_delete_read_notifications">Borrar los mensajes leídos</string>
  <string name="notification_center_mark_all_as_read">Marcar todo como leído</string>
  <string name="debt_manager_title">Deudas</string>
  <string name="debt_wallet">Por pagar</string>
  <string name="loan_wallet">Receivable</string>
  <string name="now">Unpaid</string>
  <string name="past">Pagado</string>
  <string name="note_transaction_saving">Withdraw from saving %1$s</string>
  <string name="saving_overview_title">Ahorros</string>
  <string name="saving_overview_deposit">Depósito</string>
  <string name="saving_overview_need">Need</string>
  <string name="saving_overview_spend">Spend</string>
  <string name="saving_overview_withdraw">Withdraw</string>
  <string name="saving_deposit">Deposit to saving plan %1$s</string>
  <string name="saving_withdraw_default_note">Withdraw from saving plan %1$s</string>
  <string name="saving_overview_no_data_guide">Tap the %1$s button above to add new saving plan</string>
  <string name="saving_menu_deposit">Deposit</string>
  <string name="saving_menu_withdraw">Withdraw</string>
  <string name="saving_menu_spendon">Spend on…</string>
  <string name="saving_add_title">Add saving</string>
  <string name="saving_edit_title">Edit saving</string>
  <string name="saving_add_name_title">Name</string>
  <string name="saving_add_start_amount">Start amount</string>
  <string name="saving_add_success">Created new saving campaign</string>
  <string name="saving_add_error_goal_amount">You must input goal amount!</string>
  <string name="saving_add_error_name">You must input name saving campaign!</string>
  <string name="saving_add_error_icon">You must choose icon!</string>
  <string name="saving_add_cancel_adding">Do you want to dismiss this saving?</string>
  <string name="saving_add_discard_edit">Do you want to discard changes to this saving?</string>
  <string name="dialog_select_event_remove">Clear event</string>
  <string name="event_add_title">Añadir Evento</string>
  <string name="event_edit_title">Editar evento</string>
  <string name="event_input_name_error">El nombre del evento no puede quedar vacío </string>
  <string name="event_select_icon_error">Don\'t forget icon for event</string>
  <string name="event_overview_view_transactions">Transacciones</string>
  <string name="event_overview_deposit">Depósito</string>
  <string name="event_overview_withdraw">Withdraw</string>
  <string name="event_overview_deposited">Depositado</string>
  <string name="event_overview_finish">Terminar</string>
  <string name="event_overview_no_data_guide">Toca el botón %1$s arriba para agregar un nuevo plan de evento</string>
  <string name="event_menu_mark_as_finished">Marcar como terminado</string>
  <string name="event_menu_mark_as_unfinish">Marcar como incompleto</string>
  <string name="interest_rate_title">Tasa de interés</string>
  <string name="interest_rate">Interés</string>
  <string name="time_from">Tiempo de duración</string>
  <string name="select_type_interest">Tipo de interés</string>
  <string name="date_to_invalid">Fecha de ir luego de la fecha desde </string>
  <string name="amount_empty">Por favor introduzca el valor del monto</string>
  <string name="time_mode_interest">Modo de tiempo</string>
  <string name="rate_empty">Por favor introduce el valor de la frecuencia</string>
  <string name="time_empty">Por favor escoge el valor del tiempo</string>
  <string name="interest">Interés</string>
  <string name="number_of_period">Número de períodos</string>
  <string name="total_amount">Cantidad total</string>
  <string name="interest_result">Resultado</string>
  <string name="total_people">con %d personas</string>
  <string name="percent_tip">Propina %1$s%%</string>
  <string name="total_pay">Pago total</string>
  <string name="total_tip">Propina total</string>
  <string name="total_tip_person">Propina total por persona</string>
  <string name="total_per_person">Total por persona</string>
  <string name="note_it">Anótalo</string>
  <string name="no_tip">Sin propina</string>
  <string name="more_people">Número de personas</string>
  <string name="more_tip">Porcetaje de propina</string>
  <string name="calculate">Calcular</string>
  <string name="change_review">%1$s%% is better, &lt;b&gt;change?&lt;/b&gt;</string>
  <string name="empty_amount">Cantidad está vacía</string>
  <string name="inapp_purchase">Opciones Premium</string>
  <string name="message_purchase_error">Error al compra</string>
  <string name="message_purchase_success">Compra exitosa. Reinicia la aplicación para aplicar los cambios.</string>
  <string name="purchase_bought">Compraste esto</string>
  <string name="reset_app_to_change">Reinicia la aplicación para aplicar los cambios</string>
  <string name="purchase_buy_all_title">Obtener Premium</string>
  <string name="purchase_buy_all_text">Ten más de una cuenta, un presupuesto, un plan de ahorro, un plan de evento.\n¡No más publicidad!</string>
  <string name="purchase_buy_ads_title">Eliminar anuncios</string>
  <string name="purchase_buy_ads_text">¡Disfruta del Money Lover básico sin más publicidad!</string>
  <string name="purchase_input_premium_code_text">Si tienes un código de licencia</string>
  <string name="purchase_notice_buy_features">La versión gratis puede agregar un presupuesto, un plan de ahorro y un evento solamente y no puede utilizar todas las funciones. Por favor. conviértete en premium para crear presupuestos, planes de ahorro y eventos ilimitados y acceder a todas las funciones</string>
  <string name="premium_code">Introduce el código de licencia</string>
  <string name="license_code_not_correct">El código de licencia no es correcto</string>
  <string name="license_code_success">Código de licencia válido. Ahora puedes acceder a todas las funciones en %1$s</string>
  <string name="widget_select_account_empty">Necesitar una cuenta antes de crear un widget</string>
  <string name="widget_simple_light_name">Luz de widget sencilla</string>
  <string name="widget_select_account_title">Selecciona una cuenta</string>
  <string name="ail_message_empty_image">No quedan fotos</string>
  <string name="ail_guide_1">Sacar una foto de algo</string>
  <string name="ail_guide_2">So you can add transaction about it later</string>
  <string name="migrate_dialog_message">Money Lovee va a transferir los datos de la versión anterior a la nueva. ¿Quieres continuar?</string>
  <string name="migrate_dialog_notice">Notice</string>
  <string name="migrate_dialog_disabled_function">In this version, billing feature was disabled temporary although your bill data still will be transferred.</string>
  <string name="migrate_dialog_cancel_message">If you change your mind later, you still can select migrate in %1$s. But all your new data from now on to that moment will lose permanently.</string>
  <string name="migrate_processing_transfer_currencies">Transferring currencies</string>
  <string name="migrate_processing_transfer_accounts">Transferring and converting old accounts into wallets</string>
  <string name="migrate_processing_transfer_master_categories">Transferencia de categorías principales</string>
  <string name="migrate_processing_transfer_categories">Transferencia de categorías</string>
  <string name="migrate_processing_transfer_transactions">Transferencia de transacciones</string>
  <string name="migrate_processing_transfer_tagged_people">Transferring tagged people</string>
  <string name="migrate_processing_transfer_sub_transactions">Transferring sub transactions</string>
  <string name="migrate_processing_transfer_interests">Transferring interests</string>
  <string name="migrate_processing_transfer_bills">Transferring bills</string>
  <string name="migrate_processing_transfer_budgets">Transferencia de presupuestos</string>
  <string name="migrate_processing_transfer_campaigns">Transferring campaigns</string>
  <string name="restore_title">Restore data</string>
  <string name="restore_message_successful">Import successfully!</string>
  <string name="restore_message_error">An error has occurred when importing data</string>
  <string name="restore_loading_file_from_dropbox">Loading file from Dropbox…</string>
  <string name="restore_connect_dropbox">Connect with Dropbox</string>
  <string name="restore_message">Select one file below to restore data from</string>
  <string name="restore_message_edit">Select file to delete</string>
  <string name="restore_empty_file">No files</string>
  <string name="restore_disconnect_dropbox">Unlink Dropbox</string>
  <string name="restore_disconnect_dropbox_confirm">Do you really want to unlink Dropbox?</string>
  <string name="backup_title">Backup data</string>
  <string name="backup_file_name">Backup to file</string>
  <string name="backup_notice_about_file_ext">From this version, we use the new file extension &lt;b&gt;.mlx&lt;/b&gt; , but you still can import both .money and .mlx file into %1$s</string>
  <string name="backup_success_message">Backup successfully</string>
  <string name="backup_fail_message">Backup failed</string>
  <string name="navigation_group_support">Support</string>
  <string name="navigation_group_setting">Setting</string>
  <string name="navigation_group_plans">Planning</string>
  <string name="navigation_group_others">Others</string>
  <string name="navigation_group_tools">Tools</string>
  <string name="widget_account_was_deleted">Wallet was deleted</string>
  <string name="tools_install_go_to_playstore">Go to Play Store</string>
  <string name="tools_shopping_lover_intro">This application is built on the habits of shoppers. It increases the efficiency and speed of your shopping experience, and also prevents any unnecessary mistakes.</string>
  <string name="tools_exchanger_intro">Exchanger is a simple way to convert currency in mobile.&lt;br /&gt;
		- Nice design with flat design&lt;br /&gt;
		- 100+ world currencies&lt;br /&gt;
		- Convert multi-currencies in one time&lt;br /&gt;
		- Offline mode (do not need network).</string>
  <string name="rate_app_dont_show_again">Don\'t show Rate App notification again</string>
  <string name="rate_app_dont_show_again_short">Don\'t show again</string>
  <string name="rate_app_config_title">Rate app setting</string>
  <string name="delete">Delete</string>
  <string name="restore_delete_message">Do you want to delete these files permanently?</string>
  <string name="restore_message_confirm">Do you want to restore data from file %1$s? All your current data will be deleted!</string>
  <string name="restore_autobackup_fail">Auto backup failed. Restore process cannot continue.</string>
  <string name="deleting">Eliminando…</string>
  <string name="purchase_error_unknown">Ha aparecido un error desconocido.</string>
  <string name="purchase_please_wait_until_data_is_loaded">Por favor, espera hasta que cargue la data.</string>
  <string name="announce_update_lost_data_message">&lt;p&gt;Estamos actualizando Money Lover a la nueva versión y migrando tu data desde la vieja hasta la nueva. Durante el proceso, puede que experimentes ciertas pérdidas de información, algunas veces, desafortunadamente, toda de ella. &lt;/p&gt;&lt;p&gt;&lt;b&gt;Técnicamente, toda tu data sigue ahí ya que nosotros no la eliminaremos si el proceso de migración va mal.&lt;/b&gt;&lt;/p&gt;&lt;p&gt; Si te encuentras en esta situación, por favor contáctanos y te ayudaremos a traer tu información de vuelta.&lt;/p&gt;</string>
  <string name="announce_update_lost_data_message_title">Acerca de perder tu información luego de la actualización</string>
  <string name="cannot_find_my_language">¿Más idiomas?</string>
  <string name="feedback_language_text">Hola,\nMe gustaría traducir a los siguientes idiomas:\n</string>
  <string name="feedback_language_subject">[LANG] COMENTARIOS POR IDIOMA</string>
  <string name="message_more_languages">Estamos trabajando en la traducción de la nueva versión de Money Lover a otros idiomas pero este proceso puede tomar un tiempo, así que verdaderamente necesitamos la ayuda de nuestros usuarios para acelerar el proceso.</string>
  <string name="message_more_languages_help">Por favor, ayúdanos si puedes a traducir del inglés a otros idiomas. Puedes contactarnos para mayor información.</string>
  <string name="languagehelp_ok">¡Sí, yo les ayudo!</string>
  <string name="languagehelp_cancel">No, quizás luego :(</string>
  <string name="languagehelp_title">Ayuda a traducir</string>
  <string name="changes_log_title">Changelogs</string>
  <string name="restore_menu_show_auto_backup">Show auto backup files</string>
  <string name="restore_menu_hide_auto_backup">Hide auto backup files</string>
  <string name="restore_menu_edit">Select files</string>
  <string name="title_view_web">Web Display</string>
  <string name="title_notification_web">Connecting web client</string>
  <string name="turn_on_web">Turn on server</string>
  <string name="turn_off_web">Turn off server</string>
  <string name="tab_to_turn_off_web">Tap to turn off web</string>
  <string name="budget_detail_error_budget_not_exists">This budget no longer exist</string>
  <string name="new_expense_category">New expense category</string>
  <string name="new_income_category">New income category</string>
  <string name="turn_on_wifi">Turn on wifi first</string>
  <string name="server_off">Server off</string>
  <string name="access_link">%1$s</string>
  <string name="previous_web">Previous</string>
  <string name="next_web">Next</string>
  <string name="webdisplay_status_title">Status</string>
  <string name="webdisplay_menu_help">Help</string>
  <string name="webdisplay_menu_advance">Advanced options</string>
  <string name="add_web">Add</string>
  <string name="cashback_loan_info">from %1$s</string>
  <string name="webdisplay_turning_on">Turning on…</string>
  <string name="webdisplay_turned_on">Turn off</string>
  <string name="webdisplay_turning_off">Turning off…</string>
  <string name="webdisplay_turned_off">Turn on</string>
  <string name="set_as_start_date">Set as start date</string>
  <string name="set_as_end_date">Set as end date</string>
  <string name="webdisplay_warning_port_over">Port must have range from %1$s to %2$s</string>
  <string name="webdisplay_warning_port_web">This port is duplicated with %1$s</string>
  <string name="webdisplay_will_change_port">Port will be changed after turning on service again.</string>
  <string name="webdisplay_open_web_browser">Open this address in web browser</string>
  <string name="webdisplay_warning_port_exist">This port has been taken over by another service. Please select another port.</string>
  <string name="webdisplay_change_port">Change port</string>
  <string name="webdisplay_web_actions">Actions</string>
  <string name="webdisplay_web_feedback_support">Feedback \u0026 Support</string>
  <string name="webdisplay_web_add_more">Add more</string>
  <string name="reset_data_message">Do you want to reset all data? All data such as wallets, transactions, budgets, savings or events will be removed. This action CAN NOT be undone.</string>
  <string name="upload_to_dropbox_success">Uploaded to DropBox</string>
  <string name="message_large_spend_amount">Inputted amount must be smaller than current saved amount.</string>
  <string name="message_error_select_parent_cate">Can not select itself as parent</string>
  <string name="translated_by">Translated by %1$s</string>
  <string name="add_transaction_with_suggestion">You can add people who is not in contact by adding a comma ( , ) after their name.</string>
  <string name="msg_add_transaction_first">Do you want to add the very first transaction now?</string>
  <string name="global">Global</string>
  <string name="notification_bank_sms_title">Your %1$s wallet change %2$s</string>
  <string name="custom_range_cashbook">Custom</string>
  <string name="navigation_travel_mode">Travel Mode</string>
  <string name="select_event_title">Select event</string>
  <string name="travel_mode_description">In travel mode, you can select a running event to be auto selected each time you create a transaction.</string>
  <string name="travel_mode_activated_message">Travel mode is on. Happy travelling!</string>
  <string name="travel_mode_turn_off_message">Do you want to turn Travel Mode off?</string>
  <string name="travel_mode_quick_add_notification">Add to event %1$s</string>
  <string name="travel_mode_turned_off_message">Travel mode is off</string>
  <string name="purchase_description">Each purchase is valid for only 100 years.</string>
  <string name="backup_select_one">Select one</string>
  <string name="repeat_transaction_mode_month_same_days">on %1$s each month</string>
  <string name="repeat_transaction_mode_month_this_day">on every %1$s %2$s of month</string>
  <string name="repeat_transaction_times_duration_for_a_number_of_event_shorted">For</string>
  <string name="repeat_transaction_manager">Recurring Transactions</string>
  <string name="recent_transaction_no_transactions">No recent transactions</string>
  <string name="repeat_transaction_next_repeat">Next repeat</string>
  <string name="repeat_transaction_need_specify_repeat">You need to specify repeat options</string>
  <string name="recent_transaction_dialog_list_title">Recent transaction</string>
  <string name="repeat_transaction_message_confirm_delete_template">Do you want to delete this template?</string>
  <string name="repeat_transaction_no_template">There is no repeat templates</string>
  <string name="repeat_transaction_no_repeat">No repeat</string>
  <string name="repeat_transaction_next_repeat_at">Next repeat at %1$s</string>
  <string name="share_need_to_download_before_sharing">This file will be downloaded from DropBox before being shared</string>
  <string name="repeat_transaction_add_template">Add recurring transaction</string>
  <string name="repeat_transaction_edit_template">Edit recurring transaction</string>
  <string name="recent_transaction_show_when_add_transaction">Show this dialog automatically when add transaction</string>
  <string name="message_login_now">After enter promotion code, you could create an Money Lover account to link your account with your Premium status. If you have another device, login Money Lover with your account so Premium status in that device will be automatically activated.</string>
  <string name="recent_transaction_dialog_description">You can import transaction data from these previous ones</string>
  <string name="repeat_transaction_every">Every</string>
  <string name="repeat_transaction_from">From</string>
  <string name="repeat_transaction_at">at</string>
  <string name="repeat_transaction_times">times</string>
  <string name="event_delete_message">Do you want to delete this event?</string>
  <string name="saving_delete_message">Do you want to delete this saving?</string>
  <string name="budget_delete_message">Do you want to delete this budget?</string>
  <string name="transaction_detail_cashback_left">Left</string>
  <string name="transaction_detail_cashback_paid">Paid</string>
  <string name="add_account_error_message_no_currency">Please select one currency for your wallet</string>
  <string name="store_download_fail">Can not download icon at this moment</string>
  <string name="dialog_turn_on_location_service">Do you want turn on location service?</string>
  <string name="set_icon_default_tab">Default</string>
  <string name="set_icon_tab_sdcard">Downloaded</string>
  <string name="set_icon_more_tab">More icon</string>
  <string name="store_preview_icon">Preview</string>
  <string name="store_buy_icon">Buy</string>
  <string name="store_icon_title">Icon Store</string>
  <string name="store_purchase_preview">Preview</string>
  <string name="download">Download</string>
  <string name="do_not_show_again">Don\'t show again</string>
  <string name="new_icon_packs_are_available">Two new icon packs are available for using for category, event and saving. You can create a new category to see them right now!</string>
  <string name="dialog_share_account">Share wallet with</string>
  <string name="share_account_success">Share wallet success</string>
  <string name="dialog_sharing_account">Sharing…</string>
  <string name="email_address_invalid">Email address invalid</string>
  <string name="set_location_get_address_error">Can not load address now, please try again later!</string>
  <string name="cashbook_balance">Balance</string>
  <string name="statistic_trends">Trends</string>
  <string name="sync_transferring_data">Transferring data</string>
  <string name="sync_running">Sync is in progress…</string>
  <string name="trend_criteria_collapsed_time">From &lt;b&gt;%1$s&lt;/b&gt; to &lt;b&gt;%2$s&lt;/b&gt;</string>
  <string name="transaction_detail_set_location">Set location</string>
  <string name="transaction_detail_can_not_download_image">Can not download this image, please try another.</string>
  <string name="user_unauthenticated">You must login first</string>
  <string name="share_account_error">Share wallet failed</string>
  <string name="beta">Beta</string>
  <string name="sync_error">Sync error</string>
  <string name="sync_notification_ticker_text">Syncing data with server</string>
  <string name="sync_notification_content_title">Sync Money Lover</string>
  <string name="login_success">Login successfully</string>
  <string name="login_forgot_password">Forgot password?</string>
  <string name="register_show_password">Show password</string>
  <string name="sync_done">Sync process has done successfully</string>
  <string name="login_fail">Invalid email/password combination. Please try again.</string>
  <string name="connecting">Connecting…</string>
  <string name="sync_account">Sync wallet</string>
  <string name="message_sync_transfer_data">Do you want to transfer data?</string>
  <string name="sync_dialog_transfer_title">Transfer data</string>
  <string name="sync_running_cannot_add_item">Sync process is running, please wait for a moment</string>
  <string name="sync_last_sync">Last sync: %1$s</string>
  <string name="sync_sync_first_time">Tap to sync for the first time</string>
  <string name="icon_xmas_notification_title">Merry Xmas with new icon pack!</string>
  <string name="icon_xmas_notification_content">Holiday is coming: Decorate Money Lover with the beautiful Christmas icon pack today! And it’s free!</string>
  <string name="store_icon_re_download">Download again</string>
  <string name="store_icon_free">Free</string>
  <string name="store_icon_list_empty">No icon packs</string>
  <string name="store_icon_canceled_message">Download for icon package %1$s was canceled</string>
  <string name="store_icon_download_finished_message">Icon package %1$s was downloaded. You can use those new icons when creating category, event or saving.</string>
  <string name="transaction_detail_show_advanced">Add more detail</string>
  <string name="refresh">Refresh</string>
  <string name="navigation_store">Money Lover Store</string>
  <string name="create_category_select_parent_error">Can not choose this category as parent</string>
  <string name="sync_error_timeout">server is maintained</string>
  <string name="sync_error_server_busy">Server is busy</string>
  <string name="sync_register_success">Register successfully</string>
  <string name="transaction_detail_warning_time_not_in_range">This date is not in budget %1$s\' time range (%2$s)</string>
  <string name="notification_message_remind_transaction">You set a notification for a transaction %1$s: %2$s. Tap to view its detail.</string>
  <string name="location_add_new_address">Add %1$s as a place</string>
  <string name="category_none_name">No categories</string>
  <string name="saving_add_startamount_over">Start amount can not large than goal amount</string>
  <string name="share_account_permission">Set this person as OWNER so they can view, add, edit, delete all kind of data in this wallet</string>
  <string name="error_can_not_load_wallet">Can not load wallet or the selected wallet was deleted. Please try again or open application not from shortcut.</string>
  <string name="select_category_tap_to_create_one">Tap to create one</string>
  <string name="error_can_not_change_wallet_transaction_debt_loan">Can not change wallet for debt, loan transaction</string>
  <string name="quick_add_manager_title">Show on status bar</string>
  <string name="account_manager_create_shortcut">Create shortcut</string>
  <string name="budget_no_data">No budgets</string>
  <string name="event_no_data">No events</string>
  <string name="saving_no_data">No savings</string>
  <string name="notification_center_no_data">No notifications</string>
  <string name="recurring_transaction_no_data">No recurring transactions</string>
  <string name="notification_like_fan_page_title">Like us on Facebook</string>
  <string name="notification_like_fan_page_text">keep in touch with us for updates, tips and occasional free stuff</string>
  <string name="share_account_email_target">Email which you want to share with</string>
  <string name="share_account_email_error">This string is not a valid email address</string>
  <string name="monthly_report_other_categories">Other categories</string>
  <string name="transfer_wallet_unknown_error_message">Can not transfer between wallets at this moment, please try again. If you still see this message next time, please contact us so we can help to fix this problem.</string>
  <string name="forgot_password_error_wrong_email">This email is not registered with us, please try again.</string>
  <string name="forgot_pass_success">Please check your email account for further instructions.</string>
  <string name="register_error_email_exists">This email is unavailable. Please choose another one.</string>
  <string name="promote_event_expire">This event is already finished</string>
  <string name="promote_event_error_wrong_code">Invalid promote code. Please try again.</string>
  <string name="register_error_server">Our server encountered an weird error and we\'ve been noticed. Please take a cup of coffee why we\'re fixing it.</string>
  <string name="register_error_entered_info_not_enough">Please fill all information to continue</string>
  <string name="purchase_post_facebook_success">Thanks for sharing</string>
  <string name="promote_event_input_successfully">Promote code is valid. Now you can use all features as a Premium user! Thank you for using %1$s</string>
  <string name="promote_event_share_facebook">Share on Facebook</string>
  <string name="promote_event_login_description">TIP: Register a %1$s account to link your Premium status with that account, so next time you login to %1$s, you will have your Premium status back.</string>
  <string name="promote_event_share_facebook_description">It would be cool to share this code to your friends! Don\'t worry, it won\'t affect your Premium status.</string>
  <string name="notification_center_message_already_logged_in">You\'ve already logged in.</string>
  <string name="congratulation">Congratulation!</string>
  <string name="cashbook_pull_to_add_transaction">Pull to add transaction</string>
  <string name="cashbook_release_to_add_transaction">Release to add transaction</string>
  <string-array name="cashbook_set_timerange_items">
    <item>Day</item>
    <item>Week</item>
    <item>Month</item>
    <item>Quarter</item>
    <item>Year</item>
    <item>All</item>
    <item>Custom</item>
  </string-array>
  <string-array name="delimiters">
    <item>Semicolon ( ; )</item>
    <item>Comma ( , )</item>
    <item>Tab</item>
  </string-array>
  <string-array name="create_budget_array_time_range">
    <item>This month</item>
    <item>This quarter</item>
    <item>This year</item>
    <item>Next month</item>
    <item>Next quarter</item>
    <item>Next year</item>
    <item>Custom range</item>
  </string-array>
  <string-array name="budget_overview_titles">
    <item>Running</item>
    <item>Finished</item>
  </string-array>
  <string-array name="category_manager_edit_cate_menu">
    <item>@string/edit</item>
    <item>@string/delete</item>
  </string-array>
  <string-array name="debt_overview_titles">
    <item>@string/debt_wallet</item>
    <item>@string/loan_wallet</item>
  </string-array>
  <string-array name="campaign_overview_titles">
    <item>Running</item>
    <item>Finished</item>
  </string-array>
  <string-array name="arrays_time_mode">
    <item>Weekly</item>
    <item>Every 14 days</item>
    <item>Monthly</item>
    <item>Every 3 months</item>
    <item>Every 6 months</item>
    <item>Yearly</item>
  </string-array>
  <string-array name="arrays_type">
    <item>Simple interest</item>
    <item>Compound interest</item>
  </string-array>
  <string-array name="repeat_transaction_time_mode">
    <item>Repeat Daily</item>
    <item>Repeat Weekly</item>
    <item>Repeat Monthly</item>
    <item>Repeat Yearly</item>
  </string-array>
  <string-array name="backup_list_file_backup_select_item">
    <item>@string/restore_title</item>
    <item>@string/backup_share</item>
  </string-array>
  <string-array name="repeat_transaction_mode_month_week">
    <item>first</item>
    <item>second</item>
    <item>third</item>
    <item>fourth</item>
    <item>fifth</item>
    <item>sixth</item>
  </string-array>
  <string-array name="repeat_transaction_times_duration">
    <item>Forever</item>
    <item>Until</item>
    <item>For a number of events</item>
  </string-array>
  <string-array name="trend_type">
    <item>@string/expense</item>
    <item>@string/income</item>
    <item>Net Income</item>
  </string-array>
  <string-array name="trend_criteria">
    <item>Overtime</item>
    <item>By Category</item>
  </string-array>
  <plurals name="cashbook_transaction_count">
    <item quantity="one">%d transacción</item>
    <item quantity="other">%d transacciones</item>
  </plurals>
  <plurals name="budget_days_left">
    <item quantity="one">%d day left</item>
    <item quantity="other">%d days left</item>
  </plurals>
  <plurals name="ail_view_photo_title">
    <item quantity="one">%1$s photo left</item>
    <item quantity="other">%1$s photos left</item>
  </plurals>
  <plurals name="editbar_selected_count">
    <item quantity="one">%d item selected</item>
    <item quantity="other">%d items selected</item>
  </plurals>
</resources>
