<?xml version="1.0" encoding="utf-8"?>
<!--Generated by crowdin.net-->
<resources>
  <string name="cate_salary">Salario</string>
  <string name="cate_award">Premio</string>
  <string name="cate_selling">De venta</string>
  <string name="cate_give">Dar</string>
  <string name="cate_interest">Interés monetario</string>
  <string name="cate_debt">Deuda</string>
  <string name="cate_income_other">Otra entrada</string>
  <string name="cate_food">Comida y bebidas</string>
  <string name="cate_entertainment">Entretenimiento</string>
  <string name="cate_travel">Viajes</string>
  <string name="cate_education">Educación</string>
  <string name="cate_transport">Transporte</string>
  <string name="cate_friend">Amigos y amor</string>
  <string name="cate_family">Familia</string>
  <string name="cate_medical">Médico</string>
  <string name="cate_shopping">Compras</string>
  <string name="cate_loan">Préstamo</string>
  <string name="cate_invest">Invertir</string>
  <string name="cate_expense_other">Otro gasto</string>
</resources>
