<?xml version="1.0" encoding="utf-8"?>
<!--Generated by crowdin.net-->
<resources>
  <string name="wpDifferentCurrency">¡Las cuentas que has elegido no son de la misma moneda! ¿Quieres intercambiar la cantidad = </string>
  <string name="downloading">Descargando</string>
  <string name="duplicate">Duplicado</string>
  <string name="wpeditAmount"> O usted puede editar manualmente la cantidad.</string>
  <string name="wpEmptyContent">No hay datos para mostrar</string>
  <string name="wpEmptySymbol">:-(</string>
  <string name="wpEndDateAfterStartDateError">La fecha final no puede ser antes de la fecha inicial.</string>
  <string name="wpEnterName">¿El nombre de tu cuenta?</string>
  <string name="wpEnterPass">Ingrese su contraseña</string>
  <string name="exit">Salir</string>
  <string name="wpExpenseColor">Color de gasto</string>
  <string name="wpFeedBackSubject">[W] Comentarios</string>
  <string name="format">Formato</string>
  <string name="For">Para</string>
  <string name="wpHeaderColor">Color de encabezado</string>
  <string name="wpHelpUsTranslate">Ayúdanos a traducir</string>
  <string name="wpIncomeColor">Color de ingresos</string>
  <string name="wpInsertAccountAlert">Por favor, elija la cuenta</string>
  <string name="wpInsertAmountAlert">Por favor ingrese dinero</string>
  <string name="wpInsertCategoryAlert">Por favor, elija una categoría</string>
  <string name="wpInsertCategoryLength">¡La longitud del nombre de la categoría debe ser mayor que 2 y menor que 30!</string>
  <string name="wpInsertImageAlert">Por favor, elija el ícono</string>
  <string name="wpInsertNameAlert">Por favor, introduzca el nombre</string>
  <string name="wpInsertTimeRangeError">Por favor, elija el intervalo de tiempo</string>
  <string name="wpInsertTypeAlert">Por favor, elija el tipo de categoría</string>
  <string name="items">Artículos</string>
  <string name="wpLiveFolderError">No puedes subir la carpeta de Money Lover a SkyDrive. Inténtalo de nuevo más tarde.</string>
  <string name="wpLocationServiceWarning">AdvertenciaServicioLocalización</string>
  <string name="wpLocationService">Servicio de localización</string>
  <string name="wpMessage3">Error BNS: La acción está desactivada</string>
  <string name="Message2">Error BNS: El número máximo de AccionesProgramadas de este tipo ha sido excedido. </string>
  <string name="wpMessage1">Agentes de fondo para esta aplicación han sido desactivados por el usuario.</string>
  <string name="wpMessage">Mensaje</string>
  <string name="monday">Lunes</string>
  <string name="month">Mes</string>
  <string name="name">Nombre</string>
  <string name="navigations">Navegación</string>
  <string name="wpDeleteNotify">¿Quieres eliminar todos?</string>
  <string name="wpNotify7">[Informe]</string>
  <string name="wpNotify6">[Guardar]</string>
  <string name="wpNotify5">El presupuesto {0} terminó.</string>
  <string name="wpNotify4">Ten cuidado, el presupuesto {0} está por terminar.</string>
  <string name="wpNotify3_2">El préstamo {0} está terminado.</string>
  <string name="wpNotify3_1">La deuda {0} está terminada.</string>
  <string name="wpNotify2">Hoy no has agregado ninguna transacción. ¿Quieres añadir ahora?</string>
  <string name="wpNotify1">Consejos</string>
  <string name="wpNotify0">Bienvenido a Money Lover para Windows Phone. A partir de hoy, te ayudará a planear y llevar control de tus gastos, registrar todo y generar un reporte periódico. Ten un buen período con él.</string>
  <string name="notifications">Notificaciones</string>
  <string name="notification">Notificación</string>
  <string name="wpNoParent">Sin padres</string>
  <string name="number">No. </string>
  <string name="other">Otro</string>
  <string name="Over">Sobre</string>
  <string name="wpOverDue">Vencido</string>
  <string name="wpOverAmount">¡La cantidad que transfieres es más grande que la ganancia total! ¿Quieres editarlo de nuevo?</string>
  <string name="wpPaidHistory">Historial de pagas</string>
  <string name="parent">Padre</string>
  <string name="wpPasswordProtected">Protegido con contraseña</string>
  <string name="payment">Pago</string>
  <string name="people">Personas</string>
  <string name="picture">Imagen</string>
  <string name="wpPinToStart">Presiona para empezar</string>
  <string name="place">Lugar</string>
  <string name="wpPlaceFinder">Buscador de lugar</string>
  <string name="quarter">Trimestre</string>
  <string name="reason">Motivo</string>
  <string name="reload">Actualizar</string>
  <string name="wpReminderAddTran">Recordatorio añadir transacción</string>
  <string name="wpRestartNotify">Debes reiniciar esta app para ver los cambios.</string>
  <string name="wpRestoreMess">Restaurar base de datos va a reemplazar tu base de datos actual con la seleccionada. Toda la data se perderá. ¿Estás seguro que quieres restaurar la base de datos?</string>
  <string name="wpRestoreComplete">Restauración completa.</string>
  <string name="restore">Restaurar</string>
  <string name="running">En ejecución</string>
  <string name="wpSamplePlaceSearch">Nombrar algunos lugares</string>
  <string name="wpSelectedCategory">Categoría seleccionada</string>
  <string name="wpSkydriveLogin">Hola, antes de continuar por favor ingresa a tu SkyDrive.</string>
  <string name="sort">Ordenar</string>
  <string name="wpSpendWith">Gastado con</string>
  <string name="start_month">Primer día del mes</string>
  <string name="start_week">Primer día de la semana</string>
  <string name="sunday">Domingo</string>
  <string name="sure">Seguro</string>
  <string name="wpSyncDone">Sincronización completada.</string>
  <string name="wpThemeManager">Gestor de temas</string>
  <string name="wpThisMonth">Este mes</string>
  <string name="wpThisQuarter">Este trimestre</string>
  <string name="wpThisWeek">Esta semana</string>
  <string name="wpThisYear">Este año</string>
  <string name="time_format">Formato de hora</string>
  <string name="wpTimeRange">Intervalo de tiempo</string>
  <string name="title">Titulo</string>
  <string name="wpToAcount">A cuenta</string>
  <string name="today">Hoy</string>
  <string name="tomorrow">Mañana</string>
  <string name="tranfer">Transferir</string>
  <string name="wpTranferFail">¡Por favor, chequea de nuevo la información! El monto a transferir debe ser mayor que 0.</string>
  <string name="wpTranferComplete">¡Transferencia completa!</string>
  <string name="wpTransferFrom">Transferir desde:</string>
  <string name="wpTransferMoney">Transferir dinero</string>
  <string name="wpTranferingException">ExcepciónTransferencia</string>
  <string name="wpTransactionInfo">Información de transacción</string>
  <string name="tutorial">Tutorial</string>
  <string name="unfinished">Incompleto</string>
  <string name="unit">Unidad</string>
  <string name="wpUploadCompleted">Subida completada.</string>
  <string name="uploading">Subiendo</string>
  <string name="wpUploadSkydrive">Sube a SkyDrive</string>
  <string name="wpUseCustomColor">Utiliza color personalizado</string>
  <string name="used">Usado</string>
  <string name="wpViewMode">View Mode</string>
  <string name="wpViewOffice">View in Office</string>
  <string name="week">Semana</string>
  <string name="wrong">Incorrecto</string>
  <string name="wpWrongPass">Contraseña incorrecta.</string>
  <string name="year">Año</string>
  <string name="yesterday">Ayer</string>
  <string name="wpViewTran">Ver transacción</string>
  <string name="editDebt">Editar deuda</string>
  <string name="wpTimeAlreadyOver">The time you choose is already over.</string>
  <string name="account_all">Todas las cuentas</string>
  <string name="about_msg_wp">Earning money and managing it are not the same! Careless and unbudgeted spending are trouble of families worldwide. Money Lover will help you plan and track all of your expenses, record everything and generate the report periodly. It is not a full-featured accounting tool, but it is useful for simple family/personal financial management.</string>
  <string name="clear">Limpiar</string>
  <string name="day">Día</string>
  <string name="interest_rate">Interés</string>
  <string name="string_select_all">Selecciona todo</string>
  <string name="settings_alarm_group_title">Alarma</string>
  <string name="wpAddAccountFirst">Add a wallet first!</string>
  <string name="wpATM">ATM</string>
  <string name="wpAdd">Añadir</string>
  <string name="wpBank">Banco</string>
  <string name="wpBackupRestore">Backup &amp; Restore</string>
  <string name="wpBackup">Backup</string>
  <string name="wpCannotEditAccount">No se puede editar esta cuenta.</string>
  <string name="wpCannotEditTransaction">No se puede editar esta transacción.</string>
  <string name="wpConfirmBackCategory">We haven\'t saved your category yet, are you sure want to go back?</string>
  <string name="wpConfirmBack">We haven\'t saved your transaction yet, are you sure want to go back?</string>
  <string name="wpConfirmBackBudget">We haven\'t saved your budget yet, are you sure want to go back?</string>
  <string name="wpCustomRange">Custom range</string>
  <string name="wpCustomTimeNullError">The custom time is null. Please choose time range.</string>
  <string name="wpDayLeft">day left</string>
  <string name="wpDaysLeft">days left</string>
  <string name="wpDeleteTransaction">You will lost all data of this transaction. Do you want to continue?</string>
  <string name="wpDeletePin">¿Quieres eliminar pin?</string>
  <string name="wpDeleteBudget">You will lost all data of this budget. Do you want to continue?</string>
  <string name="wpDeleteAcc">You will lost all data of this account. Do you want to continue?</string>
  <string name="wpDeleteCategory">You will lost all data of this category and all transactions in it. Do you want to continue?</string>
  <string name="wpAuto">Automático</string>
  <string name="rate">rate</string>
  <string name="wp_warning_addtran_from_pin_message">Transaction was added successfully. Do you want to return to Wallet screen?</string>
  <string name="navigation_group_policy">Política</string>
  <string name="wpNotify8">Congratulations, you updated completely. Do you want to know the changes in new version? Please tap to see!</string>
</resources>
