<?xml version="1.0" encoding="utf-8"?>
<!--Generated by crowdin.net-->
<resources>
  <string name="settings_group_display">Pantalla</string>
  <string name="settings_group_alarm_title">Alarma</string>
  <string name="settings_group_system">Sistema</string>
  <string name="settings_group_database">Base de datos</string>
  <string name="settings_group_about">Sobre</string>
  <string name="settings_select_date_format">Formato de fecha</string>
  <string name="settings_set_first_day_week">Primer día de semana</string>
  <string name="settings_set_first_day_month">Primer día del mes</string>
  <string name="settings_enable_pin">Activar contraseña</string>
  <string name="settings_connect_dropbox">Conectar con Dropbox</string>
  <string name="settings_connect_dropbox_connected">Conectado</string>
  <string name="settings_select_language">Selección de idioma</string>
  <string name="settings_alarm">Recordar agregar movimientos</string>
  <string name="settings_auto_check_update">Actualizaciones</string>
  <string name="settings_show_ail_notification_title">Notificación Agregar-Despues</string>
  <string name="pref_show_ail_summary">Tomar foto para el recordatorio en primer lugar, así que usted puede agregar transacciones más tarde</string>
  <string name="settings_about">De Money Lover</string>
  <string name="settings_changes_log_title">Registro</string>
  <string name="settings_amount_text_display_title">Estilo de texto Importe</string>
  <string name="pref_amount_text_decimal_separator_title">Separador decimal</string>
  <string name="pref_amount_text_decimal_separator_imperial">1,999.95</string>
  <string name="pref_amount_text_decimal_separator_international">1.999,95</string>
  <string name="pref_amount_text_show_currency_title">Mostrar moneda</string>
  <string name="pref_amount_text_minus_style_title">Estilo positivo/negativo</string>
  <string name="pref_amount_text_minus_style_color">Color por defecto</string>
  <string name="pref_amount_text_minus_style_sign">Con símbolos +/-</string>
  <string name="pref_amount_text_minus_style_bracket">Con símbolos ( )</string>
  <string name="pref_amount_text_shorten_title">Acortar la cantidad</string>
  <string name="pref_using_location">Using location</string>
  <string name="settings_reset_data">Reiniciar datos</string>
  <string name="auto_backup_no">No auto respaldar</string>
  <string name="auto_backup">Auto respaldar</string>
  <string name="auto_backup_every_day">Diario</string>
  <string name="auto_backup_every_week">Semanal</string>
  <string name="auto_backup_every_month">Mensual</string>
  <string name="auto_backup_every_year">Anual</string>
  <string name="auto_backup_test">2 phút</string>
  <string name="settings_quick_add_notification_title"></string>
  <string-array name="first_day_of_week_display">
    <item>Domingo</item>
    <item>Lunes</item>
    <item>Martes</item>
    <item>Miércoles</item>
    <item>Jueves</item>
    <item>Viernes</item>
    <item>Sábado</item>
  </string-array>
  <string-array name="first_day_of_month_display">
    <item>1°</item>
    <item>2°</item>
    <item>3°</item>
    <item>4°</item>
    <item>5°</item>
    <item>6°</item>
    <item>7°</item>
    <item>8°</item>
    <item>9°</item>
    <item>10°</item>
    <item>11°</item>
    <item>12°</item>
    <item>13°</item>
    <item>14°</item>
    <item>15°</item>
    <item>16°</item>
    <item>17°</item>
    <item>18°</item>
    <item>19°</item>
    <item>20°</item>
    <item>21°</item>
    <item>22°</item>
    <item>23°</item>
    <item>24°</item>
    <item>25°</item>
    <item>26°</item>
    <item>27°</item>
    <item>28°</item>
  </string-array>
  <string-array name="alarm_time_display">
    <item>17:00</item>
    <item>18:00</item>
    <item>19:00</item>
    <item>20:00</item>
    <item>21:00</item>
    <item>22:00</item>
    <item>23:00</item>
    <item>Desactivar alarma</item>
  </string-array>
  <string-array name="auto_backup_repeat">
    <item>@string/auto_backup_every_day</item>
    <item>@string/auto_backup_every_week</item>
    <item>@string/auto_backup_every_month</item>
    <item>@string/auto_backup_every_year</item>
    <item>@string/auto_backup_no</item>
  </string-array>
</resources>
