<?xml version="1.0" encoding="utf-8"?>
<!--Generated by crowdin.net-->
<resources>
  <string name="search_over">Sobre</string>
  <string name="search_under">Bajo</string>
  <string name="search_time_over">Después</string>
  <string name="search_time_under">Antes</string>
  <string name="search_between">Entre</string>
  <string name="search_exact">Exacto</string>
  <string name="search_remove">Eliminar</string>
  <string name="search_none">Ninguno</string>
  <string name="search_all">Todos</string>
  <string name="search_select">Seleccione</string>
  <string name="start">Iniciar</string>
  <string name="end">Final</string>
  <string name="from">De</string>
  <string name="to">Para</string>
  <string-array name="arr_amount">
    <item>@string/search_all</item>
    <item>@string/search_over</item>
    <item>@string/search_under</item>
    <item>@string/search_between</item>
    <item>@string/search_exact</item>
  </string-array>
  <string-array name="arr_type">
    <item>Todos</item>
    <item>Ingreso</item>
    <item>Gasto</item>
  </string-array>
  <string-array name="arr_time">
    <item>@string/search_all</item>
    <item>@string/search_time_over</item>
    <item>@string/search_time_under</item>
    <item>@string/search_between</item>
    <item>@string/search_exact</item>
  </string-array>
</resources>
