<?xml version="1.0" encoding="utf-8"?>
<!--Generated by crowdin.net-->
<resources>
  <string name="second">секунда</string>
  <string name="minute">минута</string>
  <plurals name="days_left">
    <item quantity="one">%d преостанат ден</item>
    <item quantity="other">%d преостанати денови</item>
  </plurals>
  <plurals name="hour_left">
    <item quantity="one">%d преостанат час</item>
    <item quantity="other">%d преостанати часови</item>
  </plurals>
  <plurals name="minute_left">
    <item quantity="one">%d преостаната минута</item>
    <item quantity="other">%d преостанати минути</item>
  </plurals>
  <plurals name="second_left">
    <item quantity="one">%d преостаната секунда</item>
    <item quantity="other">%d преостанати секунди</item>
  </plurals>
</resources>
