<?xml version="1.0" encoding="utf-8"?>
<!--Generated by crowdin.net-->
<resources>
  <string name="AGO">пред</string>
  <string name="DAY">ден</string>
  <string name="DAYS">%1$s денови</string>
  <string name="HOUR">околу еден час</string>
  <string name="HOURS">%1$s часови</string>
  <string name="MINUTE">околу една минута</string>
  <string name="MINUTES">%1$s минути</string>
  <string name="MONTH">околу еден месец</string>
  <string name="MONTHS">%1$s месеци</string>
  <string name="SECONDS">помалку од една минута</string>
  <string name="SUFFIX_FROM_NOW">од сега</string>
  <string name="YEAR">околу една година</string>
  <string name="YEARS">%1$s години</string>
</resources>
