<?xml version="1.0" encoding="utf-8"?>
<!--Generated by crowdin.net-->
<resources>
  <string name="notice">Известување</string>
  <string name="error">Грешка</string>
  <string name="close">Затвори</string>
  <string name="cancel">Откажи</string>
  <string name="save">Зачувај</string>
  <string name="done">Готово</string>
  <string name="yes">Да</string>
  <string name="submit">Submit</string>
  <string name="sorry">Извинете</string>
  <string name="ok">ОК</string>
  <string name="search">Пребарувај</string>
  <string name="no">Не</string>
  <string name="confirm">Потврди</string>
  <string name="today">Денес</string>
  <string name="tomorrow">Утре</string>
  <string name="yesterday">Вчера</string>
  <string name="thisweek">Оваа недела</string>
  <string name="nextweek">Следната недела</string>
  <string name="lastweek">Минатата недела</string>
  <string name="thismonth">Овој месец</string>
  <string name="nextmonth">Следниот месец</string>
  <string name="lastmonth">Минатиот месец</string>
  <string name="thisquarter">Оваа четвртина</string>
  <string name="nextquarter">Следната четвртина</string>
  <string name="lastquarter">Минатата четвртина</string>
  <string name="thisyear">Оваа година</string>
  <string name="nextyear">Следната година</string>
  <string name="lastyear">Минатата година</string>
  <string name="quarter_shorten">чет.</string>
</resources>
