<?xml version="1.0" encoding="utf-8"?>
<!--Generated by crowdin.net-->
<resources>
  <string name="cate_salary">Плата</string>
  <string name="cate_award">Награда</string>
  <string name="cate_selling">Продажба</string>
  <string name="cate_give">Дади</string>
  <string name="cate_interest">Пари од камата</string>
  <string name="cate_debt">Долг</string>
  <string name="cate_income_other">Друго</string>
  <string name="cate_food">Храна &amp; Пијалак</string>
  <string name="cate_entertainment">Забава</string>
  <string name="cate_travel">Патување</string>
  <string name="cate_education">Образование</string>
  <string name="cate_transport">Транспорт</string>
  <string name="cate_friend">Пријатели &amp; Љубовник</string>
  <string name="cate_family">Семејство</string>
  <string name="cate_medical">Доктор</string>
  <string name="cate_shopping">Шопинг</string>
  <string name="cate_loan">Заем</string>
  <string name="cate_invest">Инвестиција</string>
  <string name="cate_expense_other">Друго</string>
</resources>
