<?xml version="1.0" encoding="utf-8"?>
<!--Generated by crowdin.net-->
<resources>
  <string name="settings_group_display">Прикажи</string>
  <string name="settings_group_alarm_title">Аларм</string>
  <string name="settings_group_system">Систем</string>
  <string name="settings_group_database">База</string>
  <string name="settings_group_about">За</string>
  <string name="settings_select_date_format">Одберете формат за датум</string>
  <string name="settings_set_first_day_week">Постави прв ден од неделата</string>
  <string name="settings_set_first_day_month">Поставете прв ден од месецот</string>
  <string name="settings_enable_pin">Овозможи лозинка</string>
  <string name="settings_connect_dropbox">Поврзете се со Dropbox</string>
  <string name="settings_connect_dropbox_connected">Поврзано</string>
  <string name="settings_select_language">Одберете јазик</string>
  <string name="settings_alarm">Дневен потсетник за додавање трансакции</string>
  <string name="settings_auto_check_update">Автоматска проверка за ажурирање</string>
  <string name="settings_show_ail_notification_title">Прикажи нотивикација за додавање подоцна</string>
  <string name="pref_show_ail_summary">Сликајте за потсетник за да можете да додадете трансакција покасно</string>
  <string name="settings_about">За Money Lover</string>
  <string name="settings_changes_log_title">Промени</string>
  <string name="settings_amount_text_display_title">Стил за приказ на суми</string>
  <string name="pref_amount_text_decimal_separator_title">Децимален одделувач</string>
  <string name="pref_amount_text_decimal_separator_imperial">1,999.95</string>
  <string name="pref_amount_text_decimal_separator_international">1.999,95</string>
  <string name="pref_amount_text_show_currency_title">Прикажувај валута</string>
  <string name="pref_amount_text_minus_style_title">Позитивна/негативна сума</string>
  <string name="pref_amount_text_minus_style_color">Со боја</string>
  <string name="pref_amount_text_minus_style_sign">Со +/- знак</string>
  <string name="pref_amount_text_minus_style_bracket">со ( )</string>
  <string name="pref_amount_text_shorten_title">Скратена сума</string>
  <string name="pref_using_location">Using location</string>
  <string name="settings_reset_data">Ресетирај сѐ</string>
  <string name="auto_backup_no">Автоматското зачувување е исклучено</string>
  <string name="auto_backup">Автоматско зачувување на резервни копии</string>
  <string name="auto_backup_every_day">Секој ден</string>
  <string name="auto_backup_every_week">Секоја недела</string>
  <string name="auto_backup_every_month">Секој месец</string>
  <string name="auto_backup_every_year">Секоја година</string>
  <string name="auto_backup_test">2 phút</string>
  <string name="settings_quick_add_notification_title"></string>
  <string-array name="first_day_of_week_display">
    <item>Недела</item>
    <item>Понеделник</item>
    <item>Вторник</item>
    <item>Среда</item>
    <item>Четврток</item>
    <item>Петок</item>
    <item>Сабота</item>
  </string-array>
  <string-array name="first_day_of_month_display">
    <item>1ви</item>
    <item>2ри</item>
    <item>3ти</item>
    <item>4ти</item>
    <item>5ти</item>
    <item>6ти</item>
    <item>7ми</item>
    <item>8ми</item>
    <item>9ти</item>
    <item>10ти</item>
    <item>11ти</item>
    <item>12ти</item>
    <item>13ти</item>
    <item>14ти</item>
    <item>15ти</item>
    <item>16ти</item>
    <item>17ти</item>
    <item>18ти</item>
    <item>19ти</item>
    <item>20ти</item>
    <item>21ви</item>
    <item>22ри</item>
    <item>23ти</item>
    <item>24ти</item>
    <item>25ти</item>
    <item>26ти</item>
    <item>27ми</item>
    <item>28ми</item>
  </string-array>
  <string-array name="alarm_time_display">
    <item>17:00</item>
    <item>18:00</item>
    <item>19:00</item>
    <item>20:00</item>
    <item>21:00</item>
    <item>22:00</item>
    <item>23:00</item>
    <item>Без аларм</item>
  </string-array>
  <string-array name="auto_backup_repeat">
    <item>@string/auto_backup_every_day</item>
    <item>@string/auto_backup_every_week</item>
    <item>@string/auto_backup_every_month</item>
    <item>@string/auto_backup_every_year</item>
    <item>@string/auto_backup_no</item>
  </string-array>
</resources>
