<?xml version="1.0" encoding="utf-8"?>
<!--Generated by crowdin.net-->
<resources>
  <string name="account">Паричник</string>
  <string name="amount">Сума</string>
  <string name="budget">Буџет</string>
  <string name="event_title">Настан</string>
  <string name="category">Категорија</string>
  <string name="earned_from">Заработено од</string>
  <string name="end_date">Краен датум</string>
  <string name="expense">Трошок</string>
  <string name="goto_today">Скокни до денес</string>
  <string name="goto_thismonth">Скокни до овој месец</string>
  <string name="income">Приход</string>
  <string name="migrate">Мигрирајте</string>
  <string name="select_category">Одбери категорија</string>
  <string name="spent_on">Потрошено на</string>
  <string name="start_date">Почетен датум</string>
  <string name="time">Време</string>
  <string name="time_range">%1$s - %2$s</string>
  <string name="loading_more">Се вчитува уште…</string>
  <string name="goal">Цел</string>
  <string name="edit">Edit</string>
  <string name="saved">Заштедено</string>
  <string name="search_go">Оди</string>
  <string name="buy_app">Отклучи Premium</string>
  <string name="undobar_message">%1$s беше избришано</string>
  <string name="backup_share">Share</string>
  <string name="version">Верзија %1$s</string>
  <string name="loading">Се вчитува…</string>
  <string name="total">Вкупно</string>
  <string name="splashscreen_create_account">Направете го првиот паричник</string>
  <string name="splash_screen_use_cloud">Go cloud (Coming soon)</string>
  <string name="splash_screen_use_cloud_info">Sync and Share transactions with easy</string>
  <string name="splash_screen_use_right_away">For this device only</string>
  <string name="splash_screen_use_right_away_info">Right away!</string>
  <string name="welcome_message_title">How do you want to use?</string>
  <string name="welcome_message">You can change your mind at any time later</string>
  <string name="login_hint_email">Е-пошта</string>
  <string name="login_hint_password">Лозинка</string>
  <string name="login_facebook">Најави се со Facebook</string>
  <string name="login_money_lover">Најави се со Money Lover профил</string>
  <string name="login_title">Login</string>
  <string name="register_title">Регистрирај се</string>
  <string name="register_register">Регистирај се</string>
  <string name="cashbook_earning">Заработка</string>
  <string name="cashbook_spending">Трошок</string>
  <string name="cashbook_all_transactions">Сите трансакции</string>
  <string name="cashbook_delete_transaction_message">Дали сакате да ја избришете оваа трансакција?</string>
  <string name="cashbook_left">%1$s останато</string>
  <string name="cashbook_no_data_guide">Tap the %1$s button below to add some</string>
  <string name="cashbook_no_data_swipe_down">Swipe down and</string>
  <string name="cashbook_no_data_faq_tip">Too hard to use? Tap %1$s to find supporters</string>
  <string name="cashbook_no_data_earning">No earnings</string>
  <string name="cashbook_no_data_spending">No spending</string>
  <string name="cashbook_no_data">No transactions</string>
  <string name="cashbook_selected_account_not_existed">Selected wallet is not existed, you will be directed to default wallet.</string>
  <string name="cashbook_contentdescription_help_support">Help &amp; Support</string>
  <string name="cashbook_contentdescription_select_time_range_to_view">Select view mode</string>
  <string name="cashbook_contentdescription_delete_transaction">Delete transaction</string>
  <string name="cashbook_contentdescription_sort_transaction">Sort transactions</string>
  <string name="cashbook_contentdescription_search_transaction">Search for transaction</string>
  <string name="cashbook_contentdescription_viewmode_transaction">View by transaction</string>
  <string name="cashbook_contentdescription_viewmode_category">View by category</string>
  <string name="cashbook_contentdescription_transfer_money">Transfer money</string>
  <string name="with_person">with %1$s</string>
  <string name="with_two_person">with %1$s &amp; %2$s</string>
  <string name="with_many_person">with %1$s &amp; %2$s other people</string>
  <string name="press_back_one_more_time_to_exit">Press Back button again to exit</string>
  <string name="paid">Cashback</string>
  <string name="cashbook_cashback_info">to %1$s</string>
  <string name="add_transaction_amount_friendly_title">How much?</string>
  <string name="add_transaction_title_add">Add transaction</string>
  <string name="add_transaction_title_edit">Edit transaction</string>
  <string name="add_transaction_title_view">Transaction detail</string>
  <string name="add_transaction_note_title_normal">Note</string>
  <string name="add_transaction_note_hint">Empty</string>
  <string name="add_transaction_cancel_adding">Do you want to dismiss this transaction</string>
  <string name="add_transaction_discard_edit">Do you want to discard changes to this transaction</string>
  <string name="add_transaction_account_alert_currency_change">Currency of input amount will be changed from %1$s to %2$s. Do you still want to process?</string>
  <string name="add_transaction_account_alert_currency_change_start">Currency of input amount will be changed from</string>
  <string name="add_transaction_account_alert_currency_change_middle">to</string>
  <string name="add_transaction_account_alert_currency_change_end">Do you still want to process?</string>
  <string name="add_transaction_add_success">Add transaction success!</string>
  <string name="add_transaction_category_hint">Select one</string>
  <string name="add_transaction_with_title">With?</string>
  <string name="add_transaction_with_hint">e.g. Jon Snow, Arya Stark…</string>
  <string name="add_transaction_reminder_empty">No remind</string>
  <string name="add_transaction_subtransaction_title">Cashback</string>
  <string name="add_transaction_timecreated_title">Date</string>
  <string name="add_transaction_reminder_title">Reminder</string>
  <string name="add_transaction_error_amount">You must fill amount field</string>
  <string name="add_transaction_error_category">You must select category of spending/earning</string>
  <string name="debtor">Debtor</string>
  <string name="lender">Lender</string>
  <string name="for_reason">For %1$s</string>
  <string name="someone">someone</string>
  <string name="someone_hint">Someone</string>
  <string name="add_transaction_note_spend_from_saving">Spent from saving plan %1$s</string>
  <string name="add_transaction_no_category_found">No matches</string>
  <string name="warning_big_amount_message">This transaction amount seems too big. Are you sure it\'s correct?</string>
  <string name="warning_big_amount_dont_show_again">Don\'t show again</string>
  <string name="im_wrong">I\'m wrong</string>
  <string name="add_note">Write note</string>
  <string name="set_reminder_remove_reminder">Turn off</string>
  <string name="convert_currency_title_dialog">Enter other currency</string>
  <string name="convert_currency_message_convert_complete">Convert to</string>
  <string name="convert_currency_message_convert_error">Convert error</string>
  <string name="convert_currency_message_converting">Converting…</string>
  <string name="edit_transaction_confirm_change_category_for_debtloan">Are you sure you want to change category? It will be removed all its history transactions.</string>
  <string name="edit_transaction_mark_remove">Will be deleted</string>
  <string name="edit_transaction_mark_remove_message">All sub transactions of this transaction will be deleted</string>
  <string name="delete_sub_transaction">Delete this transaction</string>
  <string name="sub_transaction_title">Cashback History</string>
  <string name="quick_add_transaction_dialog_title">New transaction</string>
  <string name="quick_add_notification_ticker">Ready to add new transaction</string>
  <string name="quick_add_transaction_title">Add to %1$s</string>
  <string name="quick_add_transaction_notification_text">Tap to go to wallet</string>
  <string name="add_account_title_add">Add wallet</string>
  <string name="add_account_title_edit">Edit wallet</string>
  <string name="add_account_name_title">Name</string>
  <string name="add_account_currency_title">Currency</string>
  <string name="add_account_start_balance_title">Initial balance</string>
  <string name="add_account_error_accountname_exists">This wallet name already exists.</string>
  <string name="add_account_error_accountname_length_invalid">Wallet name must be between %1$s to %2$s characters.</string>
  <string name="add_account_discard_changed">Do you want to discard all changes made to this wallet?</string>
  <string name="add_account_note_for_initial_balance">Initial Balance</string>
  <string name="add_account_shortcut_title">Add home screen shortcut</string>
  <string name="add_account_shortcut_success">Create shortcut success</string>
  <string name="account_manager_title">Wallet Manager</string>
  <string name="account_manager_confirm_delete_account">Do you want to delete wallet %1$s?</string>
  <string name="time_picker_dialog_title">Pick time</string>
  <string name="navigation_cashbook">Transactions</string>
  <string name="navigation_budget">Budgets</string>
  <string name="navigation_campaign">Savings</string>
  <string name="navigation_event">Events</string>
  <string name="navigation_category_manager">Categories</string>
  <string name="navigation_statistic">Statistic</string>
  <string name="navigation_settings">Settings</string>
  <string name="navigation_feedback">Feedback</string>
  <string name="navigation_debt_manager">Debts</string>
  <string name="navigation_tools">Tools</string>
  <string name="navigation_about">About</string>
  <string name="navigation_sync">Sync</string>
  <string name="navigation_logout">Logout</string>
  <string name="navigation_login">Go Cloud</string>
  <string name="navigation_database">Database</string>
  <string name="navigation_copyright">© 2013 ZooStudio. All rights reserved.</string>
  <string name="tools_interest_rate">Interest Rate</string>
  <string name="tools_export_csv">Export CSV</string>
  <string name="tools_export_excel">Export Excel</string>
  <string name="tools_tip_calculator">Tip Calculator</string>
  <string name="tools_find_atm">ATM Finder</string>
  <string name="tools_find_bank">Bank Finder</string>
  <string name="tools_install_app">Install tool</string>
  <string name="tools_install_app_message">Do you want to install &lt;b&gt;%1$s&lt;/b&gt; from Google Play Store?</string>
  <string name="statistic_monthly_report">Monthly Report</string>
  <string name="bank_finder">Bank Finder</string>
  <string name="bank_finder_hint">e.g. HSBC, Standard Chartered…</string>
  <string name="bank_finder_input_bank_name">Enter bank name</string>
  <string name="open_file">Open file</string>
  <string name="export_fail">Sorry, the export process encountered an error and cannot continue</string>
  <string name="export_success">Export successfully</string>
  <string name="select_account">Select wallet</string>
  <string name="export_csv">Export CSV</string>
  <string name="export_excel">Export Excel</string>
  <string name="attach_to_email">Attach to email</string>
  <string name="delimiter">Delimiter</string>
  <string name="atm_finder">ATM Finder</string>
  <string name="change">Change</string>
  <string name="send_mail">Send email</string>
  <string name="contact_me">Contact us</string>
  <string name="about_thanks">&lt;b&gt;Special thanks to&lt;/b&gt;&lt;br /&gt;
        Andreas Krings, Jake Wharton, Jeremy Feinstein, Roman Nurik, Simon Vig Therkildsen, Soarcn, Tjerk
        Wolterink for their awesome libraries.&lt;br /&gt;
        Brankic1979 and Nick Frost for their beautiful icon packs.&lt;br /&gt;
        And all our volunteers who help us on translating Money Lover to many other languages.</string>
  <string name="about_developed">by ZooStudio</string>
  <string name="about_view_profile_facebook">Visit our page</string>
  <string name="budget_overspent">Overspent</string>
  <string name="budget_finished">Finished</string>
  <string name="budget_spent">Spent</string>
  <string name="budget_all_category">All Categories</string>
  <string name="create_budget_title_add">Add Budget</string>
  <string name="create_budget_title_edit">Edit budget</string>
  <string name="create_budget_create_for">Add for</string>
  <string name="create_budget_time_range">Time range</string>
  <string name="budget_detail_delete_confirm_message">Do you want to delete this budget?</string>
  <string name="create_budget_message_select_day_error">End date must be after start date</string>
  <string name="create_budget_message_duplicate_DB">Budget for this time was created, do you want to override old one?</string>
  <string name="create_budget_message_warning_enter_amount">Budget amount less than 0!</string>
  <string name="create_budget_message_error_category">You must select category</string>
  <string name="create_budget_message_error_time">You must select time for budget</string>
  <string name="budget_overview_monthly">Monthly budget plan</string>
  <string name="budget_overview_custom">Custom budget plans</string>
  <string name="budget_overview_no_data_guide">Tap the %1$s button above to add new budget plan</string>
  <string name="budget_detail_category">%1$s budget</string>
  <string name="budget_detail_account_detail_emptyview_message">Tap to add budget</string>
  <string name="budget_detail_list_transactions_title">Transactions list</string>
  <string name="clear_template">Clear template</string>
  <string name="budget_template">Template</string>
  <string name="dialog_enter_amount_title">Enter amount</string>
  <string name="security_pin_title_create">Set password</string>
  <string name="security_pin_title_confirm">Confirm password</string>
  <string name="security_pin_title_open">Enter password</string>
  <string name="security_pin_message_remove">to disable password security mode</string>
  <string name="security_pin_title_wrong_password">Wrong password!</string>
  <string name="security_pin_message_try_again">try again</string>
  <string name="is_latest_version">Current version is up to date.</string>
  <string name="update">Update</string>
  <string name="has_new_version">New version released, please update now!</string>
  <string name="no_internet">No internet connection. Please try again!</string>
  <string name="check_update">Check Update</string>
  <string name="thanks_feedback">Thanks for your feedback.</string>
  <string name="add_sub_transaction_input_more_than_left">Inputted amount is bigger than unpaid amount</string>
  <string name="warning">Warning</string>
  <string name="process">Processing…</string>
  <string name="error_no_google_map">Please install Google Maps to use feature</string>
  <string name="set">Set</string>
  <string name="category_manager_title">Category Manager</string>
  <string name="category_manager_notice_cannot_edit_default_category">Cannot edit special category</string>
  <string name="category_manager_confirm_delete_category">Do you want to delete category %1$s? All transactions belong to this category will be deleted too.</string>
  <string name="category_manager_delete_success_message">Category %1$s has been deleted</string>
  <string name="create_category_title">New category</string>
  <string name="edit_category_title">Edit category</string>
  <string name="create_category_name_title">Name</string>
  <string name="create_category_select_icon_title">Icon</string>
  <string name="create_category_default_parent_category">I\'m parent</string>
  <string name="create_category_parent_category">Parent category</string>
  <string name="create_category_hint_name_review">Category Name</string>
  <string name="create_category_message_duplicate_DB">This category already existed</string>
  <string name="create_category_select_type_error">You must choose category type</string>
  <string name="create_category_input_name_error">Let\'s input your category\'s name</string>
  <string name="create_category_select_icon_error">Don\'t forget icon for category</string>
  <string name="select_parent_category_title">Select parent category</string>
  <string name="message_transfer_successful">Transfer successful!</string>
  <string name="title_dialog_transfer">From %1$s</string>
  <string name="back">Back</string>
  <string name="message_currency_error">Do you want to change from %1$s to %2$s?</string>
  <string name="note_income_transfer">Received from %1$s</string>
  <string name="message_amount_zero">Transfer amount should bigger than 0</string>
  <string name="default_note_transfer">Transferred to %1$s</string>
  <string name="monthly_report_start_balance">Start Balance</string>
  <string name="monthly_report_this_month_balance">Net Income</string>
  <string name="monthly_report_end_balance">End Balance</string>
  <string name="monthly_report_compare_to_previous_month">Monthly comparison</string>
  <string name="monthly_report_largest_expense">Biggest expense</string>
  <string name="monthly_report_expense_by_category">Expenses by category</string>
  <string name="monthly_report_nodata">No report for this month</string>
  <string name="monthly_report_nodata_guide">Monthly reports will be displayed automatically after a new month started</string>
  <string name="search_result">Search Result</string>
  <string name="type">Type</string>
  <string name="with">With</string>
  <string name="select_time">Select Time</string>
  <string name="notification_center_message_empty_notification">No notifications</string>
  <string name="notification_center_title">Notification center</string>
  <string name="notification_center_delete_read_notifications">Delete read messages</string>
  <string name="notification_center_mark_all_as_read">Mark all as read</string>
  <string name="debt_manager_title">Debts</string>
  <string name="debt_wallet">Payable</string>
  <string name="loan_wallet">Receivable</string>
  <string name="now">Unpaid</string>
  <string name="past">Paid</string>
  <string name="note_transaction_saving">Withdraw from saving %1$s</string>
  <string name="saving_overview_title">Savings</string>
  <string name="saving_overview_deposit">Deposit</string>
  <string name="saving_overview_need">Need</string>
  <string name="saving_overview_spend">Spend</string>
  <string name="saving_overview_withdraw">Withdraw</string>
  <string name="saving_deposit">Deposit to saving plan %1$s</string>
  <string name="saving_withdraw_default_note">Withdraw from saving plan %1$s</string>
  <string name="saving_overview_no_data_guide">Tap the %1$s button above to add new saving plan</string>
  <string name="saving_menu_deposit">Deposit</string>
  <string name="saving_menu_withdraw">Withdraw</string>
  <string name="saving_menu_spendon">Spend on…</string>
  <string name="saving_add_title">Add saving</string>
  <string name="saving_edit_title">Edit saving</string>
  <string name="saving_add_name_title">Name</string>
  <string name="saving_add_start_amount">Start amount</string>
  <string name="saving_add_success">Created new saving campaign</string>
  <string name="saving_add_error_goal_amount">You must input goal amount!</string>
  <string name="saving_add_error_name">You must input name saving campaign!</string>
  <string name="saving_add_error_icon">You must choose icon!</string>
  <string name="saving_add_cancel_adding">Do you want to dismiss this saving?</string>
  <string name="saving_add_discard_edit">Do you want to discard changes to this saving?</string>
  <string name="dialog_select_event_remove">Clear event</string>
  <string name="event_add_title">Add event</string>
  <string name="event_edit_title">Edit event</string>
  <string name="event_input_name_error">Let\'s input your event\'s name</string>
  <string name="event_select_icon_error">Don\'t forget icon for event</string>
  <string name="event_overview_view_transactions">Transactions</string>
  <string name="event_overview_deposit">Deposit</string>
  <string name="event_overview_withdraw">Withdraw</string>
  <string name="event_overview_deposited">Deposited</string>
  <string name="event_overview_finish">Finish</string>
  <string name="event_overview_no_data_guide">Tap the %1$s button above to add new event plan</string>
  <string name="event_menu_mark_as_finished">Mark as finished</string>
  <string name="event_menu_mark_as_unfinish">Mark as unfinished</string>
  <string name="interest_rate_title">Interest rate</string>
  <string name="interest_rate">Rate</string>
  <string name="time_from">During time</string>
  <string name="select_type_interest">Type interest</string>
  <string name="date_to_invalid">Date to must after date from </string>
  <string name="amount_empty">Please enter amount value</string>
  <string name="time_mode_interest">Time mode</string>
  <string name="rate_empty">Please enter rate value</string>
  <string name="time_empty">Please choose time value</string>
  <string name="interest">Interest amount</string>
  <string name="number_of_period">Number of periods</string>
  <string name="total_amount">Total amount</string>
  <string name="interest_result">Result</string>
  <string name="total_people">with %d people</string>
  <string name="percent_tip">tip %1$s%%</string>
  <string name="total_pay">Total pay</string>
  <string name="total_tip">Total tip</string>
  <string name="total_tip_person">Total tip person</string>
  <string name="total_per_person">Amount per person</string>
  <string name="note_it">Note it</string>
  <string name="no_tip">no tip</string>
  <string name="more_people">Number People</string>
  <string name="more_tip">Percent Tip</string>
  <string name="calculate">Calculate</string>
  <string name="change_review">%1$s%% is better, &lt;b&gt;change?&lt;/b&gt;</string>
  <string name="empty_amount">Amount is empty</string>
  <string name="inapp_purchase">Premium options</string>
  <string name="message_purchase_error">Purchase error</string>
  <string name="message_purchase_success">Purchase successfully. Restart application to apply changes.</string>
  <string name="purchase_bought">You bought this</string>
  <string name="reset_app_to_change">Restart application to apply changes</string>
  <string name="purchase_buy_all_title">Go Premium</string>
  <string name="purchase_buy_all_text">Have more than one wallet, budget plan, saving plan, event plan.\nNo more advertisement!</string>
  <string name="purchase_buy_ads_title">Remove ads</string>
  <string name="purchase_buy_ads_text">Enjoy the basic Money Lover with no more advertisement!</string>
  <string name="purchase_input_premium_code_text">If you have license code or promote code</string>
  <string name="purchase_notice_buy_features">Free version can add one budget, one saving, one event only, and cannot use all features. Please go premium to create unlimited budgets, savings, events and access to all features</string>
  <string name="premium_code">Enter code</string>
  <string name="license_code_not_correct">License code is not correct</string>
  <string name="license_code_success">License code is valid. You\'re now be able to access all features in %1$s</string>
  <string name="widget_select_account_empty">You need a wallet before creating widget</string>
  <string name="widget_simple_light_name">Simple widget light</string>
  <string name="widget_select_account_title">Select wallet</string>
  <string name="ail_message_empty_image">No photos left</string>
  <string name="ail_guide_1">You take a photo of something</string>
  <string name="ail_guide_2">So you can add transaction about it later</string>
  <string name="migrate_dialog_message">Money Lover is going to transfer your data from old version to new one. Do you want to continue?</string>
  <string name="migrate_dialog_notice">Notice</string>
  <string name="migrate_dialog_disabled_function">In this version, billing feature was disabled temporary although your bill data still will be transferred.</string>
  <string name="migrate_dialog_cancel_message">If you change your mind later, you still can select migrate in %1$s. But all your new data from now on to that moment will lose permanently.</string>
  <string name="migrate_processing_transfer_currencies">Transferring currencies</string>
  <string name="migrate_processing_transfer_accounts">Transferring and converting old accounts into wallets</string>
  <string name="migrate_processing_transfer_master_categories">Transferring master categories</string>
  <string name="migrate_processing_transfer_categories">Transferring categories</string>
  <string name="migrate_processing_transfer_transactions">Transferring transactions</string>
  <string name="migrate_processing_transfer_tagged_people">Transferring tagged people</string>
  <string name="migrate_processing_transfer_sub_transactions">Transferring sub transactions</string>
  <string name="migrate_processing_transfer_interests">Transferring interests</string>
  <string name="migrate_processing_transfer_bills">Transferring bills</string>
  <string name="migrate_processing_transfer_budgets">Transferring budgets</string>
  <string name="migrate_processing_transfer_campaigns">Transferring campaigns</string>
  <string name="restore_title">Restore data</string>
  <string name="restore_message_successful">Import successfully!</string>
  <string name="restore_message_error">An error has occurred when importing data</string>
  <string name="restore_loading_file_from_dropbox">Loading file from Dropbox…</string>
  <string name="restore_connect_dropbox">Connect with Dropbox</string>
  <string name="restore_message">Select one file below to restore data from</string>
  <string name="restore_message_edit">Select file to delete</string>
  <string name="restore_empty_file">No files</string>
  <string name="restore_disconnect_dropbox">Unlink Dropbox</string>
  <string name="restore_disconnect_dropbox_confirm">Do you really want to unlink Dropbox?</string>
  <string name="backup_title">Backup data</string>
  <string name="backup_file_name">Backup to file</string>
  <string name="backup_notice_about_file_ext">From this version, we use the new file extension &lt;b&gt;.mlx&lt;/b&gt; , but you still can import both .money and .mlx file into %1$s</string>
  <string name="backup_success_message">Backup successfully</string>
  <string name="backup_fail_message">Backup failed</string>
  <string name="navigation_group_support">Support</string>
  <string name="navigation_group_setting">Setting</string>
  <string name="navigation_group_plans">Planning</string>
  <string name="navigation_group_others">Others</string>
  <string name="navigation_group_tools">Tools</string>
  <string name="widget_account_was_deleted">Wallet was deleted</string>
  <string name="tools_install_go_to_playstore">Go to Play Store</string>
  <string name="tools_shopping_lover_intro">This application is built on the habits of shoppers. It increases the efficiency and speed of your shopping experience, and also prevents any unnecessary mistakes.</string>
  <string name="tools_exchanger_intro">Exchanger is a simple way to convert currency in mobile.&lt;br /&gt;
		- Nice design with flat design&lt;br /&gt;
		- 100+ world currencies&lt;br /&gt;
		- Convert multi-currencies in one time&lt;br /&gt;
		- Offline mode (do not need network).</string>
  <string name="rate_app_dont_show_again">Don\'t show Rate App notification again</string>
  <string name="rate_app_dont_show_again_short">Don\'t show again</string>
  <string name="rate_app_config_title">Rate app setting</string>
  <string name="delete">Delete</string>
  <string name="restore_delete_message">Do you want to delete these files permanently?</string>
  <string name="restore_message_confirm">Do you want to restore data from file %1$s? All your current data will be deleted!</string>
  <string name="restore_autobackup_fail">Auto backup failed. Restore process cannot continue.</string>
  <string name="deleting">Deleting…</string>
  <string name="purchase_error_unknown">An unknown error has appeared.</string>
  <string name="purchase_please_wait_until_data_is_loaded">Please wait until data is loaded.</string>
  <string name="announce_update_lost_data_message">&lt;p&gt;We are upgrading Money Lover into new version and migrating your data from the old one to the new one. During the process, you may experience some losses of data, sometimes, unfortunately, all of them. &lt;/p&gt;&lt;p&gt;&lt;b&gt;Technically, your data is still there as we will not delete them if the migrate process goes wrong.&lt;/b&gt;&lt;/p&gt;&lt;p&gt; If you find yourself into this situation, please contact us and we will help you find your data back.&lt;/p&gt;</string>
  <string name="announce_update_lost_data_message_title">About losing data after update</string>
  <string name="cannot_find_my_language">More languages?</string>
  <string name="feedback_language_text">Hello,\nI would like to translate the following languages:\n</string>
  <string name="feedback_language_subject">[LANG] FEEDBACK FOR LANGUAGE</string>
  <string name="message_more_languages">We\'re working on translating new version of Money Lover into other languages but this process can take a while, so we really need help from our users to speed it up.</string>
  <string name="message_more_languages_help">Please help us if you can translate from English to other languages. You can contact us for further information.</string>
  <string name="languagehelp_ok">Yes, I\'ll help!</string>
  <string name="languagehelp_cancel">No, maybe later :(</string>
  <string name="languagehelp_title">Help Translation</string>
  <string name="changes_log_title">Changelogs</string>
  <string name="restore_menu_show_auto_backup">Show auto backup files</string>
  <string name="restore_menu_hide_auto_backup">Hide auto backup files</string>
  <string name="restore_menu_edit">Select files</string>
  <string name="title_view_web">Web Display</string>
  <string name="title_notification_web">Connecting web client</string>
  <string name="turn_on_web">Turn on server</string>
  <string name="turn_off_web">Turn off server</string>
  <string name="tab_to_turn_off_web">Tap to turn off web</string>
  <string name="budget_detail_error_budget_not_exists">This budget no longer exist</string>
  <string name="new_expense_category">New expense category</string>
  <string name="new_income_category">New income category</string>
  <string name="turn_on_wifi">Turn on wifi first</string>
  <string name="server_off">Server off</string>
  <string name="access_link">%1$s</string>
  <string name="previous_web">Previous</string>
  <string name="next_web">Next</string>
  <string name="webdisplay_status_title">Status</string>
  <string name="webdisplay_menu_help">Help</string>
  <string name="webdisplay_menu_advance">Advanced options</string>
  <string name="add_web">Add</string>
  <string name="cashback_loan_info">from %1$s</string>
  <string name="webdisplay_turning_on">Turning on…</string>
  <string name="webdisplay_turned_on">Turn off</string>
  <string name="webdisplay_turning_off">Turning off…</string>
  <string name="webdisplay_turned_off">Turn on</string>
  <string name="set_as_start_date">Set as start date</string>
  <string name="set_as_end_date">Set as end date</string>
  <string name="webdisplay_warning_port_over">Port must have range from %1$s to %2$s</string>
  <string name="webdisplay_warning_port_web">This port is duplicated with %1$s</string>
  <string name="webdisplay_will_change_port">Port will be changed after turning on service again.</string>
  <string name="webdisplay_open_web_browser">Open this address in web browser</string>
  <string name="webdisplay_warning_port_exist">This port has been taken over by another service. Please select another port.</string>
  <string name="webdisplay_change_port">Change port</string>
  <string name="webdisplay_web_actions">Actions</string>
  <string name="webdisplay_web_feedback_support">Feedback \u0026 Support</string>
  <string name="webdisplay_web_add_more">Add more</string>
  <string name="reset_data_message">Do you want to reset all data? All data such as wallets, transactions, budgets, savings or events will be removed. This action CAN NOT be undone.</string>
  <string name="upload_to_dropbox_success">Uploaded to DropBox</string>
  <string name="message_large_spend_amount">Inputted amount must be smaller than current saved amount.</string>
  <string name="message_error_select_parent_cate">Can not select itself as parent</string>
  <string name="translated_by">Translated by %1$s</string>
  <string name="add_transaction_with_suggestion">You can add people who is not in contact by adding a comma ( , ) after their name.</string>
  <string name="msg_add_transaction_first">Do you want to add the very first transaction now?</string>
  <string name="global">Global</string>
  <string name="notification_bank_sms_title">Your %1$s wallet change %2$s</string>
  <string name="custom_range_cashbook">Custom</string>
  <string name="navigation_travel_mode">Travel Mode</string>
  <string name="select_event_title">Select event</string>
  <string name="travel_mode_description">In travel mode, you can select a running event to be auto selected each time you create a transaction.</string>
  <string name="travel_mode_activated_message">Travel mode is on. Happy travelling!</string>
  <string name="travel_mode_turn_off_message">Do you want to turn Travel Mode off?</string>
  <string name="travel_mode_quick_add_notification">Add to event %1$s</string>
  <string name="travel_mode_turned_off_message">Travel mode is off</string>
  <string name="purchase_description">Each purchase is valid for only 100 years.</string>
  <string name="backup_select_one">Select one</string>
  <string name="repeat_transaction_mode_month_same_days">on %1$s each month</string>
  <string name="repeat_transaction_mode_month_this_day">on every %1$s %2$s of month</string>
  <string name="repeat_transaction_times_duration_for_a_number_of_event_shorted">For</string>
  <string name="repeat_transaction_manager">Recurring Transactions</string>
  <string name="recent_transaction_no_transactions">No recent transactions</string>
  <string name="repeat_transaction_next_repeat">Next repeat</string>
  <string name="repeat_transaction_need_specify_repeat">You need to specify repeat options</string>
  <string name="recent_transaction_dialog_list_title">Recent transaction</string>
  <string name="repeat_transaction_message_confirm_delete_template">Do you want to delete this template?</string>
  <string name="repeat_transaction_no_template">There is no repeat templates</string>
  <string name="repeat_transaction_no_repeat">No repeat</string>
  <string name="repeat_transaction_next_repeat_at">Next repeat at %1$s</string>
  <string name="share_need_to_download_before_sharing">This file will be downloaded from DropBox before being shared</string>
  <string name="repeat_transaction_add_template">Add recurring transaction</string>
  <string name="repeat_transaction_edit_template">Edit recurring transaction</string>
  <string name="recent_transaction_show_when_add_transaction">Show this dialog automatically when add transaction</string>
  <string name="message_login_now">After enter promotion code, you could create an Money Lover account to link your account with your Premium status. If you have another device, login Money Lover with your account so Premium status in that device will be automatically activated.</string>
  <string name="recent_transaction_dialog_description">You can import transaction data from these previous ones</string>
  <string name="repeat_transaction_every">Every</string>
  <string name="repeat_transaction_from">From</string>
  <string name="repeat_transaction_at">at</string>
  <string name="repeat_transaction_times">times</string>
  <string name="event_delete_message">Do you want to delete this event?</string>
  <string name="saving_delete_message">Do you want to delete this saving?</string>
  <string name="budget_delete_message">Do you want to delete this budget?</string>
  <string name="transaction_detail_cashback_left">Left</string>
  <string name="transaction_detail_cashback_paid">Paid</string>
  <string name="add_account_error_message_no_currency">Please select one currency for your wallet</string>
  <string name="store_download_fail">Can not download icon at this moment</string>
  <string name="dialog_turn_on_location_service">Do you want turn on location service?</string>
  <string name="set_icon_default_tab">Default</string>
  <string name="set_icon_tab_sdcard">Downloaded</string>
  <string name="set_icon_more_tab">More icon</string>
  <string name="store_preview_icon">Preview</string>
  <string name="store_buy_icon">Buy</string>
  <string name="store_icon_title">Icon Store</string>
  <string name="store_purchase_preview">Preview</string>
  <string name="download">Download</string>
  <string name="do_not_show_again">Don\'t show again</string>
  <string name="new_icon_packs_are_available">Two new icon packs are available for using for category, event and saving. You can create a new category to see them right now!</string>
  <string name="dialog_share_account">Share wallet with</string>
  <string name="share_account_success">Share wallet success</string>
  <string name="dialog_sharing_account">Sharing…</string>
  <string name="email_address_invalid">Email address invalid</string>
  <string name="set_location_get_address_error">Can not load address now, please try again later!</string>
  <string name="cashbook_balance">Balance</string>
  <string name="statistic_trends">Trends</string>
  <string name="sync_transferring_data">Transferring data</string>
  <string name="sync_running">Sync is in progress…</string>
  <string name="trend_criteria_collapsed_time">From &lt;b&gt;%1$s&lt;/b&gt; to &lt;b&gt;%2$s&lt;/b&gt;</string>
  <string name="transaction_detail_set_location">Set location</string>
  <string name="transaction_detail_can_not_download_image">Can not download this image, please try another.</string>
  <string name="user_unauthenticated">You must login first</string>
  <string name="share_account_error">Share wallet failed</string>
  <string name="beta">Beta</string>
  <string name="sync_error">Sync error</string>
  <string name="sync_notification_ticker_text">Syncing data with server</string>
  <string name="sync_notification_content_title">Sync Money Lover</string>
  <string name="login_success">Login successfully</string>
  <string name="login_forgot_password">Forgot password?</string>
  <string name="register_show_password">Show password</string>
  <string name="sync_done">Sync process has done successfully</string>
  <string name="login_fail">Invalid email/password combination. Please try again.</string>
  <string name="connecting">Connecting…</string>
  <string name="sync_account">Sync wallet</string>
  <string name="message_sync_transfer_data">Do you want to transfer data?</string>
  <string name="sync_dialog_transfer_title">Transfer data</string>
  <string name="sync_running_cannot_add_item">Sync process is running, please wait for a moment</string>
  <string name="sync_last_sync">Last sync: %1$s</string>
  <string name="sync_sync_first_time">Tap to sync for the first time</string>
  <string name="icon_xmas_notification_title">Merry Xmas with new icon pack!</string>
  <string name="icon_xmas_notification_content">Holiday is coming: Decorate Money Lover with the beautiful Christmas icon pack today! And it’s free!</string>
  <string name="store_icon_re_download">Download again</string>
  <string name="store_icon_free">Free</string>
  <string name="store_icon_list_empty">No icon packs</string>
  <string name="store_icon_canceled_message">Download for icon package %1$s was canceled</string>
  <string name="store_icon_download_finished_message">Icon package %1$s was downloaded. You can use those new icons when creating category, event or saving.</string>
  <string name="transaction_detail_show_advanced">Add more detail</string>
  <string name="refresh">Refresh</string>
  <string name="navigation_store">Money Lover Store</string>
  <string name="create_category_select_parent_error">Can not choose this category as parent</string>
  <string name="sync_error_timeout">server is maintained</string>
  <string name="sync_error_server_busy">Server is busy</string>
  <string name="sync_register_success">Register successfully</string>
  <string name="transaction_detail_warning_time_not_in_range">This date is not in budget %1$s\' time range (%2$s)</string>
  <string name="notification_message_remind_transaction">You set a notification for a transaction %1$s: %2$s. Tap to view its detail.</string>
  <string name="location_add_new_address">Add %1$s as a place</string>
  <string name="category_none_name">No categories</string>
  <string name="saving_add_startamount_over">Start amount can not large than goal amount</string>
  <string name="share_account_permission">Set this person as OWNER so they can view, add, edit, delete all kind of data in this wallet</string>
  <string name="error_can_not_load_wallet">Can not load wallet or the selected wallet was deleted. Please try again or open application not from shortcut.</string>
  <string name="select_category_tap_to_create_one">Tap to create one</string>
  <string name="error_can_not_change_wallet_transaction_debt_loan">Can not change wallet for debt, loan transaction</string>
  <string name="quick_add_manager_title">Show on status bar</string>
  <string name="account_manager_create_shortcut">Create shortcut</string>
  <string name="budget_no_data">No budgets</string>
  <string name="event_no_data">No events</string>
  <string name="saving_no_data">No savings</string>
  <string name="notification_center_no_data">No notifications</string>
  <string name="recurring_transaction_no_data">No recurring transactions</string>
  <string name="notification_like_fan_page_title">Like us on Facebook</string>
  <string name="notification_like_fan_page_text">keep in touch with us for updates, tips and occasional free stuff</string>
  <string name="share_account_email_target">Email which you want to share with</string>
  <string name="share_account_email_error">This string is not a valid email address</string>
  <string name="monthly_report_other_categories">Other categories</string>
  <string name="transfer_wallet_unknown_error_message">Can not transfer between wallets at this moment, please try again. If you still see this message next time, please contact us so we can help to fix this problem.</string>
  <string name="forgot_password_error_wrong_email">This email is not registered with us, please try again.</string>
  <string name="forgot_pass_success">Please check your email account for further instructions.</string>
  <string name="register_error_email_exists">This email is unavailable. Please choose another one.</string>
  <string name="promote_event_expire">This event is already finished</string>
  <string name="promote_event_error_wrong_code">Invalid promote code. Please try again.</string>
  <string name="register_error_server">Our server encountered an weird error and we\'ve been noticed. Please take a cup of coffee why we\'re fixing it.</string>
  <string name="register_error_entered_info_not_enough">Please fill all information to continue</string>
  <string name="purchase_post_facebook_success">Thanks for sharing</string>
  <string name="promote_event_input_successfully">Promote code is valid. Now you can use all features as a Premium user! Thank you for using %1$s</string>
  <string name="promote_event_share_facebook">Share on Facebook</string>
  <string name="promote_event_login_description">TIP: Register a %1$s account to link your Premium status with that account, so next time you login to %1$s, you will have your Premium status back.</string>
  <string name="promote_event_share_facebook_description">It would be cool to share this code to your friends! Don\'t worry, it won\'t affect your Premium status.</string>
  <string name="notification_center_message_already_logged_in">You\'ve already logged in.</string>
  <string name="congratulation">Congratulation!</string>
  <string name="cashbook_pull_to_add_transaction">Pull to add transaction</string>
  <string name="cashbook_release_to_add_transaction">Release to add transaction</string>
  <string-array name="cashbook_set_timerange_items">
    <item>Day</item>
    <item>Week</item>
    <item>Month</item>
    <item>Quarter</item>
    <item>Year</item>
    <item>All</item>
    <item>Custom</item>
  </string-array>
  <string-array name="delimiters">
    <item>Semicolon ( ; )</item>
    <item>Comma ( , )</item>
    <item>Tab</item>
  </string-array>
  <string-array name="create_budget_array_time_range">
    <item>This month</item>
    <item>This quarter</item>
    <item>This year</item>
    <item>Next month</item>
    <item>Next quarter</item>
    <item>Next year</item>
    <item>Custom range</item>
  </string-array>
  <string-array name="budget_overview_titles">
    <item>Running</item>
    <item>Finished</item>
  </string-array>
  <string-array name="category_manager_edit_cate_menu">
    <item>@string/edit</item>
    <item>@string/delete</item>
  </string-array>
  <string-array name="debt_overview_titles">
    <item>@string/debt_wallet</item>
    <item>@string/loan_wallet</item>
  </string-array>
  <string-array name="campaign_overview_titles">
    <item>Running</item>
    <item>Finished</item>
  </string-array>
  <string-array name="arrays_time_mode">
    <item>Weekly</item>
    <item>Every 14 days</item>
    <item>Monthly</item>
    <item>Every 3 months</item>
    <item>Every 6 months</item>
    <item>Yearly</item>
  </string-array>
  <string-array name="arrays_type">
    <item>Simple interest</item>
    <item>Compound interest</item>
  </string-array>
  <string-array name="repeat_transaction_time_mode">
    <item>Repeat Daily</item>
    <item>Repeat Weekly</item>
    <item>Repeat Monthly</item>
    <item>Repeat Yearly</item>
  </string-array>
  <string-array name="backup_list_file_backup_select_item">
    <item>@string/restore_title</item>
    <item>@string/backup_share</item>
  </string-array>
  <string-array name="repeat_transaction_mode_month_week">
    <item>first</item>
    <item>second</item>
    <item>third</item>
    <item>fourth</item>
    <item>fifth</item>
    <item>sixth</item>
  </string-array>
  <string-array name="repeat_transaction_times_duration">
    <item>Forever</item>
    <item>Until</item>
    <item>For a number of events</item>
  </string-array>
  <string-array name="trend_type">
    <item>@string/expense</item>
    <item>@string/income</item>
    <item>Net Income</item>
  </string-array>
  <string-array name="trend_criteria">
    <item>Overtime</item>
    <item>By Category</item>
  </string-array>
  <plurals name="cashbook_transaction_count">
    <item quantity="one">%d transaction</item>
    <item quantity="other">%d transactions</item>
  </plurals>
  <plurals name="budget_days_left">
    <item quantity="one">%d day left</item>
    <item quantity="other">%d days left</item>
  </plurals>
  <plurals name="ail_view_photo_title">
    <item quantity="one">%1$s photo left</item>
    <item quantity="other">%1$s photos left</item>
  </plurals>
  <plurals name="editbar_selected_count">
    <item quantity="one">%d item selected</item>
    <item quantity="other">%d items selected</item>
  </plurals>
</resources>
