<?xml version="1.0" encoding="utf-8"?>
<!--Generated by crowdin.net-->
<resources>
  <string name="search_over">Преку</string>
  <string name="search_under">Под</string>
  <string name="search_time_over">После</string>
  <string name="search_time_under">Пред</string>
  <string name="search_between">Помеѓу</string>
  <string name="search_exact">Точно</string>
  <string name="search_remove">Отстрани</string>
  <string name="search_none">Ништо</string>
  <string name="search_all">Сите</string>
  <string name="search_select">Одбери</string>
  <string name="start">Почеток</string>
  <string name="end">Крај</string>
  <string name="from">Од</string>
  <string name="to">До</string>
  <string-array name="arr_amount">
    <item>@string/search_all</item>
    <item>@string/search_over</item>
    <item>@string/search_under</item>
    <item>@string/search_between</item>
    <item>@string/search_exact</item>
  </string-array>
  <string-array name="arr_type">
    <item>Сите</item>
    <item>Приходи</item>
    <item>Трошоци</item>
  </string-array>
  <string-array name="arr_time">
    <item>@string/search_all</item>
    <item>@string/search_time_over</item>
    <item>@string/search_time_under</item>
    <item>@string/search_between</item>
    <item>@string/search_exact</item>
  </string-array>
</resources>
