<?xml version="1.0" encoding="utf-8"?>
<!--Generated by crowdin.net-->
<resources>
  <string name="notification_message_take_photo_title">Кликни за да додадеш трансакција од &lt;b&gt;Додади покасно&lt;/b&gt; фотографија</string>
  <string name="notification_message_daily_alarm_title">Кликни за да додадеш трансакција за &lt;b&gt;%1$s&lt;/b&gt;</string>
  <string name="notification_message_monthly_remind">Види месечен извештај за &lt;b&gt;%1$s&lt;/b&gt;</string>
  <string name="notification_message_no_expense_today">Нема трошоци денес, ажурирајте сега?</string>
  <string name="notification_message_remind_debt">Сè уште должите &lt;b&gt;%1$s&lt;/b&gt; %2$s, ажурирајте сега?</string>
  <string name="notification_message_remind_loan">&lt;b&gt;%1$s&lt;/b&gt; сè уште Ви должи %2$s, ажурирајте сега?</string>
  <string name="budget_notification_budget_warning_title">Буџетот достигна %1$s%%</string>
  <string name="budget_notification_budget_warning_category_text">%1$s преостанато во &lt;b&gt;%2$s&lt;/b&gt;</string>
  <string name="budget_notification_budget_warning_account_text">%1$s преостанато во &lt;b&gt;%2$s&lt;/b&gt;</string>
  <string name="budget_notification_budget_100percent_category_text">на &lt;b&gt;%1$s&lt;/b&gt;</string>
  <string name="budget_notification_budget_100percent_account_text">на &lt;b&gt;%1$s&lt;/b&gt;</string>
  <string name="budget_notification_budget_exceeded_title">Надминато %1$s</string>
  <string name="budget_notification_budget_exceeded_category_text">на &lt;b&gt;%1$s&lt;/b&gt;</string>
  <string name="budget_notification_budget_exceeded_account_text">на &lt;b&gt;%1$s&lt;/b&gt;</string>
  <string name="ail_notification_title">Кликни за да сликаш</string>
  <string name="ail_notification_text">за да можеш да додадеш трансакција покасно</string>
  <string name="ail_notification_cancel_message">Можете да го прикажете ова известување повторно во Опции</string>
  <string name="notification_monthly_alarm_title">Кликнете за да го видите извештајот за</string>
  <string name="notification_monthly_alarm_text">%1$s</string>
  <string name="notification_message_auto_backup">Видете ја резервната копија од базата од &lt;b&gt;%1$s&lt;/b&gt;</string>
  <string name="notification_message_repeat_transaction">Нова трансакција беше додадена на &lt;b&gt;%1$s&lt;/b&gt;</string>
</resources>
