<?xml version="1.0" encoding="utf-8"?>
<!--Generated by crowdin.net-->
<resources>
  <string name="AGO">yang lalu</string>
  <string name="DAY">hari</string>
  <string name="DAYS">%1$s hari</string>
  <string name="HOUR">sekitar satu jam</string>
  <string name="HOURS">%1$s jam</string>
  <string name="MINUTE">sekitar satu menit</string>
  <string name="MINUTES">%1$s menit</string>
  <string name="MONTH">sekitar sebulan</string>
  <string name="MONTHS">%1$s bulan</string>
  <string name="SECONDS">kurang dari satu menit</string>
  <string name="SUFFIX_FROM_NOW">mulai sekarang</string>
  <string name="YEAR">sekitar satu tahun</string>
  <string name="YEARS">%1$s tahun</string>
</resources>
