<?xml version="1.0" encoding="utf-8"?>
<!--Generated by crowdin.net-->
<resources>
  <string name="notice">Pemberitahuan</string>
  <string name="error">Kesalahan</string>
  <string name="close">Tutup</string>
  <string name="cancel">Batal</string>
  <string name="save">Simpan</string>
  <string name="done">Selesai</string>
  <string name="yes">Ya</string>
  <string name="submit">Submit</string>
  <string name="sorry">Maaf</string>
  <string name="ok">Oke</string>
  <string name="search">Cari</string>
  <string name="no">Tidak</string>
  <string name="confirm">Konfirmasi</string>
  <string name="today">Hari ini</string>
  <string name="tomorrow">Besok</string>
  <string name="yesterday">Kemarin</string>
  <string name="thisweek">Minggu ini</string>
  <string name="nextweek">Minggu depan</string>
  <string name="lastweek">Minggu lalu</string>
  <string name="thismonth">Bulan ini</string>
  <string name="nextmonth">Bulan depan</string>
  <string name="lastmonth">Bulan lalu</string>
  <string name="thisquarter">Kuartal ini</string>
  <string name="nextquarter">Kuartal berikutnya</string>
  <string name="lastquarter">Triwulan pertama</string>
  <string name="thisyear">Tahun ini</string>
  <string name="nextyear">Tahun depan</string>
  <string name="lastyear">Tahun lalu</string>
  <string name="quarter_shorten">Q</string>
</resources>
