<?xml version="1.0" encoding="utf-8"?>
<!--Generated by crowdin.net-->
<resources>
  <string name="second">detik</string>
  <string name="minute">menit</string>
  <plurals name="days_left">
    <item quantity="other">%d hari tersisa</item>
  </plurals>
  <plurals name="hour_left">
    <item quantity="other">%d jam tersisa</item>
  </plurals>
  <plurals name="minute_left">
    <item quantity="other">%d menit tersisa</item>
  </plurals>
  <plurals name="second_left">
    <item quantity="other">%d detik tersisa</item>
  </plurals>
</resources>
