<?xml version="1.0" encoding="utf-8"?>
<!--Generated by crowdin.net-->
<resources>
  <string name="cate_salary">Gaji</string>
  <string name="cate_award">Penghargaan</string>
  <string name="cate_selling">Menjual</string>
  <string name="cate_give">Hadiah</string>
  <string name="cate_interest">Bunga</string>
  <string name="cate_debt">Hutang</string>
  <string name="cate_income_other">Lainnya</string>
  <string name="cate_food">Makanan &amp; minuman</string>
  <string name="cate_entertainment">Hiburan</string>
  <string name="cate_travel">Perjalanan</string>
  <string name="cate_education">Pendidikan</string>
  <string name="cate_transport">Transportasi</string>
  <string name="cate_friend">Teman &amp; kekasih</string>
  <string name="cate_family">Keluarga</string>
  <string name="cate_medical">Kesehatan</string>
  <string name="cate_shopping">Belanja</string>
  <string name="cate_loan">Pinjaman</string>
  <string name="cate_invest">Investasi</string>
  <string name="cate_expense_other">Lainnya</string>
</resources>
