<?xml version="1.0" encoding="utf-8"?>
<!--Generated by crowdin.net-->
<resources>
  <string name="second">sekunda</string>
  <string name="minute">minuta</string>
  <plurals name="days_left">
    <item quantity="one">zbývá %d den</item>
    <item quantity="few">zbývají %d dny</item>
    <item quantity="other">zbývá %d dní</item>
  </plurals>
  <plurals name="hour_left">
    <item quantity="one">%d hodina zbývá</item>
    <item quantity="few">zbývají %d hodiny</item>
    <item quantity="other">zbývá %d hodin</item>
  </plurals>
  <plurals name="minute_left">
    <item quantity="one">zbývá %d minuta</item>
    <item quantity="few">zbývájí %d minuty</item>
    <item quantity="other">zbývá %d minut</item>
  </plurals>
  <plurals name="second_left">
    <item quantity="one">zbývá %d sekunda</item>
    <item quantity="few">zbývají %d sekundy</item>
    <item quantity="other">zbývá %d sekund</item>
  </plurals>
</resources>
