<?xml version="1.0" encoding="utf-8"?>
<!--Generated by crowdin.net-->
<resources>
  <string name="AGO">před</string>
  <string name="DAY">za den</string>
  <string name="DAYS">%1$s dny</string>
  <string name="HOUR">asi za hodinu</string>
  <string name="HOURS">%1$s hodin</string>
  <string name="MINUTE">asi za minutu</string>
  <string name="MINUTES">%1$s minut</string>
  <string name="MONTH">asi za měsíc</string>
  <string name="MONTHS">%1$s měsíce</string>
  <string name="SECONDS">méně než minutu</string>
  <string name="SUFFIX_FROM_NOW">od této chvíle</string>
  <string name="YEAR">asi rok</string>
  <string name="YEARS">%1$s roky</string>
</resources>
