<?xml version="1.0" encoding="utf-8"?>
<!--Generated by crowdin.net-->
<resources>
  <string name="notice">Upozornění</string>
  <string name="error">Chyba</string>
  <string name="close">Zavřít</string>
  <string name="cancel">Zrušit</string>
  <string name="save">Uložit</string>
  <string name="done">Hotovo</string>
  <string name="yes">Ano</string>
  <string name="submit">Submit</string>
  <string name="sorry">Promiň</string>
  <string name="ok">OK</string>
  <string name="search">Hledat</string>
  <string name="no">Ne</string>
  <string name="confirm">Potvrdit</string>
  <string name="today">Dnes</string>
  <string name="tomorrow">Zítra</string>
  <string name="yesterday">Včera</string>
  <string name="thisweek">Tento týden</string>
  <string name="nextweek">Příští týden</string>
  <string name="lastweek">Minulý týden</string>
  <string name="thismonth">Tento měsíc</string>
  <string name="nextmonth">Příští měsíc</string>
  <string name="lastmonth">Minulý měsíc</string>
  <string name="thisquarter">Toto čtvrtletí</string>
  <string name="nextquarter">Příští čtvrtletí</string>
  <string name="lastquarter">Minulé čtvrtletí</string>
  <string name="thisyear">Tento rok</string>
  <string name="nextyear">Příští rok</string>
  <string name="lastyear">Minulý rok</string>
  <string name="quarter_shorten">Q</string>
</resources>
