<?xml version="1.0" encoding="utf-8"?>
<!--Generated by crowdin.net-->
<resources>
  <string name="account">Peněženka</string>
  <string name="amount">Částka</string>
  <string name="budget">Rozpočet</string>
  <string name="event_title">Událost</string>
  <string name="category">Kategorie</string>
  <string name="earned_from">Získáno od/z</string>
  <string name="end_date">Datum ukončení</string>
  <string name="expense">Výdaj</string>
  <string name="goto_today">Přejít na dnešek</string>
  <string name="goto_thismonth">Přejít na tento měsíc</string>
  <string name="income">Příjem</string>
  <string name="migrate">Přenést</string>
  <string name="select_category">Vybrat kategorii</string>
  <string name="spent_on">Utratit na</string>
  <string name="start_date">Datum zahájení</string>
  <string name="time">Čas</string>
  <string name="time_range">%1$s - %2$s</string>
  <string name="loading_more">Načítám více…</string>
  <string name="goal">Cíl</string>
  <string name="edit">Edit</string>
  <string name="saved">Uloženo</string>
  <string name="search_go">Jít</string>
  <string name="buy_app">Jít na premium</string>
  <string name="undobar_message">%1$s bylo odstraněno</string>
  <string name="backup_share">Sdílet</string>
  <string name="version">Verze %1$s</string>
  <string name="loading">Nahrávám…</string>
  <string name="total">Celkem</string>
  <string name="splashscreen_create_account">Vytvořit první peněženku</string>
  <string name="splash_screen_use_cloud">Go cloud (Coming soon)</string>
  <string name="splash_screen_use_cloud_info">Sync and Share transactions with easy</string>
  <string name="splash_screen_use_right_away">For this device only</string>
  <string name="splash_screen_use_right_away_info">Right away!</string>
  <string name="welcome_message_title">How do you want to use?</string>
  <string name="welcome_message">You can change your mind at any time later</string>
  <string name="login_hint_email">E-mail</string>
  <string name="login_hint_password">Heslo</string>
  <string name="login_facebook">Přihlásit se přes Facebook</string>
  <string name="login_money_lover">Přihlásit se účtem na Money Lover</string>
  <string name="login_title">Login</string>
  <string name="register_title">Registrovat</string>
  <string name="register_register">Registrovat</string>
  <string name="cashbook_earning">Zisky</string>
  <string name="cashbook_spending">Výdaje</string>
  <string name="cashbook_all_transactions">Všechny transakce</string>
  <string name="cashbook_delete_transaction_message">Přejete si odstranit tuto transakci?</string>
  <string name="cashbook_left">%1$s zbývá</string>
  <string name="cashbook_no_data_guide">Tap the %1$s button below to add some</string>
  <string name="cashbook_no_data_swipe_down">Přejeďte dolů a</string>
  <string name="cashbook_no_data_faq_tip">Příliš složité? Klepněte na %1$s pro pomoc</string>
  <string name="cashbook_no_data_earning">Žádné zisky</string>
  <string name="cashbook_no_data_spending">Žádné výdaje</string>
  <string name="cashbook_no_data">Žádné transakce</string>
  <string name="cashbook_selected_account_not_existed">Vybraná peněženka neexistuje, budete převeden do defaultní peněženky.</string>
  <string name="cashbook_contentdescription_help_support">Pomoc &amp; podpora</string>
  <string name="cashbook_contentdescription_select_time_range_to_view">Vyberte režim zobrazení</string>
  <string name="cashbook_contentdescription_delete_transaction">Odstranit transakci</string>
  <string name="cashbook_contentdescription_sort_transaction">Řazení transakcí</string>
  <string name="cashbook_contentdescription_search_transaction">Hledat transakci</string>
  <string name="cashbook_contentdescription_viewmode_transaction">View by transaction</string>
  <string name="cashbook_contentdescription_viewmode_category">View by category</string>
  <string name="cashbook_contentdescription_transfer_money">Transfer money</string>
  <string name="with_person">s %1$s</string>
  <string name="with_two_person">s %1$s &amp; %2$s</string>
  <string name="with_many_person">s %1$s &amp; %2$s ostatními lidmi</string>
  <string name="press_back_one_more_time_to_exit">Stiskněte znovu tlačítko Zpět pro ukončení</string>
  <string name="paid">Vrácené peníze</string>
  <string name="cashbook_cashback_info">do %1$s</string>
  <string name="add_transaction_amount_friendly_title">Kolik?</string>
  <string name="add_transaction_title_add">Přidat transakci</string>
  <string name="add_transaction_title_edit">Upravit transakci</string>
  <string name="add_transaction_title_view">Detaily transakce</string>
  <string name="add_transaction_note_title_normal">Poznámka</string>
  <string name="add_transaction_note_hint">Prázdné</string>
  <string name="add_transaction_cancel_adding">Přejete si zrušit tuto transakci</string>
  <string name="add_transaction_discard_edit">Chcete zrušit změny v této transakci</string>
  <string name="add_transaction_account_alert_currency_change">Měna vstupní částky se změní z %2$s na %1$s. Přesto chcete zpracovat?</string>
  <string name="add_transaction_account_alert_currency_change_start">Měna vstupní částky bude změněna z</string>
  <string name="add_transaction_account_alert_currency_change_middle">na</string>
  <string name="add_transaction_account_alert_currency_change_end">Přesto chcete zpracovat?</string>
  <string name="add_transaction_add_success">Přidání transakce úspěšné!</string>
  <string name="add_transaction_category_hint">Vyberte jednu</string>
  <string name="add_transaction_with_title">S?</string>
  <string name="add_transaction_with_hint">Např. Jon Snow, Arya Stark…</string>
  <string name="add_transaction_reminder_empty">Bez připomenutí</string>
  <string name="add_transaction_subtransaction_title">Cashback</string>
  <string name="add_transaction_timecreated_title">Datum</string>
  <string name="add_transaction_reminder_title">Připomenutí</string>
  <string name="add_transaction_error_amount">Musíte vyplnit pole Částka</string>
  <string name="add_transaction_error_category">Musíte vybrat kategorii výdaje/příjmy</string>
  <string name="debtor">Dlužník</string>
  <string name="lender">Věřitel</string>
  <string name="for_reason">Pro %1$s</string>
  <string name="someone">někdo</string>
  <string name="someone_hint">Někdo</string>
  <string name="add_transaction_note_spend_from_saving">Utraceno ze spořícího plánu %1$s</string>
  <string name="add_transaction_no_category_found">Žádné shody</string>
  <string name="warning_big_amount_message">Zdá se, že částka této transakce je příliš velká. Jste si jisti, že je to správné?</string>
  <string name="warning_big_amount_dont_show_again">Znovu nezobrazovat</string>
  <string name="im_wrong">Mýlím se</string>
  <string name="add_note">Napsat poznámku</string>
  <string name="set_reminder_remove_reminder">Vypnout</string>
  <string name="convert_currency_title_dialog">Zadat jinou měnu</string>
  <string name="convert_currency_message_convert_complete">Převést na</string>
  <string name="convert_currency_message_convert_error">Chyba převodu</string>
  <string name="convert_currency_message_converting">Převádím..</string>
  <string name="edit_transaction_confirm_change_category_for_debtloan">Jste si jisti, že chcete změnit kategorii? Odstraní to celou historii transakcí.</string>
  <string name="edit_transaction_mark_remove">Budou odstraněny</string>
  <string name="edit_transaction_mark_remove_message">All sub transactions of this transaction will be deleted</string>
  <string name="delete_sub_transaction">Odstranit tuto transakci</string>
  <string name="sub_transaction_title">Historie vrácení peněz</string>
  <string name="quick_add_transaction_dialog_title">Nové transakce</string>
  <string name="quick_add_notification_ticker">Připraven na přidání nové transakce</string>
  <string name="quick_add_transaction_title">Přidat do %1$s</string>
  <string name="quick_add_transaction_notification_text">Klepnutím přejdete na peněženku</string>
  <string name="add_account_title_add">Přidat peněženku</string>
  <string name="add_account_title_edit">Upravit peněženku</string>
  <string name="add_account_name_title">Jméno</string>
  <string name="add_account_currency_title">Měna</string>
  <string name="add_account_start_balance_title">Počáteční zůstatek</string>
  <string name="add_account_error_accountname_exists">Tento název peněženky již existuje.</string>
  <string name="add_account_error_accountname_length_invalid">Jméno peněženky musí být mezi %1$s až %2$s znaky.</string>
  <string name="add_account_discard_changed">Chcete zahodit všechny změny provedené na této peněžence?</string>
  <string name="add_account_note_for_initial_balance">Počáteční zůstatek</string>
  <string name="add_account_shortcut_title">Přidat zástupce na domovské obrazovce</string>
  <string name="add_account_shortcut_success">Vytvoření zástupce uspělo</string>
  <string name="account_manager_title">Správce peněženky</string>
  <string name="account_manager_confirm_delete_account">Chcete vymazat peněženku %1$s?</string>
  <string name="time_picker_dialog_title">Vyberte čas</string>
  <string name="navigation_cashbook">Transactions</string>
  <string name="navigation_budget">Rozpočty</string>
  <string name="navigation_campaign">Úspory</string>
  <string name="navigation_event">Události</string>
  <string name="navigation_category_manager">Kategorie</string>
  <string name="navigation_statistic">Statistika</string>
  <string name="navigation_settings">Nastavení</string>
  <string name="navigation_feedback">Zpětná vazba</string>
  <string name="navigation_debt_manager">Dluhy</string>
  <string name="navigation_tools">Nástroje</string>
  <string name="navigation_about">O</string>
  <string name="navigation_sync">Synchronizace</string>
  <string name="navigation_logout">Odhlásit</string>
  <string name="navigation_login">Go Cloud</string>
  <string name="navigation_database">Databáze</string>
  <string name="navigation_copyright">© 2013 Zoo Studio. Všechna práva vyhrazena.</string>
  <string name="tools_interest_rate">Úroková sazba</string>
  <string name="tools_export_csv">Export CSV</string>
  <string name="tools_export_excel">Exportovat Excel</string>
  <string name="tools_tip_calculator">Tip kalkulačka</string>
  <string name="tools_find_atm">ATM Finder</string>
  <string name="tools_find_bank">Hledač Bank</string>
  <string name="tools_install_app">Instalační nástroj</string>
  <string name="tools_install_app_message">Chcete nainstalovat &lt;b&gt;%1$s&lt;/b&gt; z Google Play Store?</string>
  <string name="statistic_monthly_report">Měsíční zpráva</string>
  <string name="bank_finder">Hledač Bank</string>
  <string name="bank_finder_hint">například HSBC, Standardně kvalifikovaný…</string>
  <string name="bank_finder_input_bank_name">Vložte název banky</string>
  <string name="open_file">Otevřít soubor</string>
  <string name="export_fail">Promiňte proces exportu zjistil chybu a nemůže pokračovat</string>
  <string name="export_success">Export úspěšný</string>
  <string name="select_account">Vybrat peněženku</string>
  <string name="export_csv">Export CSV</string>
  <string name="export_excel">Exportovat EXCEL</string>
  <string name="attach_to_email">Připojit k e-mailu</string>
  <string name="delimiter">Omezovač</string>
  <string name="atm_finder">ATM Finder</string>
  <string name="change">Změnit</string>
  <string name="send_mail">Odeslat e-mail</string>
  <string name="contact_me">Kontaktujte nás</string>
  <string name="about_thanks">&lt;b&gt;Special thanks to&lt;/b&gt;&lt;br /&gt;
        Andreas Krings, Jake Wharton, Jeremy Feinstein, Roman Nurik, Simon Vig Therkildsen, Soarcn, Tjerk
        Wolterink for their awesome libraries.&lt;br /&gt;
        Brankic1979 and Nick Frost for their beautiful icon packs.&lt;br /&gt;
        And all our volunteers who help us on translating Money Lover to many other languages.</string>
  <string name="about_developed">by ZooStudio</string>
  <string name="about_view_profile_facebook">Navštivte náš profil</string>
  <string name="budget_overspent">Překročeno</string>
  <string name="budget_finished">Dokončeno</string>
  <string name="budget_spent">Utraceno</string>
  <string name="budget_all_category">Všechny kategorie</string>
  <string name="create_budget_title_add">Přidat rozpočet</string>
  <string name="create_budget_title_edit">Upravit rozpočet</string>
  <string name="create_budget_create_for">Přidat pro</string>
  <string name="create_budget_time_range">Časový rozsah</string>
  <string name="budget_detail_delete_confirm_message">Chcete odstranit tento rozpočet?</string>
  <string name="create_budget_message_select_day_error">Koncové datum musí následovat po datu zahájení</string>
  <string name="create_budget_message_duplicate_DB">Budget for this time was created, do you want to override old one?</string>
  <string name="create_budget_message_warning_enter_amount">Výše rozpočtu je menší než 0!</string>
  <string name="create_budget_message_error_category">Je nutné vybrat kategorii</string>
  <string name="create_budget_message_error_time">Je nutné vybrat čas pro rozpočet</string>
  <string name="budget_overview_monthly">Měsíční rozpočtový plán</string>
  <string name="budget_overview_custom">Vlastní rozpočtové plány</string>
  <string name="budget_overview_no_data_guide">Klepněte na %1$s tlačítko pro přidání nového rozpočtového plánu</string>
  <string name="budget_detail_category">%1$s rozpočet</string>
  <string name="budget_detail_account_detail_emptyview_message">Klepnutím přidáte rozpočet</string>
  <string name="budget_detail_list_transactions_title">Seznam transakcí</string>
  <string name="clear_template">Vyčistit šablonu</string>
  <string name="budget_template">Šablona</string>
  <string name="dialog_enter_amount_title">Zadejte částku</string>
  <string name="security_pin_title_create">Nastavit heslo</string>
  <string name="security_pin_title_confirm">Potvrzení hesla</string>
  <string name="security_pin_title_open">Vložte heslo</string>
  <string name="security_pin_message_remove">pro vypnutí režimu zabezpečení hesla</string>
  <string name="security_pin_title_wrong_password">Nesprávné heslo!</string>
  <string name="security_pin_message_try_again">zkusit znovu</string>
  <string name="is_latest_version">Tato verze je aktuální.</string>
  <string name="update">Aktualizace</string>
  <string name="has_new_version">Nová verze spuštěna, aktualizujte teď!</string>
  <string name="no_internet">Žádné připojení k Internetu. Zkuste to znovu!</string>
  <string name="check_update">Zkontrolovat aktualizace</string>
  <string name="thanks_feedback">Díky za váš názor.</string>
  <string name="add_sub_transaction_input_more_than_left">Zadaná částka je větší než nezaplacená částka</string>
  <string name="warning">Varování</string>
  <string name="process">Processing…</string>
  <string name="error_no_google_map">Prosím, nainstalujte Google mapy pro použití funkce</string>
  <string name="set">Nastavit</string>
  <string name="category_manager_title">Správa kategorií</string>
  <string name="category_manager_notice_cannot_edit_default_category">Nelze upravovat zvláštní kategorii</string>
  <string name="category_manager_confirm_delete_category">Přejete si odstranit kategorii %1$s? Všechny transakce patřící do této kategorie budou také odstraněny.</string>
  <string name="category_manager_delete_success_message">Kategorie %1$s byla odstraněna</string>
  <string name="create_category_title">Nová kategorie</string>
  <string name="edit_category_title">Upravit kategorii</string>
  <string name="create_category_name_title">Jméno</string>
  <string name="create_category_select_icon_title">Ikona</string>
  <string name="create_category_default_parent_category">Jsem původce</string>
  <string name="create_category_parent_category">Mateřská kategorie</string>
  <string name="create_category_hint_name_review">Category Name</string>
  <string name="create_category_message_duplicate_DB">Tato kategorie existuje</string>
  <string name="create_category_select_type_error">Je třeba zvolit typ kategorie</string>
  <string name="create_category_input_name_error">Vložme jméno vaší kategorie</string>
  <string name="create_category_select_icon_error">Nezapomeňte na ikonu pro kategorii</string>
  <string name="select_parent_category_title">Vyberte matřskou kategorii</string>
  <string name="message_transfer_successful">Přenos byl úspěšný!</string>
  <string name="title_dialog_transfer">Od %1$s</string>
  <string name="back">Zpět</string>
  <string name="message_currency_error">Chcete změnit z %1$s na %2$s?</string>
  <string name="note_income_transfer">Získáno od %1$s</string>
  <string name="message_amount_zero">Výše převodu by měla být vyšší než 0</string>
  <string name="default_note_transfer">Převedeno na %1$s</string>
  <string name="monthly_report_start_balance">Počáteční bilance</string>
  <string name="monthly_report_this_month_balance">Net Income</string>
  <string name="monthly_report_end_balance">Konečná bilance</string>
  <string name="monthly_report_compare_to_previous_month">Měsíční srovnání</string>
  <string name="monthly_report_largest_expense">Nejvyšší výdaje</string>
  <string name="monthly_report_expense_by_category">Výdaje podle kategorie</string>
  <string name="monthly_report_nodata">Žádná zpráva pro tento měsíc</string>
  <string name="monthly_report_nodata_guide">Měsíční zprávy se zobrazí automaticky po začátku nového měsíce</string>
  <string name="search_result">Výsledek Vyhledávání</string>
  <string name="type">Typ</string>
  <string name="with">S</string>
  <string name="select_time">Vyberte čas</string>
  <string name="notification_center_message_empty_notification">Žádná oznámení</string>
  <string name="notification_center_title">Centrum oznámení</string>
  <string name="notification_center_delete_read_notifications">Odstranit přečtené zprávy</string>
  <string name="notification_center_mark_all_as_read">Označit vše jako přečtené</string>
  <string name="debt_manager_title">Dluhy</string>
  <string name="debt_wallet">Payable</string>
  <string name="loan_wallet">Receivable</string>
  <string name="now">Nezaplacené</string>
  <string name="past">Zaplacené</string>
  <string name="note_transaction_saving">Výběr ze spoření %1$s</string>
  <string name="saving_overview_title">Úspory</string>
  <string name="saving_overview_deposit">Vklad</string>
  <string name="saving_overview_need">Potřeba</string>
  <string name="saving_overview_spend">Utratit</string>
  <string name="saving_overview_withdraw">Vybrat</string>
  <string name="saving_deposit">Vložit do spořícího plánu%1$s</string>
  <string name="saving_withdraw_default_note">Vybrat ze spořícího plánu %1$s</string>
  <string name="saving_overview_no_data_guide">Klepnutím na tlačítko %1$s přidáte nový spořící plán</string>
  <string name="saving_menu_deposit">Vložit</string>
  <string name="saving_menu_withdraw">Vybrat</string>
  <string name="saving_menu_spendon">Utratit na…</string>
  <string name="saving_add_title">Přidat spoření</string>
  <string name="saving_edit_title">Upravit spoření</string>
  <string name="saving_add_name_title">Jméno</string>
  <string name="saving_add_start_amount">Počáteční částka</string>
  <string name="saving_add_success">Nová spořící kampaň vytvořena</string>
  <string name="saving_add_error_goal_amount">Je třeba zadat cílovou částku!</string>
  <string name="saving_add_error_name">Je třeba zadat název spořící kampaně!</string>
  <string name="saving_add_error_icon">Je třeba zvolit ikonu!</string>
  <string name="saving_add_cancel_adding">Chcete zrušit toto spoření?</string>
  <string name="saving_add_discard_edit">Chcete zrušit změny v tomto spoření?</string>
  <string name="dialog_select_event_remove">Odstranit událost</string>
  <string name="event_add_title">Přidat událost</string>
  <string name="event_edit_title">Upravit událost</string>
  <string name="event_input_name_error">Přidejme název události</string>
  <string name="event_select_icon_error">Nezapomeňte na ikonu pro událost</string>
  <string name="event_overview_view_transactions">Transakce</string>
  <string name="event_overview_deposit">Vložit</string>
  <string name="event_overview_withdraw">Vybrat</string>
  <string name="event_overview_deposited">Vloženo</string>
  <string name="event_overview_finish">Dokončit</string>
  <string name="event_overview_no_data_guide">Klepnutím na tlačítko %1$s přidáte nový plán události</string>
  <string name="event_menu_mark_as_finished">Označit jako dokončené</string>
  <string name="event_menu_mark_as_unfinish">Označit jako nedokončené</string>
  <string name="interest_rate_title">Úroková sazba</string>
  <string name="interest_rate">Ohodnotit</string>
  <string name="time_from">Během doby</string>
  <string name="select_type_interest">Typ úroku</string>
  <string name="date_to_invalid">Datum musí po datu od </string>
  <string name="amount_empty">Zadejte částku</string>
  <string name="time_mode_interest">Časový režim</string>
  <string name="rate_empty">Prosím vložte výši sazby</string>
  <string name="time_empty">Zvolte časovou hodnotu</string>
  <string name="interest">Částka úroku</string>
  <string name="number_of_period">Počet období</string>
  <string name="total_amount">Celková částka</string>
  <string name="interest_result">Výsledek</string>
  <string name="total_people">s %d lidmi</string>
  <string name="percent_tip">tip %1$s%%</string>
  <string name="total_pay">Celková platba</string>
  <string name="total_tip">Celkový tip</string>
  <string name="total_tip_person">Celková tip osoba</string>
  <string name="total_per_person">Částka na osobu</string>
  <string name="note_it">zaznamenejte</string>
  <string name="no_tip">žádný tip</string>
  <string name="more_people">Počet lidí</string>
  <string name="more_tip">Procento Tip</string>
  <string name="calculate">Výpočet</string>
  <string name="change_review">%1$s%% je lepší, &lt;b&gt;změnit?&lt;/b&gt;</string>
  <string name="empty_amount">Částka je prázdná</string>
  <string name="inapp_purchase">Prémiové možnosti</string>
  <string name="message_purchase_error">Chyba při nákupu</string>
  <string name="message_purchase_success">Nákup úspěšný. Restartujte aplikaci pro aplikaci změn.</string>
  <string name="purchase_bought">Toto jsi koupil</string>
  <string name="reset_app_to_change">Restartujte aplikaci pro aplikaci změn</string>
  <string name="purchase_buy_all_title">Jít na premium</string>
  <string name="purchase_buy_all_text">Mějte více než jednu peněženku, plán rozpočtu, spořící plán, plán událostí.\nA žádné reklamy!</string>
  <string name="purchase_buy_ads_title">Odstranit reklamy</string>
  <string name="purchase_buy_ads_text">Užijte si základní verzi Money Lover bez dalších reklam!</string>
  <string name="purchase_input_premium_code_text">Pokud máte licenční kód</string>
  <string name="purchase_notice_buy_features">Verze zdarma může přidat pouze jeden rozpočet, jedno spoření, jedno spoření a nemůžete používat všechny funkce. Pro neomezené tvoření rozpočtů, spoření, událostí a pro přístup ke všem funkcím, prosím přejděte na premium</string>
  <string name="premium_code">Zadejte licenční kód</string>
  <string name="license_code_not_correct">Licenční kód není správný</string>
  <string name="license_code_success">Licenční kód je platný. Nyní máte přístup ke všem funkcím v %1$s</string>
  <string name="widget_select_account_empty">Před vytvořením widgetu musíte mít peněženku</string>
  <string name="widget_simple_light_name">Jednoduché widgetové světlo</string>
  <string name="widget_select_account_title">Vybrat peněženku</string>
  <string name="ail_message_empty_image">Nezbývají žádné fotografie</string>
  <string name="ail_guide_1">můžete něco vyfotit</string>
  <string name="ail_guide_2">Takže o tomto můžete přidat transakce později</string>
  <string name="migrate_dialog_message">Money Lover převede vaše data ze staré verze do nové. Přejete si pokračovat?</string>
  <string name="migrate_dialog_notice">Upozornění</string>
  <string name="migrate_dialog_disabled_function">V této verzi byly dočasně vypnuty funkce plateb, ačkoliv vaše data o platbách budou převedeny.</string>
  <string name="migrate_dialog_cancel_message">Pokud si to později rozmyslíte, můžete vybrat přejít na %1$s. Ale všechna vaše nová data od této chvíle budou navždy ztracena.</string>
  <string name="migrate_processing_transfer_currencies">Převádím měny</string>
  <string name="migrate_processing_transfer_accounts">Převádím a konvertuji staré účty do peněženek</string>
  <string name="migrate_processing_transfer_master_categories">Přenos hlavních kategorií</string>
  <string name="migrate_processing_transfer_categories">Přenos kategorií</string>
  <string name="migrate_processing_transfer_transactions">Přenos transakcí</string>
  <string name="migrate_processing_transfer_tagged_people">Přenos označených lidí</string>
  <string name="migrate_processing_transfer_sub_transactions">Přenos sub transakcí</string>
  <string name="migrate_processing_transfer_interests">Přenos úroků</string>
  <string name="migrate_processing_transfer_bills">Přenos účtů</string>
  <string name="migrate_processing_transfer_budgets">Přenos rozpočtů</string>
  <string name="migrate_processing_transfer_campaigns">Přenos Kampaní</string>
  <string name="restore_title">Obnovit data</string>
  <string name="restore_message_successful">Import úspěšný!</string>
  <string name="restore_message_error">Při importu dat došlo k chybě</string>
  <string name="restore_loading_file_from_dropbox">Nahrávám soubor z Dropboxu…</string>
  <string name="restore_connect_dropbox">Připojit ke Dropboxu</string>
  <string name="restore_message">Vyberte jeden soubor níže pro obnovení dat</string>
  <string name="restore_message_edit">Vyberte soubor, který chcete odstranit</string>
  <string name="restore_empty_file">Žádné soubory</string>
  <string name="restore_disconnect_dropbox">odpojit Dropbox</string>
  <string name="restore_disconnect_dropbox_confirm">Opravdu chcete odpojit Dropbox?</string>
  <string name="backup_title">Zálohování dat</string>
  <string name="backup_file_name">Zálohování do souboru</string>
  <string name="backup_notice_about_file_ext">Od této verze, používáme nové přípony souborů &lt;b&gt;.mlx&lt;/b&gt; , ale stále můžete importovat jak .money tak  .mlx souboru do %1$s</string>
  <string name="backup_success_message">Zálohování úspěšné</string>
  <string name="backup_fail_message">Zálohování selhalo</string>
  <string name="navigation_group_support">Podpora</string>
  <string name="navigation_group_setting">Nastavení</string>
  <string name="navigation_group_plans">Plánování</string>
  <string name="navigation_group_others">Ostatní</string>
  <string name="navigation_group_tools">Nástroje</string>
  <string name="widget_account_was_deleted">Peněženka byla odstraněna</string>
  <string name="tools_install_go_to_playstore">Jít na Play Store</string>
  <string name="tools_shopping_lover_intro">Aplikace je vystavěno podle zvyků nakupujících. To zvyšuje efektivitu a rychlost vašich nákupů a zároveň předchází zbytečným chybám.</string>
  <string name="tools_exchanger_intro">Směnárna je jednoduchý způsob jak převádět měny v mobile.&lt;br /&gt;
		-Pěkný design s plochým design&lt;br /&gt;
		- 100+ světových měn&lt;br /&gt;
		- převádějte více měn najednou&lt;br /&gt;
		- Offline režim (nepotřebujete připojení).</string>
  <string name="rate_app_dont_show_again">Znovu nezobrazovat upozornění na ohodnocení aplikace</string>
  <string name="rate_app_dont_show_again_short">Znovu nezobrazovat</string>
  <string name="rate_app_config_title">Ohodnotit nastavení aplikace</string>
  <string name="delete">Odstranit</string>
  <string name="restore_delete_message">Chcete trvale odstranit tyto soubory?</string>
  <string name="restore_message_confirm">Přejete si obnovit data ze souboru %1$s? Všechna vaše aktuální data budou odstraněna!</string>
  <string name="restore_autobackup_fail">Automatické zálohování se nezdařilo. Proces obnovení nemůže pokračovat.</string>
  <string name="deleting">Odstraňování…</string>
  <string name="purchase_error_unknown">Objevila se neznámá chyba.</string>
  <string name="purchase_please_wait_until_data_is_loaded">Prosím vyčkejte dokud se data nenačtou.</string>
  <string name="announce_update_lost_data_message">&lt;p&gt;Převádíme Money Lover na novou verzi a přenášíme vaše data ze ze staré verze na novou. Během tohoto procesu můžete přijít o nějaká data, občas, naneštěstí o všechna. &lt;/p&gt;&lt;p&gt;&lt;b&gt;Technicky tam vaše data zůstanou, jelikože je nemažeme pokud se proces přenosu nezdaří.&lt;/b&gt;&lt;/p&gt;&lt;p&gt;Pokud by se vám toto stalo, Prosím kontaktujte nás a my vám pomůžeme vaše data opět najít.&lt;/p&gt;</string>
  <string name="announce_update_lost_data_message_title">O ztrátě dat během updatu</string>
  <string name="cannot_find_my_language">Další jazyky?</string>
  <string name="feedback_language_text">Ahoj,\nI chtěli byste přeložit následující jazyky:\n</string>
  <string name="feedback_language_subject">[LANG] ZPĚTNÁ VAZBA PRO JAZYKY</string>
  <string name="message_more_languages">Pracujeme na překladu nové verze Money Loveru do dalších jazyků, ale to zabere hodně času, takže skutečně potřebujeme pomoc od našich uživatelů abych to mohli urychlit.</string>
  <string name="message_more_languages_help">Pokud umíte překládat z angličtiny do jiných jazyků, prosím pomozte. Pro další informace nás můžete kontaktovat.</string>
  <string name="languagehelp_ok">Ano, pomohu!</string>
  <string name="languagehelp_cancel">Ne, možná později :(</string>
  <string name="languagehelp_title">Pomoci s překladem</string>
  <string name="changes_log_title">Popis změn</string>
  <string name="restore_menu_show_auto_backup">Zobrazit automatické zálohování souborů</string>
  <string name="restore_menu_hide_auto_backup">Skrýt automatické zálohování souborů</string>
  <string name="restore_menu_edit">Vybrat soubory</string>
  <string name="title_view_web">Web Display</string>
  <string name="title_notification_web">Připojuji webového klienta</string>
  <string name="turn_on_web">Zapnout server</string>
  <string name="turn_off_web">Vypnout server</string>
  <string name="tab_to_turn_off_web">Klepnutím vypnete web</string>
  <string name="budget_detail_error_budget_not_exists">Tento rozpočet již neexistuje</string>
  <string name="new_expense_category">Nová kategorie výdajů</string>
  <string name="new_income_category">Nová kategorie příjmů</string>
  <string name="turn_on_wifi">Nejdříve zapnout wifi</string>
  <string name="server_off">Server vypnut</string>
  <string name="access_link">%1$s</string>
  <string name="previous_web">Předchozí</string>
  <string name="next_web">Další</string>
  <string name="webdisplay_status_title">Stav</string>
  <string name="webdisplay_menu_help">Pomoc</string>
  <string name="webdisplay_menu_advance">Pokročilé možnosti</string>
  <string name="add_web">Přidat</string>
  <string name="cashback_loan_info">od %1$s</string>
  <string name="webdisplay_turning_on">Zapínání…</string>
  <string name="webdisplay_turned_on">Vypnout</string>
  <string name="webdisplay_turning_off">Vypínání…</string>
  <string name="webdisplay_turned_off">Zapnout</string>
  <string name="set_as_start_date">Nastavit jako počáteční datum</string>
  <string name="set_as_end_date">Nastavit jako koncové datum</string>
  <string name="webdisplay_warning_port_over">Port musí být v rozmezí od %1$s do %2$s</string>
  <string name="webdisplay_warning_port_web">Tento port je duplicitní s %1$s</string>
  <string name="webdisplay_will_change_port">Změna portu proběhne až službu znovu spustíte.</string>
  <string name="webdisplay_open_web_browser">Otevřít tuto adresu ve webovém prohlížeči</string>
  <string name="webdisplay_warning_port_exist">Tento port je využíván jinou službou. Prosím zvolte jiný port.</string>
  <string name="webdisplay_change_port">Změnit port</string>
  <string name="webdisplay_web_actions">Akce</string>
  <string name="webdisplay_web_feedback_support">Podpora \u0026 Zpětná vazby</string>
  <string name="webdisplay_web_add_more">Přidat další</string>
  <string name="reset_data_message">Přejete si zresetovat všechna data? Všechna data jako peněženky, transakce, rozpočty, úspory a události budou odstraněny. Tato akce NEMŮŽE být vrácena zpět.</string>
  <string name="upload_to_dropbox_success">Nahráno na DropBox</string>
  <string name="message_large_spend_amount">Zadaná částka musí být menší než momentální uložené množství.</string>
  <string name="message_error_select_parent_cate">Nelze zvolit sebe sama jako původce</string>
  <string name="translated_by">Přeloženo by %1$s</string>
  <string name="add_transaction_with_suggestion">Můžete přidat lidi, kteří nejsou v kontaktu přidáním čárky (,) za jejich jméno.</string>
  <string name="msg_add_transaction_first">Chcete nyní přidat vaší první transakci?</string>
  <string name="global">Globální</string>
  <string name="notification_bank_sms_title">Změnit %1$s vaši peněženku %2$s</string>
  <string name="custom_range_cashbook">Vlastní</string>
  <string name="navigation_travel_mode">Cestovní režim</string>
  <string name="select_event_title">Vybrat událost</string>
  <string name="travel_mode_description">V cestovním režimu můžete zvolit bežící událost aby byla automaticky vybrána pokaždé když učiníte transakci.</string>
  <string name="travel_mode_activated_message">Cestovní režim aktivován. Šťastnou cestu!</string>
  <string name="travel_mode_turn_off_message">Chcete vypnout cestovní režim?</string>
  <string name="travel_mode_quick_add_notification">Přidat k události %1$s</string>
  <string name="travel_mode_turned_off_message">Cestovní režim je vypnutý</string>
  <string name="purchase_description">Každý nákup je platný pouze na 100 let.</string>
  <string name="backup_select_one">Vyberte jednu</string>
  <string name="repeat_transaction_mode_month_same_days">na %1$s každý měsíc</string>
  <string name="repeat_transaction_mode_month_this_day">na každé/ou/ý %1$s %2$s měsíce</string>
  <string name="repeat_transaction_times_duration_for_a_number_of_event_shorted">Pro</string>
  <string name="repeat_transaction_manager">Recurring Transactions</string>
  <string name="recent_transaction_no_transactions">Žádné nedávné transakce</string>
  <string name="repeat_transaction_next_repeat">Další opakování</string>
  <string name="repeat_transaction_need_specify_repeat">Je třeba upřesnit nastavení opakování</string>
  <string name="recent_transaction_dialog_list_title">Nedávné transakce</string>
  <string name="repeat_transaction_message_confirm_delete_template">Přejete si odstranit tuto šablonu?</string>
  <string name="repeat_transaction_no_template">Neexistuje žádné opakovácí šablony</string>
  <string name="repeat_transaction_no_repeat">Žádné opakování</string>
  <string name="repeat_transaction_next_repeat_at">Další opakování v/ve %1$s</string>
  <string name="share_need_to_download_before_sharing">Tento soubor bude před sdílením stažen z Dropboxu</string>
  <string name="repeat_transaction_add_template">Add recurring transaction</string>
  <string name="repeat_transaction_edit_template">Edit recurring transaction</string>
  <string name="recent_transaction_show_when_add_transaction">Zobrazit tento dialog automaticky při přidání transakce</string>
  <string name="message_login_now">After enter promotion code, you could create an Money Lover account to link your account with your Premium status. If you have another device, login Money Lover with your account so Premium status in that device will be automatically activated.</string>
  <string name="recent_transaction_dialog_description">Můžete vložit data z předchozích transakcí</string>
  <string name="repeat_transaction_every">Every</string>
  <string name="repeat_transaction_from">From</string>
  <string name="repeat_transaction_at">at</string>
  <string name="repeat_transaction_times">times</string>
  <string name="event_delete_message">Do you want to delete this event?</string>
  <string name="saving_delete_message">Do you want to delete this saving?</string>
  <string name="budget_delete_message">Do you want to delete this budget?</string>
  <string name="transaction_detail_cashback_left">Left</string>
  <string name="transaction_detail_cashback_paid">Paid</string>
  <string name="add_account_error_message_no_currency">Please select one currency for your wallet</string>
  <string name="store_download_fail">Can not download icon at this moment</string>
  <string name="dialog_turn_on_location_service">Do you want turn on location service?</string>
  <string name="set_icon_default_tab">Default</string>
  <string name="set_icon_tab_sdcard">Downloaded</string>
  <string name="set_icon_more_tab">More icon</string>
  <string name="store_preview_icon">Preview</string>
  <string name="store_buy_icon">Buy</string>
  <string name="store_icon_title">Icon Store</string>
  <string name="store_purchase_preview">Preview</string>
  <string name="download">Download</string>
  <string name="do_not_show_again">Don\'t show again</string>
  <string name="new_icon_packs_are_available">Two new icon packs are available for using for category, event and saving. You can create a new category to see them right now!</string>
  <string name="dialog_share_account">Share wallet with</string>
  <string name="share_account_success">Share wallet success</string>
  <string name="dialog_sharing_account">Sharing…</string>
  <string name="email_address_invalid">Email address invalid</string>
  <string name="set_location_get_address_error">Can not load address now, please try again later!</string>
  <string name="cashbook_balance">Balance</string>
  <string name="statistic_trends">Trends</string>
  <string name="sync_transferring_data">Transferring data</string>
  <string name="sync_running">Sync is in progress…</string>
  <string name="trend_criteria_collapsed_time">From &lt;b&gt;%1$s&lt;/b&gt; to &lt;b&gt;%2$s&lt;/b&gt;</string>
  <string name="transaction_detail_set_location">Set location</string>
  <string name="transaction_detail_can_not_download_image">Can not download this image, please try another.</string>
  <string name="user_unauthenticated">You must login first</string>
  <string name="share_account_error">Share wallet failed</string>
  <string name="beta">Beta</string>
  <string name="sync_error">Sync error</string>
  <string name="sync_notification_ticker_text">Syncing data with server</string>
  <string name="sync_notification_content_title">Sync Money Lover</string>
  <string name="login_success">Login successfully</string>
  <string name="login_forgot_password">Forgot password?</string>
  <string name="register_show_password">Show password</string>
  <string name="sync_done">Sync process has done successfully</string>
  <string name="login_fail">Invalid email/password combination. Please try again.</string>
  <string name="connecting">Connecting…</string>
  <string name="sync_account">Sync wallet</string>
  <string name="message_sync_transfer_data">Do you want to transfer data?</string>
  <string name="sync_dialog_transfer_title">Transfer data</string>
  <string name="sync_running_cannot_add_item">Sync process is running, please wait for a moment</string>
  <string name="sync_last_sync">Last sync: %1$s</string>
  <string name="sync_sync_first_time">Tap to sync for the first time</string>
  <string name="icon_xmas_notification_title">Merry Xmas with new icon pack!</string>
  <string name="icon_xmas_notification_content">Holiday is coming: Decorate Money Lover with the beautiful Christmas icon pack today! And it’s free!</string>
  <string name="store_icon_re_download">Download again</string>
  <string name="store_icon_free">Free</string>
  <string name="store_icon_list_empty">No icon packs</string>
  <string name="store_icon_canceled_message">Download for icon package %1$s was canceled</string>
  <string name="store_icon_download_finished_message">Icon package %1$s was downloaded. You can use those new icons when creating category, event or saving.</string>
  <string name="transaction_detail_show_advanced">Add more detail</string>
  <string name="refresh">Refresh</string>
  <string name="navigation_store">Money Lover Store</string>
  <string name="create_category_select_parent_error">Can not choose this category as parent</string>
  <string name="sync_error_timeout">server is maintained</string>
  <string name="sync_error_server_busy">Server is busy</string>
  <string name="sync_register_success">Register successfully</string>
  <string name="transaction_detail_warning_time_not_in_range">This date is not in budget %1$s\' time range (%2$s)</string>
  <string name="notification_message_remind_transaction">You set a notification for a transaction %1$s: %2$s. Tap to view its detail.</string>
  <string name="location_add_new_address">Add %1$s as a place</string>
  <string name="category_none_name">No categories</string>
  <string name="saving_add_startamount_over">Start amount can not large than goal amount</string>
  <string name="share_account_permission">Set this person as OWNER so they can view, add, edit, delete all kind of data in this wallet</string>
  <string name="error_can_not_load_wallet">Can not load wallet or the selected wallet was deleted. Please try again or open application not from shortcut.</string>
  <string name="select_category_tap_to_create_one">Tap to create one</string>
  <string name="error_can_not_change_wallet_transaction_debt_loan">Can not change wallet for debt, loan transaction</string>
  <string name="quick_add_manager_title">Show on status bar</string>
  <string name="account_manager_create_shortcut">Create shortcut</string>
  <string name="budget_no_data">No budgets</string>
  <string name="event_no_data">No events</string>
  <string name="saving_no_data">No savings</string>
  <string name="notification_center_no_data">No notifications</string>
  <string name="recurring_transaction_no_data">No recurring transactions</string>
  <string name="notification_like_fan_page_title">Like us on Facebook</string>
  <string name="notification_like_fan_page_text">keep in touch with us for updates, tips and occasional free stuff</string>
  <string name="share_account_email_target">Email which you want to share with</string>
  <string name="share_account_email_error">This string is not a valid email address</string>
  <string name="monthly_report_other_categories">Other categories</string>
  <string name="transfer_wallet_unknown_error_message">Can not transfer between wallets at this moment, please try again. If you still see this message next time, please contact us so we can help to fix this problem.</string>
  <string name="forgot_password_error_wrong_email">This email is not registered with us, please try again.</string>
  <string name="forgot_pass_success">Please check your email account for further instructions.</string>
  <string name="register_error_email_exists">This email is unavailable. Please choose another one.</string>
  <string name="promote_event_expire">This event is already finished</string>
  <string name="promote_event_error_wrong_code">Invalid promote code. Please try again.</string>
  <string name="register_error_server">Our server encountered an weird error and we\'ve been noticed. Please take a cup of coffee why we\'re fixing it.</string>
  <string name="register_error_entered_info_not_enough">Please fill all information to continue</string>
  <string name="purchase_post_facebook_success">Thanks for sharing</string>
  <string name="promote_event_input_successfully">Promote code is valid. Now you can use all features as a Premium user! Thank you for using %1$s</string>
  <string name="promote_event_share_facebook">Share on Facebook</string>
  <string name="promote_event_login_description">TIP: Register a %1$s account to link your Premium status with that account, so next time you login to %1$s, you will have your Premium status back.</string>
  <string name="promote_event_share_facebook_description">It would be cool to share this code to your friends! Don\'t worry, it won\'t affect your Premium status.</string>
  <string name="notification_center_message_already_logged_in">You\'ve already logged in.</string>
  <string name="congratulation">Congratulation!</string>
  <string name="cashbook_pull_to_add_transaction">Pull to add transaction</string>
  <string name="cashbook_release_to_add_transaction">Release to add transaction</string>
  <string-array name="cashbook_set_timerange_items">
    <item>Day</item>
    <item>Week</item>
    <item>Month</item>
    <item>Quarter</item>
    <item>Year</item>
    <item>All</item>
    <item>Custom</item>
  </string-array>
  <string-array name="delimiters">
    <item>Středník ( ; )</item>
    <item>Čárka ( , )</item>
    <item>Tab</item>
  </string-array>
  <string-array name="create_budget_array_time_range">
    <item>Tento měsíc</item>
    <item>Toto čtvrtletí</item>
    <item>Tento rok</item>
    <item>Příští měsíc</item>
    <item>Příští čtvrtletí</item>
    <item>Příští rok</item>
    <item>Vlastní rozsah</item>
  </string-array>
  <string-array name="budget_overview_titles">
    <item>Spuštěné</item>
    <item>Dokončeno</item>
  </string-array>
  <string-array name="category_manager_edit_cate_menu">
    <item>@string/edit</item>
    <item>@string/delete</item>
  </string-array>
  <string-array name="debt_overview_titles">
    <item>@string/debt_wallet</item>
    <item>@string/loan_wallet</item>
  </string-array>
  <string-array name="campaign_overview_titles">
    <item>Spuštěné</item>
    <item>Dokončeno</item>
  </string-array>
  <string-array name="arrays_time_mode">
    <item>Týdně</item>
    <item>Každých 14 dní</item>
    <item>Měsíčně</item>
    <item>Každé 3 měsíce</item>
    <item>Každých 6 měsíců</item>
    <item>Ročně</item>
  </string-array>
  <string-array name="arrays_type">
    <item>Jednoduchý úrok</item>
    <item>Složený úrok</item>
  </string-array>
  <string-array name="repeat_transaction_time_mode">
    <item>Opakovat denně</item>
    <item>Opakovat týdně</item>
    <item>Opakovat měsíčně</item>
    <item>Opakovat ročně</item>
  </string-array>
  <string-array name="backup_list_file_backup_select_item">
    <item>@string/restore_title</item>
    <item>@string/backup_share</item>
  </string-array>
  <string-array name="repeat_transaction_mode_month_week">
    <item>first</item>
    <item>second</item>
    <item>third</item>
    <item>fourth</item>
    <item>fifth</item>
    <item>sixth</item>
  </string-array>
  <string-array name="repeat_transaction_times_duration">
    <item>Navždy</item>
    <item>Až do</item>
    <item>Pro počet událostí</item>
  </string-array>
  <string-array name="trend_type">
    <item>@string/expense</item>
    <item>@string/income</item>
    <item>Net Income</item>
  </string-array>
  <string-array name="trend_criteria">
    <item>Overtime</item>
    <item>By Category</item>
  </string-array>
  <plurals name="cashbook_transaction_count">
    <item quantity="one">%d transakce</item>
    <item quantity="few">%d transakce</item>
    <item quantity="other">%d transakcí</item>
  </plurals>
  <plurals name="budget_days_left">
    <item quantity="one">%d den zbývá</item>
    <item quantity="few">%d dny zbývají</item>
    <item quantity="other">%d dní zbývá</item>
  </plurals>
  <plurals name="ail_view_photo_title">
    <item quantity="one">%1$s fotka zbývá</item>
    <item quantity="few">%1$s fotky zbývají</item>
    <item quantity="other">%1$s fotek zbývá</item>
  </plurals>
  <plurals name="editbar_selected_count">
    <item quantity="one">%d položka vybrána</item>
    <item quantity="few">%d položky vybrány</item>
    <item quantity="other">%d položek vybráno</item>
  </plurals>
</resources>
