<?xml version="1.0" encoding="utf-8"?>
<!--Generated by crowdin.net-->
<resources>
  <string name="wpDifferentCurrency">Vybrané účty nemají stejnou měnu!!! Chcete směnit částku = </string>
  <string name="downloading">Stahování</string>
  <string name="duplicate">Duplikovat</string>
  <string name="wpeditAmount"> Nebo můžete upravit částku ručně.</string>
  <string name="wpEmptyContent">Žádná data ke zobrazení</string>
  <string name="wpEmptySymbol">: (</string>
  <string name="wpEndDateAfterStartDateError">Datum ukončení nemůže být před datem zahájení.</string>
  <string name="wpEnterName">Jméno vaší peněženky?</string>
  <string name="wpEnterPass">Zadejte své heslo</string>
  <string name="exit">Opustit</string>
  <string name="wpExpenseColor">Barva výdajů</string>
  <string name="wpFeedBackSubject">[W] zpětná vazba</string>
  <string name="format">Formát</string>
  <string name="For">Pro</string>
  <string name="wpHeaderColor">Barva záhlaví</string>
  <string name="wpHelpUsTranslate">Pomozte nám překládat</string>
  <string name="wpIncomeColor">Barva příjmů</string>
  <string name="wpInsertAccountAlert">Zvolte účet prosím</string>
  <string name="wpInsertAmountAlert">Vložte nějaké peníze prosím</string>
  <string name="wpInsertCategoryAlert">Prosím zvolte kategorii</string>
  <string name="wpInsertCategoryLength">Délka jména kategorie musí být větší než 2 a menší než 30!</string>
  <string name="wpInsertImageAlert">Prosím vyberte si obrázek ikony</string>
  <string name="wpInsertNameAlert">Prosím zadejte jméno</string>
  <string name="wpInsertTimeRangeError">Zvolte prosím časový rozsah</string>
  <string name="wpInsertTypeAlert">Zvolte prosím typ kategorie</string>
  <string name="items">Položky</string>
  <string name="wpLiveFolderError">Složku Money Lover se nedaří dostat na váš SkyDrive. Zkuste to znovu později.</string>
  <string name="wpLocationServiceWarning">LocationServiceWarning</string>
  <string name="wpLocationService">Umístění služby</string>
  <string name="wpMessage3">BNS chyba: Tato akce není povolena</string>
  <string name="Message2">BNS Error: Maximální množství ScheduledActions tohoto typu již existuje. </string>
  <string name="wpMessage1">Pozadí této aplikace bylo zakázáno uživatelem.</string>
  <string name="wpMessage">Zpráva</string>
  <string name="monday">Pondělí</string>
  <string name="month">Měsíc</string>
  <string name="name">Jméno</string>
  <string name="navigations">Navigace</string>
  <string name="wpDeleteNotify">Chcete vše odstranit?</string>
  <string name="wpNotify7">[Zpráva]</string>
  <string name="wpNotify6">[Úspory]</string>
  <string name="wpNotify5">Rozpočet {0} vyčerpán.</string>
  <string name="wpNotify4">Opatrně, rozpočet {0} je téměř vyčerpán.</string>
  <string name="wpNotify3_2">Půjčka {0} je splacena.</string>
  <string name="wpNotify3_1">Dluh {0} je splacen.</string>
  <string name="wpNotify2">Pro dnešek jste nepřidali žádné transakce. Přidáte je teď?</string>
  <string name="wpNotify1">Tipy</string>
  <string name="wpNotify0">Vítejte v Money Loner na telefonu Windows. Ode dneška Vám pomůže plánovat a sledovat všechny Vaše výdaje, vše zaznamená a pravidelně vám poskytne finanční zprávu. Užijte si ho.</string>
  <string name="notifications">Oznámení</string>
  <string name="notification">Oznámení</string>
  <string name="wpNoParent">Žádný původce</string>
  <string name="number">Č. </string>
  <string name="other">Ostatní</string>
  <string name="Over">Konec</string>
  <string name="wpOverDue">Zmeškané</string>
  <string name="wpOverAmount">Částka kterou chcete převést je vyšší než vaše celkové příjmy! Chcete je znovu upravit?</string>
  <string name="wpPaidHistory">Historie plateb</string>
  <string name="parent">Původce</string>
  <string name="wpPasswordProtected">Chráněno heslem</string>
  <string name="payment">Platba</string>
  <string name="people">Lidé</string>
  <string name="picture">Obraz</string>
  <string name="wpPinToStart">PIN ke spuštění</string>
  <string name="place">Místo</string>
  <string name="wpPlaceFinder">Hledač míst</string>
  <string name="quarter">Čtvrtletí</string>
  <string name="reason">Důvod</string>
  <string name="reload">Znovu načíst</string>
  <string name="wpReminderAddTran">Připomínač přidání transakcí</string>
  <string name="wpRestartNotify">Musíte aplikaci restartovat, aby se projevily změny.</string>
  <string name="wpRestoreMess">Obnovení databáze nahradí vaší aktuální databázi databází vámi vybranou. Všechna data budou ztracena. Jste si jistý, že chcete databázi obnovit?</string>
  <string name="wpRestoreComplete">Obnova dokončena.</string>
  <string name="restore">Obnovit</string>
  <string name="running">Spuštěné</string>
  <string name="wpSamplePlaceSearch">Pojmenovat některá místa</string>
  <string name="wpSelectedCategory">Vybrat kategorii</string>
  <string name="wpSkydriveLogin">Nazdárek, než budete pokračovat, přihlaste se prosím na váš SkyDrive.</string>
  <string name="sort">Řazení</string>
  <string name="wpSpendWith">Utratit na</string>
  <string name="start_month">První den v měsíci</string>
  <string name="start_week">První den týdne</string>
  <string name="sunday">Neděle</string>
  <string name="sure">Jistě</string>
  <string name="wpSyncDone">Synchronizace dokončena.</string>
  <string name="wpThemeManager">Správce motivů</string>
  <string name="wpThisMonth">Tento měsíc</string>
  <string name="wpThisQuarter">Toto čtvrtletí</string>
  <string name="wpThisWeek">Tento týden</string>
  <string name="wpThisYear">Tento rok</string>
  <string name="time_format">Formát času</string>
  <string name="wpTimeRange">Časový rozsah</string>
  <string name="title">Titul</string>
  <string name="wpToAcount">Na účet</string>
  <string name="today">Dnes</string>
  <string name="tomorrow">Zítra</string>
  <string name="tranfer">Převod</string>
  <string name="wpTranferFail">Prosím překontrolujte si údaje! Částka, kterou chcete převést musí být vyšší než 0.</string>
  <string name="wpTranferComplete">Převod dokončen!</string>
  <string name="wpTransferFrom">Převod z:</string>
  <string name="wpTransferMoney">Převést peníze</string>
  <string name="wpTranferingException">TranferingException</string>
  <string name="wpTransactionInfo">Informace o transakci</string>
  <string name="tutorial">Tutorial</string>
  <string name="unfinished">Nedokončeno</string>
  <string name="unit">Jednotka</string>
  <string name="wpUploadCompleted">Upload dokončen.</string>
  <string name="uploading">Uploadování</string>
  <string name="wpUploadSkydrive">Uploadovat na SkyDrive</string>
  <string name="wpUseCustomColor">Použít vlastní barvu</string>
  <string name="used">Použité</string>
  <string name="wpViewMode">Režim zobrazení</string>
  <string name="wpViewOffice">Zobrazit v sadě Office</string>
  <string name="week">Týden</string>
  <string name="wrong">Špatně</string>
  <string name="wpWrongPass">Nesprávné heslo.</string>
  <string name="year">Rok</string>
  <string name="yesterday">Včera</string>
  <string name="wpViewTran">Zobrazit transakce</string>
  <string name="editDebt">Upravit dluhy</string>
  <string name="wpTimeAlreadyOver">Čas který jste zvolili již vypršel.</string>
  <string name="account_all">Všechny účty</string>
  <string name="about_msg_wp">Vydělávání peněz a jejich správa jsou dvě rozdílné věci! Bezstarostné utrácení bez rozpočtu je problém rodin po celém světe. Money Lover vám pomůže plánovat a sledovat všechny vaše výdeje. Vše zaznamená a poskytne vám periodický přehled. Není to sice plnohodnotný účetnický nástroj, ale je užitečný pro správu rodinných či osobních financí.</string>
  <string name="clear">Vyčistit</string>
  <string name="day">Den</string>
  <string name="interest_rate">Úrok</string>
  <string name="string_select_all">Vybrat vše</string>
  <string name="settings_alarm_group_title">Upozornění</string>
  <string name="wpAddAccountFirst">Nejprve přidejte peněženku!</string>
  <string name="wpATM">ATM</string>
  <string name="wpAdd">Přidat</string>
  <string name="wpBank">Banka</string>
  <string name="wpBackupRestore">Zálohování &amp; Obnova</string>
  <string name="wpBackup">Zálohování</string>
  <string name="wpCannotEditAccount">Tento účet nelze upravovat.</string>
  <string name="wpCannotEditTransaction">Tuto transakci nelze upravovat.</string>
  <string name="wpConfirmBackCategory">Zatím jsme neuložili vaší kategorii, jste si jist, že se chcete vrátit?</string>
  <string name="wpConfirmBack">Zatím jsme neuložili vaší transakci, jste si jist, že se chcete vrátit?</string>
  <string name="wpConfirmBackBudget">Zatím jsme neuložili váš rozpočet, jste si jist, že se chcete vrátit?</string>
  <string name="wpCustomRange">Vlastní rozsah</string>
  <string name="wpCustomTimeNullError">Vlastní čas je neplatný. Prosím zvolte časový rozsah.</string>
  <string name="wpDayLeft">Zbývá den</string>
  <string name="wpDaysLeft">Zbývá dní</string>
  <string name="wpDeleteTransaction">Ztratíte data z této transakce. Chcete pokračovat?</string>
  <string name="wpDeletePin">Chcete vymazat pin?</string>
  <string name="wpDeleteBudget">Ztratíte všechna data z tohoto rozpočtu. Přejete si pokračovat?</string>
  <string name="wpDeleteAcc">Ztratíte všechna data z tohoto účtu. Přejete si pokračovat?</string>
  <string name="wpDeleteCategory">Ztratíte všechna data z této kategorie a všechny transakce v ní obsažené. Přejete si pokračovat?</string>
  <string name="wpAuto">Auto</string>
  <string name="rate">úrok</string>
  <string name="wp_warning_addtran_from_pin_message">Transakce byla úspěšně přidána. Chcete se vrátit na obrazovku Peněženky?</string>
  <string name="navigation_group_policy">Zásady</string>
  <string name="wpNotify8">Gratulujeme, aktualizace je kompletní. Chcete se podívat jaké změny přináší nová verze? Poklepáním se podíváte!</string>
</resources>
