<?xml version="1.0" encoding="utf-8"?>
<!--Generated by crowdin.net-->
<resources>
  <string name="notification_message_take_photo_title">Klepněte pro přidání transakcí z &lt;b&gt;Přidat později&lt;/b&gt; foto</string>
  <string name="notification_message_daily_alarm_title">Klepněte pro přidání transakcí z &lt;b&gt;%1$s&lt;/b&gt;</string>
  <string name="notification_message_monthly_remind">Zobrazit měsíční správu pro &lt;b&gt;%1$s&lt;/b&gt;</string>
  <string name="notification_message_no_expense_today">Dneska žádné výdaje? Aktualizovat nyní!</string>
  <string name="notification_message_remind_debt">Stále vlastníte &lt;b&gt;%1$s&lt;/b&gt; %2$s? Aktualizovat nyní!</string>
  <string name="notification_message_remind_loan">&lt;b&gt;%1$s&lt;/b&gt; vás stále vlastní(?) %2$s, Aktualizovat nyní?</string>
  <string name="budget_notification_budget_warning_title">Dosaženo výše rozpočtu %1$s%%</string>
  <string name="budget_notification_budget_warning_category_text">%1$s zbývá &lt;b&gt;%2$s&lt;/b&gt;</string>
  <string name="budget_notification_budget_warning_account_text">%1$s zbývá &lt;b&gt;%2$s&lt;/b&gt;</string>
  <string name="budget_notification_budget_100percent_category_text">v &lt;b&gt;%1$s&lt;/b&gt;</string>
  <string name="budget_notification_budget_100percent_account_text">v &lt;b&gt;%1$s&lt;/b&gt;</string>
  <string name="budget_notification_budget_exceeded_title">Utraceno navíc %1$s</string>
  <string name="budget_notification_budget_exceeded_category_text">v &lt;b&gt;%1$s&lt;/b&gt;</string>
  <string name="budget_notification_budget_exceeded_account_text">v &lt;b&gt;%1$s&lt;/b&gt;</string>
  <string name="ail_notification_title">Klepněte pro vyfocení</string>
  <string name="ail_notification_text">takže transakci můžete přidat později</string>
  <string name="ail_notification_cancel_message">Toto oznámení můžete znovu zobrazit v Nastavení</string>
  <string name="notification_monthly_alarm_title">Klepněte pro zobrazení zprávy pro</string>
  <string name="notification_monthly_alarm_text">%1$s</string>
  <string name="notification_message_auto_backup">Zobrazit soubor zálohy z &lt;b&gt;%1$s&lt;/b&gt;</string>
  <string name="notification_message_repeat_transaction">Nová transakce byla přidána &lt;b&gt;%1$s&lt;/b&gt;</string>
</resources>
