<?xml version="1.0" encoding="utf-8"?>
<!--Generated by crowdin.net-->
<resources>
  <string name="search_over">Nad</string>
  <string name="search_under">Pod</string>
  <string name="search_time_over">Po</string>
  <string name="search_time_under">Před</string>
  <string name="search_between">Mezi</string>
  <string name="search_exact">Přesně</string>
  <string name="search_remove">Odstranit</string>
  <string name="search_none">Žádný</string>
  <string name="search_all">Všechno</string>
  <string name="search_select">Vybrat</string>
  <string name="start">Začátek</string>
  <string name="end">Konec</string>
  <string name="from">Od</string>
  <string name="to">Pro</string>
  <string-array name="arr_amount">
    <item>@string/search_all</item>
    <item>@string/search_over</item>
    <item>@string/search_under</item>
    <item>@string/search_between</item>
    <item>@string/search_exact</item>
  </string-array>
  <string-array name="arr_type">
    <item>Všechno</item>
    <item>Příjem</item>
    <item>Výdaj</item>
  </string-array>
  <string-array name="arr_time">
    <item>@string/search_all</item>
    <item>@string/search_time_over</item>
    <item>@string/search_time_under</item>
    <item>@string/search_between</item>
    <item>@string/search_exact</item>
  </string-array>
</resources>
