<?xml version="1.0" encoding="utf-8"?>
<!--Generated by crowdin.net-->
<resources>
  <string name="settings_group_display">Zobrazení</string>
  <string name="settings_group_alarm_title">Upozornění</string>
  <string name="settings_group_system">Systém</string>
  <string name="settings_group_database">Databáze</string>
  <string name="settings_group_about">O aplikaci</string>
  <string name="settings_select_date_format">Vybrat formát data</string>
  <string name="settings_set_first_day_week">Nastavit první den týdne</string>
  <string name="settings_set_first_day_month">Nastavit první den měsíce</string>
  <string name="settings_enable_pin">Povolit heslo</string>
  <string name="settings_connect_dropbox">Propojit s DropBoxem</string>
  <string name="settings_connect_dropbox_connected">Připojeno</string>
  <string name="settings_select_language">Vybrat jazyk</string>
  <string name="settings_alarm">Denní připomenutí ke přidání transakcí</string>
  <string name="settings_auto_check_update">Automatická kontrola aktualizace</string>
  <string name="settings_show_ail_notification_title">Zobrazit ,,Přidat později\" oznámení</string>
  <string name="pref_show_ail_summary">Nejdřív si to vyfoťte jako připomínku, abyste mohli přidat transakci později</string>
  <string name="settings_about">O Money Lover</string>
  <string name="settings_changes_log_title">Popis změn</string>
  <string name="settings_amount_text_display_title">Styl zobrazení částky</string>
  <string name="pref_amount_text_decimal_separator_title">desetinné čárky</string>
  <string name="pref_amount_text_decimal_separator_imperial">1,999.95</string>
  <string name="pref_amount_text_decimal_separator_international">1.999,95</string>
  <string name="pref_amount_text_show_currency_title">Zobrazit měnu</string>
  <string name="pref_amount_text_minus_style_title">Styl Kladných/záporných čísel</string>
  <string name="pref_amount_text_minus_style_color">Defaultně barvou</string>
  <string name="pref_amount_text_minus_style_sign">Pomocí symbolů +/-</string>
  <string name="pref_amount_text_minus_style_bracket">Pomocí symbolů ( )</string>
  <string name="pref_amount_text_shorten_title">Zaokrouhlená částka</string>
  <string name="pref_using_location">Using location</string>
  <string name="settings_reset_data">Resetovat data</string>
  <string name="auto_backup_no">Žádné automatické zálohování</string>
  <string name="auto_backup">Automatické zálohování</string>
  <string name="auto_backup_every_day">Každý den</string>
  <string name="auto_backup_every_week">Každý týden</string>
  <string name="auto_backup_every_month">Každý měsíc</string>
  <string name="auto_backup_every_year">Každý rok</string>
  <string name="auto_backup_test">2 phút</string>
  <string name="settings_quick_add_notification_title"></string>
  <string-array name="first_day_of_week_display">
    <item>Neděle</item>
    <item>Pondělí</item>
    <item>Úterý</item>
    <item>Středa</item>
    <item>Čtvrtek</item>
    <item>Pátek</item>
    <item>Sobota</item>
  </string-array>
  <string-array name="first_day_of_month_display">
    <item>1.</item>
    <item>2.</item>
    <item>3.</item>
    <item>4.</item>
    <item>5.</item>
    <item>6.</item>
    <item>7.</item>
    <item>8.</item>
    <item>9.</item>
    <item>10.</item>
    <item>11.</item>
    <item>12.</item>
    <item>13.</item>
    <item>14.</item>
    <item>15.</item>
    <item>16.</item>
    <item>17.</item>
    <item>18.</item>
    <item>19.</item>
    <item>20.</item>
    <item>21.</item>
    <item>22.</item>
    <item>23.</item>
    <item>24.</item>
    <item>25.</item>
    <item>26.</item>
    <item>27.</item>
    <item>28.</item>
  </string-array>
  <string-array name="alarm_time_display">
    <item>17:00</item>
    <item>18:00</item>
    <item>19:00</item>
    <item>20:00</item>
    <item>21:00</item>
    <item>22:00</item>
    <item>23:00</item>
    <item>Žádné upozronění</item>
  </string-array>
  <string-array name="auto_backup_repeat">
    <item>@string/auto_backup_every_day</item>
    <item>@string/auto_backup_every_week</item>
    <item>@string/auto_backup_every_month</item>
    <item>@string/auto_backup_every_year</item>
    <item>@string/auto_backup_no</item>
  </string-array>
</resources>
