<?xml version="1.0" encoding="utf-8"?>
<!--Generated by crowdin.net-->
<resources>
  <string name="cate_salary">Plat</string>
  <string name="cate_award">Odměny</string>
  <string name="cate_selling">Prodeje</string>
  <string name="cate_give">Dary</string>
  <string name="cate_interest">Peníze z úroků</string>
  <string name="cate_debt">Dluhy</string>
  <string name="cate_income_other">Ostatní</string>
  <string name="cate_food">Jídlo &amp; Pití</string>
  <string name="cate_entertainment">Zábava</string>
  <string name="cate_travel">Cestování</string>
  <string name="cate_education">Vzdělání</string>
  <string name="cate_transport">Doprava</string>
  <string name="cate_friend">Přátelé &amp; Lásky</string>
  <string name="cate_family">Rodina</string>
  <string name="cate_medical">Zdravotní</string>
  <string name="cate_shopping">Nákupy</string>
  <string name="cate_loan">Půjčky</string>
  <string name="cate_invest">Investice</string>
  <string name="cate_expense_other">Ostatní</string>
</resources>
