<?xml version="1.0" encoding="utf-8"?>
<!--Generated by crowdin.net-->
<resources>
  <string name="second">秒</string>
  <string name="minute">分</string>
  <plurals name="days_left">
    <item quantity="other">残り%d 日</item>
  </plurals>
  <plurals name="hour_left">
    <item quantity="other">残り%d 時間</item>
  </plurals>
  <plurals name="minute_left">
    <item quantity="other">残り%d 分</item>
  </plurals>
  <plurals name="second_left">
    <item quantity="other">残り%d 秒</item>
  </plurals>
</resources>
