<?xml version="1.0" encoding="utf-8"?>
<!--Generated by crowdin.net-->
<resources>
  <string name="AGO">前</string>
  <string name="DAY">1 日</string>
  <string name="DAYS">%1$ 日</string>
  <string name="HOUR">約 1 時間</string>
  <string name="HOURS">%1$ 時間</string>
  <string name="MINUTE">約 1 分</string>
  <string name="MINUTES">%1$ 分</string>
  <string name="MONTH">約 1 ヶ月</string>
  <string name="MONTHS">%1$s ヶ月</string>
  <string name="SECONDS">一分前</string>
  <string name="SUFFIX_FROM_NOW">今から</string>
  <string name="YEAR">約 1 年</string>
  <string name="YEARS">%1$ 年</string>
</resources>
