<?xml version="1.0" encoding="utf-8"?>
<!--Generated by crowdin.net-->
<resources>
  <string name="notice">お知らせ</string>
  <string name="error">エラー!</string>
  <string name="close">閉じる</string>
  <string name="cancel">キャンセル</string>
  <string name="save">保存</string>
  <string name="done">完成</string>
  <string name="yes">はい</string>
  <string name="submit">Submit</string>
  <string name="sorry">申し訳ありませんが</string>
  <string name="ok">OK</string>
  <string name="search">検索</string>
  <string name="no">いいえ</string>
  <string name="confirm">確認</string>
  <string name="today">今日</string>
  <string name="tomorrow">明日</string>
  <string name="yesterday">昨日</string>
  <string name="thisweek">今週</string>
  <string name="nextweek">来週</string>
  <string name="lastweek">先週</string>
  <string name="thismonth">今月</string>
  <string name="nextmonth">来月</string>
  <string name="lastmonth">先月</string>
  <string name="thisquarter">今四半期</string>
  <string name="nextquarter">次の四半期</string>
  <string name="lastquarter">先四半期
</string>
  <string name="thisyear">今年</string>
  <string name="nextyear">来年</string>
  <string name="lastyear">去年</string>
  <string name="quarter_shorten">Q</string>
</resources>
