<?xml version="1.0" encoding="utf-8"?>
<!--Generated by crowdin.net-->
<resources>
  <string name="cate_salary">給与</string>
  <string name="cate_award">Award</string>
  <string name="cate_selling">販売</string>
  <string name="cate_give">Give</string>
  <string name="cate_interest">利益</string>
  <string name="cate_debt">借金</string>
  <string name="cate_income_other">その他</string>
  <string name="cate_food">フード・ ドリンク</string>
  <string name="cate_entertainment">エンターテイメント</string>
  <string name="cate_travel">旅行</string>
  <string name="cate_education">教育</string>
  <string name="cate_transport">交通</string>
  <string name="cate_friend">友人・恋人</string>
  <string name="cate_family">家族</string>
  <string name="cate_medical">医療</string>
  <string name="cate_shopping">ショッピング</string>
  <string name="cate_loan">ローン</string>
  <string name="cate_invest">投資</string>
  <string name="cate_expense_other">その他</string>
</resources>
