<?xml version="1.0" encoding="utf-8"?>
<!--Generated by crowdin.net-->
<resources>
  <string name="search_over">以上</string>
  <string name="search_under">以下</string>
  <string name="search_time_over">以降</string>
  <string name="search_time_under">以前</string>
  <string name="search_between">真ん中</string>
  <string name="search_exact">丁度</string>
  <string name="search_remove">削除</string>
  <string name="search_none">なし</string>
  <string name="search_all">全ての</string>
  <string name="search_select">選択</string>
  <string name="start">開始</string>
  <string name="end">終了</string>
  <string name="from">から</string>
  <string name="to">まで</string>
  <string-array name="arr_amount">
    <item>＠文字列／全て検索</item>
    <item>@string/search_over</item>
    <item>@string/search_under</item>
    <item>@string/search_between</item>
    <item>@string/search_exact</item>
  </string-array>
  <string-array name="arr_type">
    <item>全ての</item>
    <item>収入</item>
    <item>支出</item>
  </string-array>
  <string-array name="arr_time">
    <item>@string/search_all</item>
    <item>@string/search_time_over</item>
    <item>@string/search_time_under</item>
    <item>@string/search_between</item>
    <item>@string/search_exact</item>
  </string-array>
</resources>
