<?xml version="1.0" encoding="utf-8"?>
<!--Generated by crowdin.net-->
<resources>
  <string name="notice">அறிவிப்பு</string>
  <string name="error">பிழை</string>
  <string name="close">மூடு</string>
  <string name="cancel">ரத்து செய்</string>
  <string name="save">சேமி</string>
  <string name="done">முடிந்தது</string>
  <string name="yes">ஆம்</string>
  <string name="submit">சமர்ப்பிக்க</string>
  <string name="sorry">மன்னிக்கவும்</string>
  <string name="ok">சரி</string>
  <string name="search">தேடு</string>
  <string name="no">இல்லை</string>
  <string name="confirm">உறுதிசெய்</string>
  <string name="today">இன்று</string>
  <string name="tomorrow">நாளை</string>
  <string name="yesterday">நேற்று</string>
  <string name="thisweek">இந்த வாரம்</string>
  <string name="nextweek">அடுத்த வாரம்</string>
  <string name="lastweek">கடந்த வாரம்</string>
  <string name="thismonth">இந்த மாதம்</string>
  <string name="nextmonth">அடுத்த மாதம்</string>
  <string name="lastmonth">கடந்த மாதம்</string>
  <string name="thisquarter">இந்த காலாண்டு</string>
  <string name="nextquarter">அடுத்த காலாண்டு</string>
  <string name="lastquarter">கடந்த காலாண்டு</string>
  <string name="thisyear">இந்த ஆண்டு</string>
  <string name="nextyear">அடுத்த ஆண்டு</string>
  <string name="lastyear">கடந்த ஆண்டு</string>
  <string name="quarter_shorten">வரிசை</string>
</resources>
