<?xml version="1.0" encoding="utf-8"?>
<!--Generated by crowdin.net-->
<resources>
  <string name="second">நொடி</string>
  <string name="minute">நிமிடம்</string>
  <plurals name="days_left">
    <item quantity="one">மீதமுள்ள %d நாள்</item>
    <item quantity="other">மீதமுள்ள %d நாள்</item>
  </plurals>
  <plurals name="hour_left">
    <item quantity="one">%d மீதமுள்ள மணிநேரம்</item>
    <item quantity="other">%d hours left</item>
  </plurals>
  <plurals name="minute_left">
    <item quantity="one">மீதமுள்ள %d நிமிடங்கள்</item>
    <item quantity="other">%d minutes left</item>
  </plurals>
  <plurals name="second_left">
    <item quantity="one">மீதமுள்ள %d விநாடிகள்</item>
    <item quantity="other">%d seconds left</item>
  </plurals>
</resources>
