<?xml version="1.0" encoding="utf-8"?>
<!--Generated by crowdin.net-->
<resources>
  <string name="AGO">முன்னால்</string>
  <string name="DAY">ஒரு நாள்</string>
  <string name="DAYS">%1$s நாட்கள்</string>
  <string name="HOUR">சுமார் ஒரு மணி நேரம்</string>
  <string name="HOURS">%1$s மணி நேரம்</string>
  <string name="MINUTE">சுமார் ஒரு நிமிடம்</string>
  <string name="MINUTES">%1$s நிமிடங்கள்</string>
  <string name="MONTH">சுமார் ஒரு மாதம்</string>
  <string name="MONTHS">%1$s மாதங்கள்</string>
  <string name="SECONDS">ஒரு நிமிடத்திற்கும் குறைவான</string>
  <string name="SUFFIX_FROM_NOW">இப்போது இருந்து</string>
  <string name="YEAR">சுமார் ஒரு வருடம்</string>
  <string name="YEARS">%1$s ஆண்டுகள்</string>
</resources>
