<?xml version="1.0" encoding="utf-8"?>
<!--Generated by crowdin.net-->
<resources>
  <string name="second">두 번째</string>
  <string name="minute">분</string>
  <plurals name="days_left">
    <item quantity="other">%d 일 남음</item>
  </plurals>
  <plurals name="hour_left">
    <item quantity="other">%d 시간 남음</item>
  </plurals>
  <plurals name="minute_left">
    <item quantity="other">%d 분 남음</item>
  </plurals>
  <plurals name="second_left">
    <item quantity="other">%d 초 남음</item>
  </plurals>
</resources>
