<?xml version="1.0" encoding="utf-8"?>
<!--Generated by crowdin.net-->
<resources>
  <string name="notice">알림</string>
  <string name="error">오류</string>
  <string name="close">닫기</string>
  <string name="cancel">취소</string>
  <string name="save">저장</string>
  <string name="done">완료</string>
  <string name="yes">네</string>
  <string name="submit">Submit</string>
  <string name="sorry">죄송합니다</string>
  <string name="ok">완료</string>
  <string name="search">검색</string>
  <string name="no">아니요</string>
  <string name="confirm">확인</string>
  <string name="today">오늘</string>
  <string name="tomorrow">내일</string>
  <string name="yesterday">어제</string>
  <string name="thisweek">이번 주</string>
  <string name="nextweek">다음 주</string>
  <string name="lastweek">지난 주</string>
  <string name="thismonth">이번 달</string>
  <string name="nextmonth">다음 달</string>
  <string name="lastmonth">지난 달</string>
  <string name="thisquarter">이번 분기</string>
  <string name="nextquarter">다음 분기</string>
  <string name="lastquarter">지난 분기</string>
  <string name="thisyear">올해</string>
  <string name="nextyear">내년</string>
  <string name="lastyear">지난 해</string>
  <string name="quarter_shorten">Q</string>
</resources>
