<?xml version="1.0" encoding="utf-8"?>
<!--Generated by crowdin.net-->
<resources>
  <string name="second">วินาที</string>
  <string name="minute">นาที</string>
  <plurals name="days_left">
    <item quantity="other">เหลือเวลา %d วัน</item>
  </plurals>
  <plurals name="hour_left">
    <item quantity="other">เหลือเวลา %d ชั่วโมง</item>
  </plurals>
  <plurals name="minute_left">
    <item quantity="other">เหลือ %d นาที</item>
  </plurals>
  <plurals name="second_left">
    <item quantity="other">เหลือ %d วินาที</item>
  </plurals>
</resources>
