<?xml version="1.0" encoding="utf-8"?>
<!--Generated by crowdin.net-->
<resources>
  <string name="notice">แจ้งเตือน</string>
  <string name="error">ข้อผิดพลาด</string>
  <string name="close">ปิด</string>
  <string name="cancel">ยกเลิก</string>
  <string name="save">บันทึก</string>
  <string name="done">เสร็จสิ้น</string>
  <string name="yes">ใช่</string>
  <string name="submit">Submit</string>
  <string name="sorry">ขออภัย</string>
  <string name="ok">ตกลง</string>
  <string name="search">ค้นหา</string>
  <string name="no">ไม่</string>
  <string name="confirm">ยืนยัน</string>
  <string name="today">วันนี้</string>
  <string name="tomorrow">พรุ่งนี้</string>
  <string name="yesterday">เมื่อวานนี้</string>
  <string name="thisweek">สัปดาห์นี้</string>
  <string name="nextweek">อาทิตย์หน้า</string>
  <string name="lastweek">สัปดาห์ที่แล้ว</string>
  <string name="thismonth">เดือนนี้</string>
  <string name="nextmonth">เดือนถัดไป</string>
  <string name="lastmonth">เดือนที่แล้ว</string>
  <string name="thisquarter">ไตรมาสนี้</string>
  <string name="nextquarter">ไตรมาสถัดไป</string>
  <string name="lastquarter">ไตรมาสที่แล้ว</string>
  <string name="thisyear">ปีนี้</string>
  <string name="nextyear">ปีถัดไป</string>
  <string name="lastyear">ปีที่แล้ว</string>
  <string name="quarter_shorten">Q</string>
</resources>
