<?xml version="1.0" encoding="utf-8"?>
<!--Generated by crowdin.net-->
<resources>
  <string name="AGO">ผ่านมาแล้ว</string>
  <string name="DAY">วัน</string>
  <string name="DAYS">%1$s วัน</string>
  <string name="HOUR">ประมาณหนึ่งชั่วโมง</string>
  <string name="HOURS">%1$s ชั่วโมง</string>
  <string name="MINUTE">เพียงไม่กี่นาที</string>
  <string name="MINUTES">%1$s นาที</string>
  <string name="MONTH">ประมาณหนึ่งเดือน</string>
  <string name="MONTHS">%1$s เดือน</string>
  <string name="SECONDS">น้อยกว่าหนึ่งนาที</string>
  <string name="SUFFIX_FROM_NOW">ตั้งแต่วันนี้</string>
  <string name="YEAR">ประมาณหนึ่งปี</string>
  <string name="YEARS">%1$s ปี</string>
</resources>
