<?xml version="1.0" encoding="utf-8"?>
<!--Generated by crowdin.net-->
<resources>
  <string name="search_over">มากกว่า</string>
  <string name="search_under">ภายใน</string>
  <string name="search_time_over">หลังจาก</string>
  <string name="search_time_under">ก่อน</string>
  <string name="search_between">ระหว่าง</string>
  <string name="search_exact">แน่นอน</string>
  <string name="search_remove">เอาออก</string>
  <string name="search_none">ไม่มี</string>
  <string name="search_all">ทั้งหมด</string>
  <string name="search_select">เลือก</string>
  <string name="start">เริ่มต้น</string>
  <string name="end">สิ้นสุด</string>
  <string name="from">จาก</string>
  <string name="to">ถึง</string>
  <string-array name="arr_amount">
    <item>@string/search_all</item>
    <item>@string/search_over</item>
    <item>@string/search_under</item>
    <item>@string/search_between</item>
    <item>@string/search_exact</item>
  </string-array>
  <string-array name="arr_type">
    <item>ทั้งหมด</item>
    <item>รายรับ</item>
    <item>รายจ่าย</item>
  </string-array>
  <string-array name="arr_time">
    <item>@string/search_all</item>
    <item>@string/search_time_over</item>
    <item>@string/search_time_under</item>
    <item>@string/search_between</item>
    <item>@string/search_exact</item>
  </string-array>
</resources>
