<?xml version="1.0" encoding="utf-8"?>
<!--Generated by crowdin.net-->
<resources>
  <string name="wpDifferentCurrency">บัญชีคุณเลือกไม่มีสกุลเงินเดียวกัน!!! คุณต้องการแลกเปลี่ยนเงิน =</string>
  <string name="downloading">กำลังดาวน์โหลด</string>
  <string name="duplicate">ซ้ำ</string>
  <string name="wpeditAmount"> หรือคุณแก้ไขจำนวนเงินได้ด้วยตนเอง</string>
  <string name="wpEmptyContent">ข้อมูลไม่แสดง</string>
  <string name="wpEmptySymbol">: (</string>
  <string name="wpEndDateAfterStartDateError">วันที่สิ้นสุดไม่สามารถก่อนวันเริ่มต้น</string>
  <string name="wpEnterName">ชื่อบัญชีของคุณ</string>
  <string name="wpEnterPass">ใส่รหัสผ่านของคุณ</string>
  <string name="exit">ออก</string>
  <string name="wpExpenseColor">สีรายจ่าย</string>
  <string name="wpFeedBackSubject">[W] ความคิดเห็น</string>
  <string name="format">จัดรูปแบบ</string>
  <string name="For">สำหรับ</string>
  <string name="wpHeaderColor">สีหัวข้อ</string>
  <string name="wpHelpUsTranslate">ช่วยพวกเราแปลภาษา</string>
  <string name="wpIncomeColor">สีรายรับ</string>
  <string name="wpInsertAccountAlert">โปรดเลือกบัญชี</string>
  <string name="wpInsertAmountAlert">กรุณาระบุเงินบางส่วน</string>
  <string name="wpInsertCategoryAlert">กรุณาเลือกหมวดหมู่</string>
  <string name="wpInsertCategoryLength">ความยาวของชื่อหมวดหมู่ต้องมากกว่า 2 และน้อยกว่า 30 ตัวอักษร!</string>
  <string name="wpInsertImageAlert">กรุณาเลือกรูปไอคอน</string>
  <string name="wpInsertNameAlert">กรุณาใส่ชื่อ</string>
  <string name="wpInsertTimeRangeError">กรุณาเลือกระยะเวลา</string>
  <string name="wpInsertTypeAlert">โปรดเลือกรูปแบบของหมวดหมู่</string>
  <string name="items">รายการ</string>
  <string name="wpLiveFolderError">ไม่สามารถรับโฟลเดอร์ Money Lover บน SkyDrive ของคุณ กรุณาลองใหม่ในภายหลัง</string>
  <string name="wpLocationServiceWarning">คำเตือนเกี่ยวกับที่อยู่ของคุณ</string>
  <string name="wpLocationService">บริการสถานที่</string>
  <string name="wpMessage3">BNS ข้อผิดพลาด: การดำเนินการถูกปิดการใช้งาน</string>
  <string name="Message2">ข้อผิดพลาด BNS : คุณได้ทำรายการเกินกำหนดที่ได้กำหนดไว้ </string>
  <string name="wpMessage1">ตัวกระทำพื้นหลังสำหรับโปรแกรมนี้ได้ถูกปิดใช้งานโดยผู้ใช้</string>
  <string name="wpMessage">ข้อความ</string>
  <string name="monday">วันจันทร์</string>
  <string name="month">เดือน</string>
  <string name="name">ชื่อ</string>
  <string name="navigations">การทำทาง</string>
  <string name="wpDeleteNotify">คุณต้องการลบออกทั้งหมดหรือไม่?</string>
  <string name="wpNotify7">[รายงาน]</string>
  <string name="wpNotify6">[กำลังบันทึก]</string>
  <string name="wpNotify5">ประมาณ {0} เกินที่ตั้งไว้</string>
  <string name="wpNotify4">โปรดระวัง, ประมาณ {0} ใกล้จะเกินที่ตั้งไว้</string>
  <string name="wpNotify3_2">เงินกู้ {0} เสร็จสิ้น</string>
  <string name="wpNotify3_1">หนี้ {0} เสร็จสิ้น</string>
  <string name="wpNotify2">คุณไม่ได้เพิ่มการทำธุรกรรมใด ๆ ในวันนี้ คุณต้องการเพิ่มตอนนี้หรือไม่</string>
  <string name="wpNotify1">เคล็ดลับ</string>
  <string name="wpNotify0">ยินดีต้อนรับสู่ Money Lover ในระบบปฏิบัติการ Windows Phone. จากวันนี้ก็จะช่วยให้คุณวางแผนและติดตามค่าใช้จ่ายทั้งหมดทุกอย่างบันทึกของคุณและสร้างรายงานอย่างเป็นไปตามกำหนด</string>
  <string name="notifications">การแจ้งเตือน</string>
  <string name="notification">การแจ้งเตือน</string>
  <string name="wpNoParent">ไม่มีผู้ปกครอง</string>
  <string name="number">ไม่</string>
  <string name="other">อื่น ๆ</string>
  <string name="Over">มากกว่า</string>
  <string name="wpOverDue">เกินกำหนด</string>
  <string name="wpOverAmount">ยอดเงินที่คุณโอนย้ายนั้นมากกว่ารายได้รวม คุณต้องแก้ไขอีกหรือไม่</string>
  <string name="wpPaidHistory">ประวัติการชำระเงิน</string>
  <string name="parent">ผู้ปกครอง</string>
  <string name="wpPasswordProtected">รหัสผ่านป้องกัน</string>
  <string name="payment">การชำระเงิน</string>
  <string name="people">บุคคล</string>
  <string name="picture">รูปภาพ</string>
  <string name="wpPinToStart">ปักไปที่หน้าโฮม</string>
  <string name="place">สถานที่</string>
  <string name="wpPlaceFinder">ค้นหาตำแหน่ง</string>
  <string name="quarter">ไตรมาส</string>
  <string name="reason">เหตุผล</string>
  <string name="reload">โหลด</string>
  <string name="wpReminderAddTran">เตือนเพิ่มธุรกรรม</string>
  <string name="wpRestartNotify">คุณต้องเริ่มแอพพลิเคชั่นนี้ใหม่เพื่อดูการเปลี่ยนแปลง</string>
  <string name="wpRestoreMess">คืนค่าฐานข้อมูลจะแทนฐานข้อมูลที่เลือกด้วย ข้อมูลทั้งหมดจะหายไป คุณแน่ใจคุณต้องการคืนค่าฐานข้อมูลหรือไม่</string>
  <string name="wpRestoreComplete">การคืนค่าเสร็จสมบูรณ์</string>
  <string name="restore">การกู้คืน</string>
  <string name="running">กำลังทำงาน</string>
  <string name="wpSamplePlaceSearch">ชื่อสถานที่บางแห่ง</string>
  <string name="wpSelectedCategory">หมวดหมู่ที่เลือก</string>
  <string name="wpSkydriveLogin">สวัสดี! กรุณาเข้าสู่ระบบของ SkyDrive ก่อนที่จะดำเนินการต่อ</string>
  <string name="sort">เรียงลำดับ</string>
  <string name="wpSpendWith">ใช้กับ</string>
  <string name="start_month">วันแรกของเดือน</string>
  <string name="start_week">วันแรกของสัปดาห์</string>
  <string name="sunday">วันอาทิตย์</string>
  <string name="sure">แน่นอน</string>
  <string name="wpSyncDone">การซิงค์เสร็จสมบูรณ์</string>
  <string name="wpThemeManager">ผู้จัดการชุดรูปแบบ</string>
  <string name="wpThisMonth">เดือนนี้</string>
  <string name="wpThisQuarter">ไตรมาสนี้</string>
  <string name="wpThisWeek">สัปดาห์นี้</string>
  <string name="wpThisYear">ปีนี้</string>
  <string name="time_format">รูปแบบเวลา</string>
  <string name="wpTimeRange">ระยะเวลา</string>
  <string name="title">ชื่อเรื่อง</string>
  <string name="wpToAcount">บัญชี</string>
  <string name="today">วันนี้</string>
  <string name="tomorrow">พรุ่งนี้</string>
  <string name="tranfer">ย้าย</string>
  <string name="wpTranferFail">กรุณาตรวจสอบข้อมูลอีกครั้ง ยอดเงินที่คุณโอนย้ายต้องมากกว่า 0</string>
  <string name="wpTranferComplete">โอนเสร็จสมบูรณ์!</string>
  <string name="wpTransferFrom">โอนย้ายจาก:</string>
  <string name="wpTransferMoney">โอนเงิน</string>
  <string name="wpTranferingException">เกิดข้อผิดพลาดของการโอน</string>
  <string name="wpTransactionInfo">ข้อมูลธุรกรรม</string>
  <string name="tutorial">เกี่ยวกับการสอน</string>
  <string name="unfinished">ยังไม่เสร็จ</string>
  <string name="unit">หน่วย</string>
  <string name="wpUploadCompleted">อัปโหลดเสร็จสมบูรณ์</string>
  <string name="uploading">กำลังอัปโหลด</string>
  <string name="wpUploadSkydrive">อัปโหลดไปยัง SkyDrive</string>
  <string name="wpUseCustomColor">ใช้สีที่กำหนดเอง</string>
  <string name="used">ใช้</string>
  <string name="wpViewMode">โหมดมุมมอง</string>
  <string name="wpViewOffice">ดูในสำนักงาน</string>
  <string name="week">สัปดาห์</string>
  <string name="wrong">ไม่ถูกต้อง</string>
  <string name="wpWrongPass">รหัสผ่านไม่ถูกต้อง</string>
  <string name="year">ปี</string>
  <string name="yesterday">เมื่อวานนี้</string>
  <string name="wpViewTran">ดูธุรกรรม</string>
  <string name="editDebt">แก้ไขหนี้</string>
  <string name="wpTimeAlreadyOver">เกินเวลาที่คุณเลือกไว้แล้ว</string>
  <string name="account_all">บัญชีทั้งหมด</string>
  <string name="about_msg_wp">เงินที่ได้และที่จัดการอยู่ไม่เท่ากัน! การใช้จ่ายอย่างไม่ระมัดระวังหรือไม่จำเป็นก่อปัญหาครอบครัวมาแล้วทั่วโลก. Money Lover  จะช่วยคุณวางแผนและติดตามทุกการจ่ายของคุณ, บันทึกทุกอย่างและสร้างรายงานตามช่วงเวลา. มันไม่ใช่เครื่องมือจัดการบัญชีที่มีความสามารถครบทุกอย่าง, แต่มันมีประโยชน์มากในการจัดการเงินสำหรับครอบครัว/ส่วนตัว
โปรดใส่ชื่อ</string>
  <string name="clear">ล้าง</string>
  <string name="day">วันที่</string>
  <string name="interest_rate">อัตราดอกเบี้ย</string>
  <string name="string_select_all">เลือกทั้งหมด</string>
  <string name="settings_alarm_group_title">นาฬิกาปลุก</string>
  <string name="wpAddAccountFirst">กรุณาเพิ่มบัญชีก่อน!</string>
  <string name="wpATM">ATM</string>
  <string name="wpAdd">เพิ่ม</string>
  <string name="wpBank">ธนาคาร</string>
  <string name="wpBackupRestore">สำรองข้อมูลและคืนค่า</string>
  <string name="wpBackup">การสำรองข้อมูล</string>
  <string name="wpCannotEditAccount">ไม่สามารถแก้ไขบัญชีนี้</string>
  <string name="wpCannotEditTransaction">ไม่สามารถแก้ไขธุรกรรมนี้</string>
  <string name="wpConfirmBackCategory">เรายังไม่ได้บันทึกประเภทของคุณ คุณแน่ใจหรือว่าต้องการกลับไป?</string>
  <string name="wpConfirmBack">เรายังไม่ได้บันทึกธุรกรรมของคุณ คุณแน่ใจหรือว่าต้องการกลับไป?</string>
  <string name="wpConfirmBackBudget">เรายังไม่ได้บันทึกงบประมาณของคุณ คุณแน่ใจหรือว่าต้องการกลับไป?</string>
  <string name="wpCustomRange">ช่วงที่กำหนดเอง</string>
  <string name="wpCustomTimeNullError">เวลาที่กำหนดเองว่างเปล่ากรุณาเลือกช่วงเวลา</string>
  <string name="wpDayLeft">วันที่เหลือ</string>
  <string name="wpDaysLeft">จำนวนวันที่เหลือ</string>
  <string name="wpDeleteTransaction">คุณจะสูญเสียข้อมูลทั้งหมดของธุรกรรมนี้ คุณต้องดำเนินต่อหรือไม่</string>
  <string name="wpDeletePin">คุณต้องการที่จะลบปักหมุดหรือไม่</string>
  <string name="wpDeleteBudget">คุณจะสูญเสียข้อมูลทั้งหมดของงบประมาณนี้ คุณต้องดำเนินต่อหรือไม่</string>
  <string name="wpDeleteAcc">คุณจะสูญเสียข้อมูลทั้งหมดของงบประมาณนี้ คุณต้องดำเนินต่อหรือไม่?</string>
  <string name="wpDeleteCategory">คุณจะสูญเสียข้อมูลทั้งหมดของประเภทนี้และในธุรกรรมทั้งหมด คุณต้องดำเนินต่อหรือไม่</string>
  <string name="wpAuto">รถยนต์</string>
  <string name="rate">อัตรา</string>
  <string name="wp_warning_addtran_from_pin_message">ธุรกรรมถูกเพิ่มเรียบร้อยแล้ว คุณต้องการกลับไปหน้าจอกระเป๋าหรือไม่</string>
  <string name="navigation_group_policy">นโยบาย</string>
  <string name="wpNotify8">ขอแสดงความยินดี คุณอัพเกรดเรียบร้อย คุณต้องการจะรู้ว่ามีการเปลี่ยนแปลงอะไรบ้าง โปรดคลิกเพื่อดู!</string>
</resources>
