<?xml version="1.0" encoding="utf-8"?>
<!--Generated by crowdin.net-->
<resources>
  <string name="cate_salary">เงินเดือน</string>
  <string name="cate_award">เงินรางวัล</string>
  <string name="cate_selling">ยอดขาย</string>
  <string name="cate_give">การให้</string>
  <string name="cate_interest">เงินดอกเบี้ย</string>
  <string name="cate_debt">ยืมเงิน</string>
  <string name="cate_income_other">อื่น ๆ</string>
  <string name="cate_food">อาหารและเครื่องดื่ม</string>
  <string name="cate_entertainment">ความบันเทิง</string>
  <string name="cate_travel">การท่องเที่ยว</string>
  <string name="cate_education">การศึกษา</string>
  <string name="cate_transport">การเดินทาง</string>
  <string name="cate_friend">เพื่อนและคนรัก</string>
  <string name="cate_family">ครอบครัว</string>
  <string name="cate_medical">ค่ารักษาพยาบาล</string>
  <string name="cate_shopping">ซื้อสินค้า</string>
  <string name="cate_loan">ให้ยืมเงิน</string>
  <string name="cate_invest">การลงทุน</string>
  <string name="cate_expense_other">อื่น ๆ</string>
</resources>
