<?xml version="1.0" encoding="utf-8"?>
<!--Generated by crowdin.net-->
<resources>
  <string name="settings_group_display">การแสดงผล</string>
  <string name="settings_group_alarm_title">การแจ้งเตือน</string>
  <string name="settings_group_system">ระบบ</string>
  <string name="settings_group_database">ฐานข้อมูล</string>
  <string name="settings_group_about">เกี่ยวกับ</string>
  <string name="settings_select_date_format">รูปแบบวันที่</string>
  <string name="settings_set_first_day_week">ตั้งวันแรกของสัปดาห์</string>
  <string name="settings_set_first_day_month">กำหนดวันแรกของเดือน</string>
  <string name="settings_enable_pin">เปิดใช้งานรหัสผ่าน</string>
  <string name="settings_connect_dropbox">เชื่อมต่อกับ Dropbox</string>
  <string name="settings_connect_dropbox_connected">เชื่อมต่อแล้ว</string>
  <string name="settings_select_language">ภาษาของระบบ</string>
  <string name="settings_alarm">แจ้งเตือนเพิ่มรายการธุรกรรม (ทุกวัน)</string>
  <string name="settings_auto_check_update">ตรวจสอบการอัพเดทโดยอัตโนมัติ</string>
  <string name="settings_show_ail_notification_title">แสดงการแจ้งเตือน</string>
  <string name="pref_show_ail_summary">ถ่ายภาพ สำหรับเตือนเพื่อให้คุณสามารถเพิ่มการทำธุรกรรมในภายหลัง</string>
  <string name="settings_about">เกี่ยวกับ Money Lover</string>
  <string name="settings_changes_log_title">รายละเอียดการอัพเดท</string>
  <string name="settings_amount_text_display_title">รูปแบบการแสดงจำนวนเงิน</string>
  <string name="pref_amount_text_decimal_separator_title">จุดทศนิยม</string>
  <string name="pref_amount_text_decimal_separator_imperial">1,999.95</string>
  <string name="pref_amount_text_decimal_separator_international">1.999,95</string>
  <string name="pref_amount_text_show_currency_title">แสดงสกุลเงิน</string>
  <string name="pref_amount_text_minus_style_title">แสดงเครื่องหมาย บวกลบนำหน้า</string>
  <string name="pref_amount_text_minus_style_color">ค่าปกติ</string>
  <string name="pref_amount_text_minus_style_sign">แสดงเครื่องหมาย บวกและลบนำหน้า</string>
  <string name="pref_amount_text_minus_style_bracket">แสดงเครื่องหมายวงเล็บ</string>
  <string name="pref_amount_text_shorten_title">ย่อจำนวนเงิน</string>
  <string name="pref_using_location">ระบุตำแหน่ง</string>
  <string name="settings_reset_data">ลบข้อมูล</string>
  <string name="auto_backup_no">ไม่ต้องสำรองข้อมูลอัตโนมัติ</string>
  <string name="auto_backup">สำรองข้อมูลอัตโนมัติ</string>
  <string name="auto_backup_every_day">ทุกวัน</string>
  <string name="auto_backup_every_week">ทุกสัปดาห์</string>
  <string name="auto_backup_every_month">ทุกเดือน</string>
  <string name="auto_backup_every_year">ทุกปี</string>
  <string name="auto_backup_test">2 phút</string>
  <string name="settings_quick_add_notification_title"></string>
  <string-array name="first_day_of_week_display">
    <item>วันอาทิตย์</item>
    <item>วันจันทร์</item>
    <item>วันอังคาร</item>
    <item>วันพุธ</item>
    <item>วันพฤหัสบดี</item>
    <item>วันศุกร์</item>
    <item>วันเสาร์</item>
  </string-array>
  <string-array name="first_day_of_month_display">
    <item>วันที่ 1</item>
    <item>วันที่ 2</item>
    <item>วันที่ 3</item>
    <item>วันที่ 4</item>
    <item>วันที่ 5</item>
    <item>วันที่ 6</item>
    <item>วันที่ 7</item>
    <item>วันที่ 8</item>
    <item>วันที่ 9</item>
    <item>วันที่ 10</item>
    <item>วันที่ 11</item>
    <item>วันที่ 12</item>
    <item>วันที่ 13</item>
    <item>วันที่ 14</item>
    <item>วันที่ 15</item>
    <item>วันที่ 16</item>
    <item>วันที่ 17</item>
    <item>วันที่ 18</item>
    <item>วันที่ 19</item>
    <item>วันที่ 20</item>
    <item>วันที่ 21</item>
    <item>วันที่ 22</item>
    <item>วันที่ 23</item>
    <item>วันที่ 24</item>
    <item>วันที่ 25</item>
    <item>วันที่ 26</item>
    <item>วันที่ 27</item>
    <item>วันที่ 28</item>
  </string-array>
  <string-array name="alarm_time_display">
    <item>17:00</item>
    <item>18:00</item>
    <item>19:00</item>
    <item>20:00</item>
    <item>21:00</item>
    <item>22:00</item>
    <item>23:00</item>
    <item>ไม่ต้องแจ้งเตือน</item>
  </string-array>
  <string-array name="auto_backup_repeat">
    <item>@string/auto_backup_every_day</item>
    <item>@string/auto_backup_every_week</item>
    <item>@string/auto_backup_every_month</item>
    <item>@string/auto_backup_every_year</item>
    <item>@string/auto_backup_no</item>
  </string-array>
</resources>
