<?xml version="1.0" encoding="utf-8"?>
<!--Generated by crowdin.net-->
<resources>
  <string name="account">บัญชี</string>
  <string name="amount">จำนวน</string>
  <string name="budget">งบประมาณ</string>
  <string name="event_title">เหตุการณ์</string>
  <string name="category">หมวดหมู่</string>
  <string name="earned_from">ได้รับเงินจาก</string>
  <string name="end_date">วันสิ้นสุด</string>
  <string name="expense">ค่าใช้จ่าย</string>
  <string name="goto_today">ไปที่วันนี้</string>
  <string name="goto_thismonth">ไปที่เดือนนี้</string>
  <string name="income">รายรับ</string>
  <string name="migrate">ย้าย</string>
  <string name="select_category">เลือกหมวดหมู่</string>
  <string name="spent_on">ใช้ในการ</string>
  <string name="start_date">วันเริ่มต้น</string>
  <string name="time">เวลา</string>
  <string name="time_range">%1$s - %2$s</string>
  <string name="loading_more">กำลังโหลดเพิ่มเติม</string>
  <string name="goal">เป้าหมาย</string>
  <string name="edit">Edit</string>
  <string name="saved">บันทึกแล้ว</string>
  <string name="search_go">ค้นหา</string>
  <string name="buy_app">สนับสนุนผู้ทำโปรแกรม</string>
  <string name="undobar_message">%1$s ถูกลบเรียบร้อยแล้ว</string>
  <string name="backup_share">แบ่งปัน</string>
  <string name="version">เวอร์ชั่น %1$s</string>
  <string name="loading">กำลังโหลด โปรดรอสักครู่...</string>
  <string name="total">ผลรวม</string>
  <string name="splashscreen_create_account">สร้างบัญชีแรก</string>
  <string name="splash_screen_use_cloud">ใช้ระบบ Cloud (เร็ว ๆ นี้)</string>
  <string name="splash_screen_use_cloud_info">ซิงค์และแชร์ ธุรกรรมอย่างง่ายดาย</string>
  <string name="splash_screen_use_right_away">ใช้บนอุปกรณ์นี้เท่านั้น</string>
  <string name="splash_screen_use_right_away_info">เริ่มต้นใช้งานได้เลย!</string>
  <string name="welcome_message_title">เลือกรูปแบบที่คุณต้องการใช้งาน?</string>
  <string name="welcome_message">คุณสามารถเปลี่ยนรูปแบบได้ใหม่ ในภายหลัง</string>
  <string name="login_hint_email">อีเมล</string>
  <string name="login_hint_password">รหัสผ่าน</string>
  <string name="login_facebook">เข้าสู่ระบบ ด้วย Facebook</string>
  <string name="login_money_lover">เข้าสู่ระบบด้วยบัญชี Money Lover</string>
  <string name="login_title">Login</string>
  <string name="register_title">ลงทะเบียน</string>
  <string name="register_register">ลงทะเบียน</string>
  <string name="cashbook_earning">รายได้</string>
  <string name="cashbook_spending">ค่าใช้จ่าย</string>
  <string name="cashbook_all_transactions">ธุรกรรมทั้งหมด</string>
  <string name="cashbook_delete_transaction_message">คุณต้องการลบธุรกรรมนี้หรือไม่ ?</string>
  <string name="cashbook_left">คงเหลือ %1$s</string>
  <string name="cashbook_no_data_guide">แตะปุ่ม %1$s ด้านล่างเพื่อเพิ่มรายการใหม่</string>
  <string name="cashbook_no_data_swipe_down">รูดลงและ</string>
  <string name="cashbook_no_data_faq_tip">ใช้ยากเกินไปหรอ? กด %1$s เพื่อขอการสนับสนุน</string>
  <string name="cashbook_no_data_earning">ไม่มีรายได้</string>
  <string name="cashbook_no_data_spending">ไม่มีการใช้จ่าย</string>
  <string name="cashbook_no_data">ไม่มีธุรกรรม</string>
  <string name="cashbook_selected_account_not_existed">บัญชีที่เลือกไม่มีอยู่ คุณต้องทำการเลือกบัญชีพื้นฐาน.</string>
  <string name="cashbook_contentdescription_help_support">ความช่วยเหลือและการสนับสนุน</string>
  <string name="cashbook_contentdescription_select_time_range_to_view">เลือกโหมดมุมมอง</string>
  <string name="cashbook_contentdescription_delete_transaction">ลบธุรกรรม</string>
  <string name="cashbook_contentdescription_sort_transaction">เรียงลำดับธุรกรรม</string>
  <string name="cashbook_contentdescription_search_transaction">ค้นหาธุรกรรม</string>
  <string name="cashbook_contentdescription_viewmode_transaction">ดูจากธุรกรรม</string>
  <string name="cashbook_contentdescription_viewmode_category">ดูตามประเภท</string>
  <string name="cashbook_contentdescription_transfer_money">การโอนเงิน</string>
  <string name="with_person">มี %1$s</string>
  <string name="with_two_person">กับ %1$s และ %2$s</string>
  <string name="with_many_person">กับ  %1$s &amp; %2$s คนอื่น ๆ</string>
  <string name="press_back_one_more_time_to_exit">กดปุ่มกลับอีกครั้งเพื่อออกจากโปรแกรม</string>
  <string name="paid">คืนเงิน</string>
  <string name="cashbook_cashback_info">ไปยัง %1$s</string>
  <string name="add_transaction_amount_friendly_title">เท่าไหร่?</string>
  <string name="add_transaction_title_add">เพิ่มรายการ</string>
  <string name="add_transaction_title_edit">แก้ไขรายการ</string>
  <string name="add_transaction_title_view">รายละเอียดธุรกรรม</string>
  <string name="add_transaction_note_title_normal">จดบันทึก</string>
  <string name="add_transaction_note_hint">ว่างเปล่า</string>
  <string name="add_transaction_cancel_adding">คุณต้องการยกเลิกรายการนี้หรือไม่</string>
  <string name="add_transaction_discard_edit">คุณต้องการยกเลิกการเปลี่ยนแปลงธุรกรรมนี้หรือไม่</string>
  <string name="add_transaction_account_alert_currency_change">สกุลเงินของจำนวนเงินที่นำเข้าจะมีการเปลี่ยนแปลงจาก %1$s ไปยัง %2$s คุณยังคงต้องการที่จะดำเนินการหรือไม่?</string>
  <string name="add_transaction_account_alert_currency_change_start">สกุลเงินของจำนวนเงินที่นำเข้าจะมีการเปลี่ยนแปลง</string>
  <string name="add_transaction_account_alert_currency_change_middle">ถึง</string>
  <string name="add_transaction_account_alert_currency_change_end">คุณยังต้องการที่จะดำเนินการหรือไม่?</string>
  <string name="add_transaction_add_success">เพิ่มรายการสำเร็จ!</string>
  <string name="add_transaction_category_hint">เลือกหนึ่งรายการ</string>
  <string name="add_transaction_with_title">กับใคร ?</string>
  <string name="add_transaction_with_hint">e.g. Jon Snow, Arya Stark…</string>
  <string name="add_transaction_reminder_empty">ไม่ต้องแจ้งเตือน</string>
  <string name="add_transaction_subtransaction_title">คืนเงิน</string>
  <string name="add_transaction_timecreated_title">วันที่</string>
  <string name="add_transaction_reminder_title">ช่วยเตือนความจำ</string>
  <string name="add_transaction_error_amount">คุณต้องกรอกยอดเงินในช่องว่าง</string>
  <string name="add_transaction_error_category">\"You must select category of spending/earning
\"</string>
  <string name="debtor">ลูกหนี้</string>
  <string name="lender">เจ้าหนี้</string>
  <string name="for_reason">สำหรับ %1$s</string>
  <string name="someone">บางคน</string>
  <string name="someone_hint">บางคน</string>
  <string name="add_transaction_note_spend_from_saving">Spent from saving plan %1$s</string>
  <string name="add_transaction_no_category_found">ไม่พบรายการที่ตรงกัน</string>
  <string name="warning_big_amount_message">ปริมาณการทำธุรกรรมนี้ดูเหมือนว่ามีขนาดใหญ่เกินไป คุณแน่ใจหรือว่ามันถูกต้องหรือไม่</string>
  <string name="warning_big_amount_dont_show_again">อย่าแสดงอีกครั้ง</string>
  <string name="im_wrong">ฉันผิด</string>
  <string name="add_note">เขียนหมายเหตุ</string>
  <string name="set_reminder_remove_reminder">ปิดการใช้งาน</string>
  <string name="convert_currency_title_dialog">ใส่สกุลเงินอื่นๆ</string>
  <string name="convert_currency_message_convert_complete">เปลี่ยนแปลงเป็น</string>
  <string name="convert_currency_message_convert_error">การเปลี่ยนเกินข้อผิดพลาด</string>
  <string name="convert_currency_message_converting">กำลังเปลี่ยนแปลง..</string>
  <string name="edit_transaction_confirm_change_category_for_debtloan">คุณต้องการเปลี่ยนประเภทแน่ใจหรือไม่  ประวัติทั้งหมดของธุรกรรมมันจะถูกลบออก</string>
  <string name="edit_transaction_mark_remove">จะถูกลบออก</string>
  <string name="edit_transaction_mark_remove_message">ธุรกรรมย่อยทั้งหมดของรายการนี้ จะถูกลบออก</string>
  <string name="delete_sub_transaction">ลบรายการนี้</string>
  <string name="sub_transaction_title">ประวัติคืนเงิน</string>
  <string name="quick_add_transaction_dialog_title">ธุรกรรมใหม่</string>
  <string name="quick_add_notification_ticker">พร้อมที่จะเพิ่มการทำธุรกรรมใหม่</string>
  <string name="quick_add_transaction_title">เพิ่ม %1$s</string>
  <string name="quick_add_transaction_notification_text">แตะเพื่อไปยังบัญชี</string>
  <string name="add_account_title_add">เพิ่มบัญชี</string>
  <string name="add_account_title_edit">แก้ไขบัญชี</string>
  <string name="add_account_name_title">ชื่อ</string>
  <string name="add_account_currency_title">สกุลเงิน</string>
  <string name="add_account_start_balance_title">ยอดเงินเริ่มต้น</string>
  <string name="add_account_error_accountname_exists">มีชื่อบัญชีนี้อยู่ก่อนแล้ว.</string>
  <string name="add_account_error_accountname_length_invalid">ชื่อบัญชีต้องมีความยาวตั้งแต่ %1$s ถึง %2$s ตัวอักษร</string>
  <string name="add_account_discard_changed">คุณต้องการยกเลิกการเปลี่ยนแปลงทั้งหมดของบัญชีนี้หรือไม่?</string>
  <string name="add_account_note_for_initial_balance">ยอดเงินเริ่มต้น</string>
  <string name="add_account_shortcut_title">เพิ่มทางลัดหน้าจอ</string>
  <string name="add_account_shortcut_success">สร้างทางลัดเรียบร้อยแล้ว</string>
  <string name="account_manager_title">จัดการบัญชี</string>
  <string name="account_manager_confirm_delete_account">คุณต้องการลบบัญชี %1$s หรือไม่?</string>
  <string name="time_picker_dialog_title">เลือกเวลา</string>
  <string name="navigation_cashbook">Transactions</string>
  <string name="navigation_budget">งบประมาณ</string>
  <string name="navigation_campaign">เงินออม</string>
  <string name="navigation_event">กิจกรรม</string>
  <string name="navigation_category_manager">หมวดหมู่</string>
  <string name="navigation_statistic">สถิติ</string>
  <string name="navigation_settings">ตั้งค่า</string>
  <string name="navigation_feedback">ความคิดเห็น</string>
  <string name="navigation_debt_manager">หนี้สิน</string>
  <string name="navigation_tools">เครื่องมือ</string>
  <string name="navigation_about">เกี่ยวกับ</string>
  <string name="navigation_sync">ซิงค์</string>
  <string name="navigation_logout">ออกจากระบบ</string>
  <string name="navigation_login">ใช้ระบบ Cloud</string>
  <string name="navigation_database">ฐานข้อมูล</string>
  <string name="navigation_copyright">© 2013 Zoo Studio. สงวนลิขสิทธิ์ทั้งหมด.</string>
  <string name="tools_interest_rate">อัตราดอกเบี้ย</string>
  <string name="tools_export_csv">ส่งออกไปยัง CSV</string>
  <string name="tools_export_excel">ส่งออก Excel</string>
  <string name="tools_tip_calculator">คำแนะนำการใช้เครื่องคิดเลข</string>
  <string name="tools_find_atm">ค้นหา ATM</string>
  <string name="tools_find_bank">ค้นหาธนาคาร</string>
  <string name="tools_install_app">ติดตั้งเครื่องมือ</string>
  <string name="tools_install_app_message">คุณต้องการติดตั้งแอพพลิเคชั่น &lt;b&gt;%1$s&lt;/b&gt; จาก Google Play Store หรือไม่?</string>
  <string name="statistic_monthly_report">รายงานประจำเดือน</string>
  <string name="bank_finder">ค้นหาธนาคาร</string>
  <string name="bank_finder_hint">e.g. HSBC, Standard Chartered…</string>
  <string name="bank_finder_input_bank_name">ใส่ชื่อธนาคาร</string>
  <string name="open_file">เปิดไฟล์</string>
  <string name="export_fail">ขออภัย การส่งออกพบข้อผิดพลาด และไม่สามารถดำเนินการต่อไป</string>
  <string name="export_success">การส่งออกประสบความสำเร็จ</string>
  <string name="select_account">เลือกบัญชี</string>
  <string name="export_csv">ส่งออกไปยัง CSV</string>
  <string name="export_excel">ส่งออก EXCEL</string>
  <string name="attach_to_email">แนบไปกับอีเมล์</string>
  <string name="delimiter">ตัวคั่น</string>
  <string name="atm_finder">ค้นหา ATM</string>
  <string name="change">เปลี่ยน</string>
  <string name="send_mail">ส่งเมล์</string>
  <string name="contact_me">ติดต่อเรา</string>
  <string name="about_thanks">&lt;b&gt;Special thanks to&lt;/b&gt;&lt;br /&gt;
        Andreas Krings, Jake Wharton, Jeremy Feinstein, Roman Nurik, Simon Vig Therkildsen, Soarcn, Tjerk
        Wolterink for their awesome libraries.&lt;br /&gt;
        Brankic1979 and Nick Frost for their beautiful icon packs.&lt;br /&gt;
        And all our volunteers who help us on translating Money Lover to many other languages.</string>
  <string name="about_developed">by ZooStudio</string>
  <string name="about_view_profile_facebook">เยี่ยมชมโปรไฟล์ของเรา</string>
  <string name="budget_overspent">ติดลบ</string>
  <string name="budget_finished">เสร็จเรียบร้อย</string>
  <string name="budget_spent">ใช้จ่าย</string>
  <string name="budget_all_category">หมวดหมู่ทั้งหมด</string>
  <string name="create_budget_title_add">เพิ่มงบประมาณ</string>
  <string name="create_budget_title_edit">แก้ไขงบประมาณ</string>
  <string name="create_budget_create_for">เพิ่มสำหรับ</string>
  <string name="create_budget_time_range">ระยะเวลา</string>
  <string name="budget_detail_delete_confirm_message">คุณต้องการลบงบประมาณนี้หรือไม่</string>
  <string name="create_budget_message_select_day_error">วันที่สิ้นสุดต้องอยู่หลังวันที่เริ่มต้น</string>
  <string name="create_budget_message_duplicate_DB">Budget for this time was created, do you want to override old one?</string>
  <string name="create_budget_message_warning_enter_amount">จำนวนงบประมาณน้อยกว่า 0!</string>
  <string name="create_budget_message_error_category">คุณต้องเลือกประเภท</string>
  <string name="create_budget_message_error_time">คุณต้องเลือกเวลาสำหรับงบประมาณ</string>
  <string name="budget_overview_monthly">วางแผนงบประมาณรายเดือน</string>
  <string name="budget_overview_custom">แผนงบประมาณที่กำหนดเอง</string>
  <string name="budget_overview_no_data_guide">แตะปุ่ม %1$s ด้านบนเพื่อเพิ่มรายการใหม่</string>
  <string name="budget_detail_category">งบประมาณ %1$s</string>
  <string name="budget_detail_account_detail_emptyview_message">แตะเพื่อเพิ่มงบประมาณ</string>
  <string name="budget_detail_list_transactions_title">รายการธุรกรรม</string>
  <string name="clear_template">ล้างรูปแบบ</string>
  <string name="budget_template">รูปแบบ</string>
  <string name="dialog_enter_amount_title">กรอกจำนวนเงิน</string>
  <string name="security_pin_title_create">ตั้งรหัสผ่าน</string>
  <string name="security_pin_title_confirm">ยืนยันรหัสผ่าน</string>
  <string name="security_pin_title_open">กรอกรหัสผ่าน</string>
  <string name="security_pin_message_remove">การปิดใช้งานโหมดความปลอดภัยของรหัสผ่าน</string>
  <string name="security_pin_title_wrong_password">รหัสผ่านไม่ถูกต้อง!</string>
  <string name="security_pin_message_try_again">ลองอีกครั้ง</string>
  <string name="is_latest_version">เวอร์ชันปัจจุบันเป็นรุ่นล่าสุด</string>
  <string name="update">ปรับปรุง</string>
  <string name="has_new_version">มีเวอร์ชันใหม่ออกมาแล้ว, โปรดอัพเดทในทันที! </string>
  <string name="no_internet">ไม่มีการเชื่อมต่ออินเทอร์เน็ต โปรดลองอีกครั้ง!</string>
  <string name="check_update">ตรวจสอบการปรับปรุง</string>
  <string name="thanks_feedback">ขอบคุณสำหรับคำติชมของคุณ</string>
  <string name="add_sub_transaction_input_more_than_left">\"Inputed amount is bigger than unpaid
        amount
\"</string>
  <string name="warning">คำเตือน</string>
  <string name="process">กำลังประมวลผล…</string>
  <string name="error_no_google_map">กรุณาติดตั้ง Google Maps เพื่อใช้ฟังก์ชันนี้</string>
  <string name="set">ตั้ง</string>
  <string name="category_manager_title">ผู้จัดการหมวดหมู่</string>
  <string name="category_manager_notice_cannot_edit_default_category">ไม่สามารถแก้ไขหมวดหมู่พื้นฐานได้</string>
  <string name="category_manager_confirm_delete_category">คุณต้องการลบหมวดหมู่ %1$s หรือไม่? ธุรกรรมทั้งหมดในหมวดหมู่นี้จะถูกลบไปพร้อมกัน</string>
  <string name="category_manager_delete_success_message">หมวดหมู่ %1$s ถูกลบไปแล้ว</string>
  <string name="create_category_title">หมวดหมู่ใหม่</string>
  <string name="edit_category_title">แก้ไขหมวดหมู่</string>
  <string name="create_category_name_title">ชื่อ</string>
  <string name="create_category_select_icon_title">ไอคอน</string>
  <string name="create_category_default_parent_category">ฉันเป็นผู้ปกครอง</string>
  <string name="create_category_parent_category">ประเภทหลัก</string>
  <string name="create_category_hint_name_review">ชื่อประเภท</string>
  <string name="create_category_message_duplicate_DB">ประเภทนี้มีอยู่</string>
  <string name="create_category_select_type_error">คุณต้องเลือกชนิดของประเภท</string>
  <string name="create_category_input_name_error">ให้ใส่ชื่อหมวดหมู่ของคุณ</string>
  <string name="create_category_select_icon_error">อย่าลืมเลือกไอคอนสำหรับประเภท</string>
  <string name="select_parent_category_title">เลือกประเภทหลัก</string>
  <string name="message_transfer_successful">โอนย้ายเสร็จเรียบร้อย</string>
  <string name="title_dialog_transfer">จาก %1$s</string>
  <string name="back">ย้อนกลับ</string>
  <string name="message_currency_error">คุณต้องการจะแปลงจาก %1$s เป็น %2$s หรือไม่?</string>
  <string name="note_income_transfer">ได้รับจาก %1$s</string>
  <string name="message_amount_zero">จำนวนการโอนต้องมากกว่า 0</string>
  <string name="default_note_transfer">โอนไปที่ %1$s</string>
  <string name="monthly_report_start_balance">ยอดคงเหลือเริ่มต้น</string>
  <string name="monthly_report_this_month_balance">รายได้สุทธิ</string>
  <string name="monthly_report_end_balance">สิ้นสุดยอดคงเหลือ</string>
  <string name="monthly_report_compare_to_previous_month">เปรียบเทียบรายเดือน</string>
  <string name="monthly_report_largest_expense">ค่าใช้จ่ายที่ใหญ่ที่สุด</string>
  <string name="monthly_report_expense_by_category">ค่าใช้จ่ายตามประเภท</string>
  <string name="monthly_report_nodata">ไม่รายงานสำหรับเดือนนี้</string>
  <string name="monthly_report_nodata_guide">รายงานประจำเดือนจะถูกแสดงโดยอัตโนมัติหลังจากเริ่มต้นเดือนใหม่</string>
  <string name="search_result">ผลการค้นหา</string>
  <string name="type">ใช้ไปกับ...</string>
  <string name="with">กับ</string>
  <string name="select_time">เลือกเวลา</string>
  <string name="notification_center_message_empty_notification">ไม่มีการแจ้งเตือน</string>
  <string name="notification_center_title">ศูนย์แจ้งเตือน</string>
  <string name="notification_center_delete_read_notifications">ลบข้อความที่อ่าน</string>
  <string name="notification_center_mark_all_as_read">ทำเครื่องหมายอ่านแล้วทั้งหมด</string>
  <string name="debt_manager_title">รายการหนี้สิน</string>
  <string name="debt_wallet">ค้างชำระเจ้าหนี้</string>
  <string name="loan_wallet">เรียกเก็บลูกหนี้</string>
  <string name="now">ยังไม่ได้คืน</string>
  <string name="past">ยังไม่ได้รับคืน</string>
  <string name="note_transaction_saving">Withdraw from saving %1$s</string>
  <string name="saving_overview_title">เงินออม</string>
  <string name="saving_overview_deposit">รายรับ</string>
  <string name="saving_overview_need">ความต้องการ</string>
  <string name="saving_overview_spend">ใช้จ่าย</string>
  <string name="saving_overview_withdraw">รายจ่าย</string>
  <string name="saving_deposit">Deposit to saving plan %1$s</string>
  <string name="saving_withdraw_default_note">Withdraw from saving plan %1$s</string>
  <string name="saving_overview_no_data_guide">แตะปุ่ม %1$s เพื่อสร้างรายการเงินออมใหม่</string>
  <string name="saving_menu_deposit">รายรับ</string>
  <string name="saving_menu_withdraw">รายจ่าย</string>
  <string name="saving_menu_spendon">Spend on</string>
  <string name="saving_add_title">เพิ่มเงินออม</string>
  <string name="saving_edit_title">แก้ไขบันทึก</string>
  <string name="saving_add_name_title">ชื่อ</string>
  <string name="saving_add_start_amount">ยอดเงินเริ่มต้น</string>
  <string name="saving_add_success">Created new saving campaign</string>
  <string name="saving_add_error_goal_amount">คุณต้องป้อนยอดเงินเป้าหมาย</string>
  <string name="saving_add_error_name">You must input name saving campaign!</string>
  <string name="saving_add_error_icon">คุณต้องเลือกไอคอน</string>
  <string name="saving_add_cancel_adding">คุณต้องการยกเลิกการบันทึกนี้หรือไม่</string>
  <string name="saving_add_discard_edit">คุณต้องการยกเลิกการเปลี่ยนแปลงบันทึกนี้หรือไม่</string>
  <string name="dialog_select_event_remove">ลบกิจกรรม</string>
  <string name="event_add_title">เพิ่มกิจกรรม</string>
  <string name="event_edit_title">แก้ไขกิจกรรม</string>
  <string name="event_input_name_error">ชื่อเหตุการณ์ไม่สามารถเว้นว่างไว้ได้</string>
  <string name="event_select_icon_error">อย่าลืมไอคอนสำหรับกิจกรรม</string>
  <string name="event_overview_view_transactions">การจัดการ</string>
  <string name="event_overview_deposit">รายรับ</string>
  <string name="event_overview_withdraw">รายจ่าย</string>
  <string name="event_overview_deposited">ฝาก</string>
  <string name="event_overview_finish">เสร็จสิ้น</string>
  <string name="event_overview_no_data_guide">แตะปุ่ม %1$s เพื่อเพิ่มกิจกรรมใหม่</string>
  <string name="event_menu_mark_as_finished">ทำเครื่องหมายเสร็จสิ้นแล้ว</string>
  <string name="event_menu_mark_as_unfinish">ทำเครื่องหมายว่ายังไม่เสร็จ</string>
  <string name="interest_rate_title">อัตราดอกเบี้ย</string>
  <string name="interest_rate">อัตราดอกเบี้ย</string>
  <string name="time_from">ในช่วงเวลาที่</string>
  <string name="select_type_interest">ประเภทของดอกเบี้ย</string>
  <string name="date_to_invalid">Date to must after date from </string>
  <string name="amount_empty">โปรดใส่ค่าจำนวน</string>
  <string name="time_mode_interest">โหมดตั้งเวลา</string>
  <string name="rate_empty">กรุณาใส่ค่าอัตรา</string>
  <string name="time_empty">กรุณาเลือกช่วงเวลา</string>
  <string name="interest">ดอกเบี้ย</string>
  <string name="number_of_period">จำนวนของรอบระยะเวลา</string>
  <string name="total_amount">ยอดรวม</string>
  <string name="interest_result">ผลลัพธ์</string>
  <string name="total_people">มี %d คน</string>
  <string name="percent_tip">คำแนะนำ %1$s%%</string>
  <string name="total_pay">ค่าใช้จ่ายทั้งหมด</string>
  <string name="total_tip">คำแนะนำทั้งหมด</string>
  <string name="total_tip_person">Total tip person</string>
  <string name="total_per_person">ยอดรวมต่อคน</string>
  <string name="note_it">กระดาษโน๊ต</string>
  <string name="no_tip">ไม่แนะนำ</string>
  <string name="more_people">จำนวนผู้คน</string>
  <string name="more_tip">คำแนะนำเปอร์เซ็นต์</string>
  <string name="calculate">คำนวณ</string>
  <string name="change_review">%1$s%% is better, &lt;b&gt;change?&lt;/b&gt;</string>
  <string name="empty_amount">จำนวนเงินที่ว่างเปล่า</string>
  <string name="inapp_purchase">ตัวเลือกของพรีเมี่ยม</string>
  <string name="message_purchase_error">เกิดข้อผิดพลาดในการสั่งซื้อ</string>
  <string name="message_purchase_success">ซื้อเรียบร้อยแล้ว เริ่มการทำงานของแอพลิเคชันเพื่อใช้การเปลี่ยนแปลง</string>
  <string name="purchase_bought">ซื้อเดี๋ยวนี้</string>
  <string name="reset_app_to_change">เริ่มการทำงานของแอพลิเคชันเพื่อใช้การเปลี่ยนแปลง</string>
  <string name="purchase_buy_all_title">เปลี่ยนไปใช้ระดับพรีเมี่ยม</string>
  <string name="purchase_buy_all_text">เพิ่มบัญชี แผนงบประมาณ แผนการออม แผนเหตุการณ์ให้มากกว่า 1 บัญชี อีกทั้งยังไม่มีโฆษณาอีกด้วย!

\"Have more than one wallet, budget plan, saving plan, event plan.
No more advertisement!\"</string>
  <string name="purchase_buy_ads_title">ลบโฆษณา</string>
  <string name="purchase_buy_ads_text">Enjoy the basic Money Lover with no more advertisement!</string>
  <string name="purchase_input_premium_code_text">หากคุณมีรหัสใบอนุญาต</string>
  <string name="purchase_notice_buy_features">เวอร์ชันฟรีสามารถเพิ่มงบประมาณหนึ่ง บันทึกหนึ่ง หนึ่งเหตุการณ์เท่านั้น และไม่สามารถใช้คุณลักษณะทั้งหมด โปรดไปยังพรีเมี่ยมเพื่อสร้างงบประมาณไม่จำกัด ประหยัด เหตุการณ์ และเข้าถึงคุณลักษณะทั้งหมด</string>
  <string name="premium_code">นำเข้ารหัสลิขสิทธิ์</string>
  <string name="license_code_not_correct">รหัสใบอนุญาตไม่ถูกต้อง</string>
  <string name="license_code_success">รหัสลิขสิทธิ์ถูกต้อง คุณกำลังจะสามารถเข้าถึงคุณลักษณะทั้งหมดใน %1$s</string>
  <string name="widget_select_account_empty">คุณจำเป็นต้องมีบัญชีก่อนที่จะสร้างเครื่องมือ</string>
  <string name="widget_simple_light_name">Simple widget light</string>
  <string name="widget_select_account_title">เลือกบัญชี</string>
  <string name="ail_message_empty_image">ไม่มีรูปภาพ</string>
  <string name="ail_guide_1">You take a photo about something</string>
  <string name="ail_guide_2">So you can add transaction for it later</string>
  <string name="migrate_dialog_message">Money Lover กำลังจะถ่ายโอนข้อมูลของคุณจากเวอร์ชันเก่าไปใหม่ คุณต้องดำเนินต่อหรือไม่</string>
  <string name="migrate_dialog_notice">การแจ้งเตือน</string>
  <string name="migrate_dialog_disabled_function">ในเวอร์ชั่น การเรียกเก็บเงินถูกปิดใช้งานชั่วคราวแม้ว่าข้อมูลการเรียกเก็บเงินของคุณจะยังคงถูกโอน</string>
  <string name="migrate_dialog_cancel_message">ถ้าคุณเปลี่ยนใจในภายหลัง คุณยังสามารถเลือกย้ายใน %1$s. แต่ข้อมูลใหม่ทั้งหมดจากนี้ไปก็จะสูญเสียอย่างถาวร</string>
  <string name="migrate_processing_transfer_currencies">สกุลเงินที่โอน</string>
  <string name="migrate_processing_transfer_accounts">การถ่ายโอนและการแปลงบัญชีเก่าลงในบัญชี</string>
  <string name="migrate_processing_transfer_master_categories">Tranferring master categories</string>
  <string name="migrate_processing_transfer_categories">Tranferring categories</string>
  <string name="migrate_processing_transfer_transactions">Tranferring transactions</string>
  <string name="migrate_processing_transfer_tagged_people">Transferring tagged people</string>
  <string name="migrate_processing_transfer_sub_transactions">โอนย้ายธุรกรรมย่อย</string>
  <string name="migrate_processing_transfer_interests">ถ่ายโอนดอกเบี้ย</string>
  <string name="migrate_processing_transfer_bills">โอนย้ายรายการ</string>
  <string name="migrate_processing_transfer_budgets">โอนย้ายงบประมาณ</string>
  <string name="migrate_processing_transfer_campaigns">Transferring campaigns</string>
  <string name="restore_title">คืนค่าข้อมูล</string>
  <string name="restore_message_successful">นำเข้าเรียบร้อยแล้ว</string>
  <string name="restore_message_error">เกิดข้อผิดพลาดขณะนำเข้าข้อมูล</string>
  <string name="restore_loading_file_from_dropbox">กำลังโหลดไฟล์จาก Dropbox…</string>
  <string name="restore_connect_dropbox">เชื่อมต่อกับ Dropbox</string>
  <string name="restore_message">เลือกหนึ่งในไฟล์ด้านล่างเพื่อเรียกคืนข้อมูล</string>
  <string name="restore_message_edit">เลือกแฟ้มที่จะลบ</string>
  <string name="restore_empty_file">ไม่พบไฟล์</string>
  <string name="restore_disconnect_dropbox">ยกเลิกเชื่อมต่อ Dropbox</string>
  <string name="restore_disconnect_dropbox_confirm">คุณการต้องยกเลิก Dropbox หรือไม่</string>
  <string name="backup_title">สำรองข้อมูล</string>
  <string name="backup_file_name">สำรองไฟล์</string>
  <string name="backup_notice_about_file_ext">From this version, we use the new file extension &lt;b&gt;.mlx&lt;/b&gt; , but you still can import both .money and .mlx file into %1$s</string>
  <string name="backup_success_message">สำรองข้อมูลเรียบร้อยแล้ว</string>
  <string name="backup_fail_message">การสำรองข้อมูลล้มเหลว</string>
  <string name="navigation_group_support">สนับสนุน</string>
  <string name="navigation_group_setting">การตั้งค่า</string>
  <string name="navigation_group_plans">การวางแผน</string>
  <string name="navigation_group_others">อื่นๆ</string>
  <string name="navigation_group_tools">เครื่องมือ</string>
  <string name="widget_account_was_deleted">บัญชีถูกลบ</string>
  <string name="tools_install_go_to_playstore">ไปที่ร้านค้า</string>
  <string name="tools_shopping_lover_intro">แอพลิเคชันถูกสร้างขึ้นในพฤติกรรมของ มันเพิ่มประสิทธิภาพและความเร็วของประสบการณ์ของศูนย์การค้า และยัง ป้องกันความผิดพลาดใด ๆ ไม่จำเป็น</string>
  <string name="tools_exchanger_intro">Exchanger is a simple way to convert currency in mobile.&lt;br /&gt;
		- Nice design with flat design&lt;br /&gt;
		- 100+ world currencies&lt;br /&gt;
		- Convert multi-currencies in one time&lt;br /&gt;
		- Offline mode (do not need network).</string>
  <string name="rate_app_dont_show_again">ไม่ต้องแสดงการแจ้งเตือนอัตราแอพพลิเคชั่นอีก</string>
  <string name="rate_app_dont_show_again_short">อย่าแสดงอีกครั้ง</string>
  <string name="rate_app_config_title">การตั้งค่าอัตราแอพพลิเคชั่น</string>
  <string name="delete">ลบ</string>
  <string name="restore_delete_message">คุณต้องการลบแฟ้มเหล่านี้อย่างถาวรหรือไม่</string>
  <string name="restore_message_confirm">คุณต้องคืนค่าข้อมูลจากแฟ้ม %1$s หรือไม่ ข้อมูลปัจจุบันทั้งหมดของคุณจะถูกลบ</string>
  <string name="restore_autobackup_fail">สำรองข้อมูลอัตโนมัติล้มเหลว คืนค่าไม่สามารถดำเนินการได้</string>
  <string name="deleting">กำลังลบ...</string>
  <string name="purchase_error_unknown">ข้อผิดพลาดที่ไม่รู้จักได้ปรากฏตัวขึ้น</string>
  <string name="purchase_please_wait_until_data_is_loaded">โปรดรอสักครู่จนกว่าข้อมูลจะโหลด</string>
  <string name="announce_update_lost_data_message">&lt;p&gt; เรากำลังปรับรุ่น Money Loverเข้าไปในเวอร์ชันใหม่และย้ายข้อมูลของคุณจากเก่าไปใหม่ ในระหว่างกระบวนการคุณอาจพบการสูญเสียข้อมูลบางส่วนของบางครั้งโชคไม่ดีที่ทั้งหมดของพวกเขา  &lt;/p&gt;&lt;p&gt;&lt;b&gt; เทคนิคข้อมูลของคุณยังคงมีในขณะที่เราจะไม่ลบพวกเขาหากกระบวนการโยกย้ายที่ผิดไป. &lt;/b&gt;&lt;/p&gt;&lt;p&gt; หากคุณพบว่า ตัวเองตกอยู่ในสถานการณ์นี้โปรดติดต่อเราและเราจะช่วยให้คุณค้นหาข้อมูลของคุณกลับ. &lt;/p&gt;</string>
  <string name="announce_update_lost_data_message_title">เกี่ยวกับการสูญเสียข้อมูลหลังการปรับปรุง</string>
  <string name="cannot_find_my_language">ภาษาเพิ่มเติม</string>
  <string name="feedback_language_text">สวัสดี \n ต้องการที่จะแปลภาษาต่อไปนี้: \n</string>
  <string name="feedback_language_subject">[LANG] ความคิดเห็นสำหรับภาษา</string>
  <string name="message_more_languages">We\'re working on translating new version of Money Lover into other languages but this process can take a while, so we really need help from our users to speed it up.</string>
  <string name="message_more_languages_help">โปรดช่วยเราถ้าคุณสามารถแปลจากภาษาอังกฤษเป็นภาษาอื่น ๆ คุณสามารถติดต่อเราเพื่อสอบถามรายละเอียดเพิ่มเติม</string>
  <string name="languagehelp_ok">ใช่ ฉันจะช่วย</string>
  <string name="languagehelp_cancel">ไม่, :( เอาไว้ทีหลัง</string>
  <string name="languagehelp_title">ช่วยเราแปลภาษา</string>
  <string name="changes_log_title">รายละเอียดการอัพเดท</string>
  <string name="restore_menu_show_auto_backup">แสดงแฟ้มที่สำรองข้อมูลอัตโนมัติ</string>
  <string name="restore_menu_hide_auto_backup">ซ่อนแฟ้มสำรองข้อมูลอัตโนมัติ</string>
  <string name="restore_menu_edit">เลือกแฟ้ม</string>
  <string name="title_view_web">Web Display</string>
  <string name="title_notification_web">การเชื่อมต่อเว็บของลูกค้า</string>
  <string name="turn_on_web">เปิดเซิร์ฟเวอร์</string>
  <string name="turn_off_web">ปิดเซิร์ฟเวอร์</string>
  <string name="tab_to_turn_off_web">แตะเพื่อปิดเว็บ</string>
  <string name="budget_detail_error_budget_not_exists">ไม่มีงบประมาณนี้</string>
  <string name="new_expense_category">ประเภทรายจ่ายใหม่</string>
  <string name="new_income_category">ประเภทรายรับใหม่</string>
  <string name="turn_on_wifi">เปิด wifi ก่อน</string>
  <string name="server_off">เซิร์ฟเวอร์ปิด</string>
  <string name="access_link">%1$s</string>
  <string name="previous_web">ก่อนหน้านี้</string>
  <string name="next_web">ถัดไป</string>
  <string name="webdisplay_status_title">สถานะ</string>
  <string name="webdisplay_menu_help">วิธีใช้</string>
  <string name="webdisplay_menu_advance">ตัวเลือกขั้นสูง</string>
  <string name="add_web">เพิ่ม</string>
  <string name="cashback_loan_info">จาก %1$s</string>
  <string name="webdisplay_turning_on">กำลังเปิด…</string>
  <string name="webdisplay_turned_on">ปิดการใช้งาน</string>
  <string name="webdisplay_turning_off">กำลังปิดการใช้งาน…</string>
  <string name="webdisplay_turned_off">เปิดการใช้งาน</string>
  <string name="set_as_start_date">ตั้งเป็นวันที่เริ่มต้น</string>
  <string name="set_as_end_date">ตั้งเป็นวันที่สิ้นสุด</string>
  <string name="webdisplay_warning_port_over">พอร์ตต้องมีช่วงจาก %1$s ไปยัง %2$s</string>
  <string name="webdisplay_warning_port_web">พอร์ตนี้ซ้ำกับ %1$s</string>
  <string name="webdisplay_will_change_port">พอร์ตจะมีการเปลี่ยนแปลงหลังจากที่เปิดให้บริการอีกครั้ง</string>
  <string name="webdisplay_open_web_browser">เปิดที่อยู่นี้ในเว็บเบราเซอร์</string>
  <string name="webdisplay_warning_port_exist">พอร์ตนี้ถูกใช้โดยบริการอื่นๆ กรุณาเลือกพอร์ตอื่น</string>
  <string name="webdisplay_change_port">เปลี่ยนพอร์ต</string>
  <string name="webdisplay_web_actions">การดำเนินการ</string>
  <string name="webdisplay_web_feedback_support">ข้อเสนอแนะ  \u0026 สนับสนุน</string>
  <string name="webdisplay_web_add_more">เพิ่มมากขึ้น</string>
  <string name="reset_data_message">คุณต้องการที่จะตั้งค่าข้อมูลทั้งหมดหรือไม่ ข้อมูลทั้งหมดไม่ว่าจะเป็นบัญชี, รายการงบประมาณออมทรัพย์หรือเหตุการณ์ที่เกิดขึ้นจะถูกลบออก การดำเนินการนี้ไม่สามารถยกเลิกได้.</string>
  <string name="upload_to_dropbox_success">อัปโหลดไปยัง DropBox</string>
  <string name="message_large_spend_amount">ระบุยอดเงินต้องน้อยกว่ายอดเงินปัจจุบันที่บันทึกไว้</string>
  <string name="message_error_select_parent_cate">ไม่สามารถเลือกตัวเองเป็นผู้ปกครอง</string>
  <string name="translated_by">แปลโดย %1$s</string>
  <string name="add_transaction_with_suggestion">You can add people who is not in contact by adding a comma ( , ) after their name.</string>
  <string name="msg_add_transaction_first">คุณต้องการเพิ่มการทำธุรกรรมครั้งแรกในตอนนี้หรือไม่?</string>
  <string name="global">Global</string>
  <string name="notification_bank_sms_title">Your %1$s wallet change %2$s</string>
  <string name="custom_range_cashbook">กำหนดเอง</string>
  <string name="navigation_travel_mode">โหมดการเดินทาง</string>
  <string name="select_event_title">เลือกเหตุการณ์</string>
  <string name="travel_mode_description">In travel mode, you can select a running event to be auto selected each time you create a transaction.</string>
  <string name="travel_mode_activated_message">Travel mode is on. Happy travelling!</string>
  <string name="travel_mode_turn_off_message">คุณต้องการปิดโหมดท่องเที่ยวหรือไม่?</string>
  <string name="travel_mode_quick_add_notification">Add to event %1$s</string>
  <string name="travel_mode_turned_off_message">โหมดการเดินทางถูกปิด</string>
  <string name="purchase_description">Each purchase is valid for only 100 years.</string>
  <string name="backup_select_one">เลือกหนึ่งรายการ</string>
  <string name="repeat_transaction_mode_month_same_days">on %1$s each month</string>
  <string name="repeat_transaction_mode_month_this_day">on every %1$s %2$s of month</string>
  <string name="repeat_transaction_times_duration_for_a_number_of_event_shorted">สำหรับ</string>
  <string name="repeat_transaction_manager">Recurring Transactions</string>
  <string name="recent_transaction_no_transactions">No recent transactions</string>
  <string name="repeat_transaction_next_repeat">ทำซ้ำต่อไป</string>
  <string name="repeat_transaction_need_specify_repeat">You need to specify repeat options</string>
  <string name="recent_transaction_dialog_list_title">ธุรกรรมล่าสุด</string>
  <string name="repeat_transaction_message_confirm_delete_template">คุณต้องการลบรูปแบบนี้ใช้หรือไม่?</string>
  <string name="repeat_transaction_no_template">There is no repeat templates</string>
  <string name="repeat_transaction_no_repeat">ไม่ทำซ้ำ</string>
  <string name="repeat_transaction_next_repeat_at">Next repeat at %1$s</string>
  <string name="share_need_to_download_before_sharing">This file will be downloaded from DropBox before being shared</string>
  <string name="repeat_transaction_add_template">Add recurring transaction</string>
  <string name="repeat_transaction_edit_template">Edit recurring transaction</string>
  <string name="recent_transaction_show_when_add_transaction">แสดงกล่องโต้ตอบนี้โดยอัตโนมัติเมื่อเพิ่มธุรกรรม</string>
  <string name="message_login_now">After enter promotion code, you could create an Money Lover account to link your account with your Premium status. If you have another device, login Money Lover with your account so Premium status in that device will be automatically activated.</string>
  <string name="recent_transaction_dialog_description">You can import transaction data from these previous ones</string>
  <string name="repeat_transaction_every">Every</string>
  <string name="repeat_transaction_from">จาก</string>
  <string name="repeat_transaction_at">ที่</string>
  <string name="repeat_transaction_times">times</string>
  <string name="event_delete_message">Do you want to delete this event?</string>
  <string name="saving_delete_message">Do you want to delete this saving?</string>
  <string name="budget_delete_message">Do you want to delete this budget?</string>
  <string name="transaction_detail_cashback_left">Left</string>
  <string name="transaction_detail_cashback_paid">Paid</string>
  <string name="add_account_error_message_no_currency">กรุณาเลือกสกุลเงินสำหรับบัญชีของคุณ</string>
  <string name="store_download_fail">Can not download icon at this moment</string>
  <string name="dialog_turn_on_location_service">คุณต้องการเปิดบริการระบุตำแหน่งหรือไม่?</string>
  <string name="set_icon_default_tab">ค่าเริ่มต้น</string>
  <string name="set_icon_tab_sdcard">ดาวน์โหลดแล้ว</string>
  <string name="set_icon_more_tab">ไอคอนเพิ่มเติม</string>
  <string name="store_preview_icon">แสดงตัวอย่าง</string>
  <string name="store_buy_icon">ซื้อ</string>
  <string name="store_icon_title">ร้านไอคอน</string>
  <string name="store_purchase_preview">แสดงตัวอย่าง</string>
  <string name="download">ดาวน์โหลด</string>
  <string name="do_not_show_again">ไม่ต้อง แสดงอีกในภายหลัง</string>
  <string name="new_icon_packs_are_available">Two new icon packs are available for using for category, event and saving. You can create a new category to see them right now!</string>
  <string name="dialog_share_account">แบ่งปันบัญชีด้วย</string>
  <string name="share_account_success">แบ่งปันบัญชีสำเร็จ</string>
  <string name="dialog_sharing_account">กำลังแบ่งปัน…</string>
  <string name="email_address_invalid">ที่อยู่อีเมล์ไม่ถูกต้อง</string>
  <string name="set_location_get_address_error">ไม่สามารถโหลดในขณะนี้ กรุณาลองใหม่อีกครั้ง!</string>
  <string name="cashbook_balance">Balance</string>
  <string name="statistic_trends">สถิติ</string>
  <string name="sync_transferring_data">Transferring data</string>
  <string name="sync_running">การซิงค์อยู่ในระหว่างดำเนินการ…</string>
  <string name="trend_criteria_collapsed_time">จาก &lt;b&gt;%1$s&lt;/b&gt; to &lt;b&gt;%2$s&lt;/b&gt;</string>
  <string name="transaction_detail_set_location">สถานที่</string>
  <string name="transaction_detail_can_not_download_image">ไม่สามารถดาวน์โหลดภาพได้ในขณะนี้ กรุณาลองอีกครั้ง.</string>
  <string name="user_unauthenticated">คุณต้องเข้าสู่ระบบก่อน</string>
  <string name="share_account_error">การแบ่งปันบัญชีล้มเหลว</string>
  <string name="beta">Beta</string>
  <string name="sync_error">การซิงค์ล้มเหลว</string>
  <string name="sync_notification_ticker_text">กำลังซิงค์ข้อมูลจากเซิร์ฟเวอร์</string>
  <string name="sync_notification_content_title">ซิงค์ Money Lover</string>
  <string name="login_success">เข้าสู่ระบบสำเร็จ!</string>
  <string name="login_forgot_password">ลืมรหัสผ่าน?</string>
  <string name="register_show_password">แสดงรหัสผ่าน</string>
  <string name="sync_done">การซิงค์ได้ดำเนินการเรียบร้อยแล้ว</string>
  <string name="login_fail">Invalid email/password combination. Please try again.</string>
  <string name="connecting">กำลังเชื่อมต่อ…</string>
  <string name="sync_account">ซิงค์บัญชี</string>
  <string name="message_sync_transfer_data">คุณต้องการถ่ายโอนข้อมูลหรือไม่?</string>
  <string name="sync_dialog_transfer_title">ถ่ายโอนข้อมูล</string>
  <string name="sync_running_cannot_add_item">กระบวนการซิงค์กำลังทำงานอยู่ กรุณารอสักครู่</string>
  <string name="sync_last_sync">ซิงค์ล่าสุด: %1$s</string>
  <string name="sync_sync_first_time">แตะ เพื่อซิงค์ครั้งแรก</string>
  <string name="icon_xmas_notification_title">Merry Xmas กับชุดไอคอนใหม่!</string>
  <string name="icon_xmas_notification_content">วันหยุดกำลังจะมาถึง: ตกแต่ง Money Lover ของคุณด้วยชุดไอคอน Christmas ได้แล้ววันนี้ ฟรี!</string>
  <string name="store_icon_re_download">ดาวน์โหลดอีกครั้ง</string>
  <string name="store_icon_free">ฟรี</string>
  <string name="store_icon_list_empty">ไม่มีชุดไอคอน</string>
  <string name="store_icon_canceled_message">การดาวน์โหลดชุดไอคอน %1$s ถูกยกเลิก</string>
  <string name="store_icon_download_finished_message">ชุดไอคอน %1$s ถูกดาวน์โหลด คุณสามารถใช้ไอคอนใหม่เหล่านั้นสร้างหมวดหมู่หรือบันทึกเหตุการณ์.</string>
  <string name="transaction_detail_show_advanced">Add more detail</string>
  <string name="refresh">รีเฟรช</string>
  <string name="navigation_store">Money Lover สโตร์</string>
  <string name="create_category_select_parent_error">Can not choose this category as parent</string>
  <string name="sync_error_timeout">server is maintained</string>
  <string name="sync_error_server_busy">Server is busy</string>
  <string name="sync_register_success">Register successfully</string>
  <string name="transaction_detail_warning_time_not_in_range">This date is not in budget %1$s\' time range (%2$s)</string>
  <string name="notification_message_remind_transaction">You set a notification for a transaction %1$s: %2$s. Tap to view its detail.</string>
  <string name="location_add_new_address">Add %1$s as a place</string>
  <string name="category_none_name">No categories</string>
  <string name="saving_add_startamount_over">Start amount can not large than goal amount</string>
  <string name="share_account_permission">Set this person as OWNER so they can view, add, edit, delete all kind of data in this wallet</string>
  <string name="error_can_not_load_wallet">Can not load wallet or the selected wallet was deleted. Please try again or open application not from shortcut.</string>
  <string name="select_category_tap_to_create_one">Tap to create one</string>
  <string name="error_can_not_change_wallet_transaction_debt_loan">Can not change wallet for debt, loan transaction</string>
  <string name="quick_add_manager_title">Show on status bar</string>
  <string name="account_manager_create_shortcut">Create shortcut</string>
  <string name="budget_no_data">No budgets</string>
  <string name="event_no_data">No events</string>
  <string name="saving_no_data">No savings</string>
  <string name="notification_center_no_data">No notifications</string>
  <string name="recurring_transaction_no_data">No recurring transactions</string>
  <string name="notification_like_fan_page_title">Like us on Facebook</string>
  <string name="notification_like_fan_page_text">keep in touch with us for updates, tips and occasional free stuff</string>
  <string name="share_account_email_target">Email which you want to share with</string>
  <string name="share_account_email_error">This string is not a valid email address</string>
  <string name="monthly_report_other_categories">Other categories</string>
  <string name="transfer_wallet_unknown_error_message">Can not transfer between wallets at this moment, please try again. If you still see this message next time, please contact us so we can help to fix this problem.</string>
  <string name="forgot_password_error_wrong_email">This email is not registered with us, please try again.</string>
  <string name="forgot_pass_success">Please check your email account for further instructions.</string>
  <string name="register_error_email_exists">This email is unavailable. Please choose another one.</string>
  <string name="promote_event_expire">This event is already finished</string>
  <string name="promote_event_error_wrong_code">Invalid promote code. Please try again.</string>
  <string name="register_error_server">Our server encountered an weird error and we\'ve been noticed. Please take a cup of coffee why we\'re fixing it.</string>
  <string name="register_error_entered_info_not_enough">Please fill all information to continue</string>
  <string name="purchase_post_facebook_success">Thanks for sharing</string>
  <string name="promote_event_input_successfully">Promote code is valid. Now you can use all features as a Premium user! Thank you for using %1$s</string>
  <string name="promote_event_share_facebook">Share on Facebook</string>
  <string name="promote_event_login_description">TIP: Register a %1$s account to link your Premium status with that account, so next time you login to %1$s, you will have your Premium status back.</string>
  <string name="promote_event_share_facebook_description">It would be cool to share this code to your friends! Don\'t worry, it won\'t affect your Premium status.</string>
  <string name="notification_center_message_already_logged_in">You\'ve already logged in.</string>
  <string name="congratulation">Congratulation!</string>
  <string name="cashbook_pull_to_add_transaction">Pull to add transaction</string>
  <string name="cashbook_release_to_add_transaction">Release to add transaction</string>
  <string-array name="cashbook_set_timerange_items">
    <item>วัน</item>
    <item>สัปดาห์</item>
    <item>เดือน</item>
    <item>ไตรมาส</item>
    <item>ปี</item>
    <item>ทั้งหมด</item>
    <item>กำหนดเอง</item>
  </string-array>
  <string-array name="delimiters">
    <item>เครื่องหมายอัฒภาค (;)</item>
    <item>เครื่องหมายจุลภาค (,)</item>
    <item>แท็บ</item>
  </string-array>
  <string-array name="create_budget_array_time_range">
    <item>เดือนนี้</item>
    <item>ไตรมาสนี้</item>
    <item>ปีนี้</item>
    <item>เดือนถัดไป</item>
    <item>ไตรมาสถัดไป</item>
    <item>ปีถัดไป</item>
    <item>ช่วงที่กำหนดเอง</item>
  </string-array>
  <string-array name="budget_overview_titles">
    <item>กำลังทำงานอยู่</item>
    <item>เสร็จเรียบร้อย</item>
  </string-array>
  <string-array name="category_manager_edit_cate_menu">
    <item>@string/edit</item>
    <item>@string/delete</item>
  </string-array>
  <string-array name="debt_overview_titles">
    <item>กระเป๋าสตางค์หนี้</item>
    <item>กระเป๋าสตางค์เงินกู้</item>
  </string-array>
  <string-array name="campaign_overview_titles">
    <item>กำลังทำงานอยู่</item>
    <item>เสร็จเรียบร้อย</item>
  </string-array>
  <string-array name="arrays_time_mode">
    <item>รายสัปดาห์</item>
    <item>ทุก 14 วัน</item>
    <item>รายเดือน</item>
    <item>ทุก 3 เดือน</item>
    <item>ทุก 6 เดือน</item>
    <item>ประจำปี</item>
  </string-array>
  <string-array name="arrays_type">
    <item>ดอกเบี้ยที่เรียบง่าย</item>
    <item>ดอกเบี้ยทบต้น</item>
  </string-array>
  <string-array name="repeat_transaction_time_mode">
    <item>ทำซ้ำทุกวัน</item>
    <item>ทำซ้ำทุกสัปดาห์</item>
    <item>ทำซ้ำทุกเดือน</item>
    <item>ทำซ้ำประจำปี</item>
  </string-array>
  <string-array name="backup_list_file_backup_select_item">
    <item>@string/restore_title</item>
    <item>@string/backup_share</item>
  </string-array>
  <string-array name="repeat_transaction_mode_month_week">
    <item>first</item>
    <item>second</item>
    <item>third</item>
    <item>fourth</item>
    <item>fifth</item>
    <item>sixth</item>
  </string-array>
  <string-array name="repeat_transaction_times_duration">
    <item>ตลอดไป</item>
    <item>Until</item>
    <item>For a number of events</item>
  </string-array>
  <string-array name="trend_type">
    <item>@string/expense</item>
    <item>@string/income</item>
    <item>รายได้สุทธิ</item>
  </string-array>
  <string-array name="trend_criteria">
    <item>ล่วงเวลา</item>
    <item>แบ่งตามประเภท</item>
  </string-array>
  <plurals name="cashbook_transaction_count">
    <item quantity="other">ธุรกรรม %d</item>
  </plurals>
  <plurals name="budget_days_left">
    <item quantity="other">เหลือเวลา %d วัน</item>
  </plurals>
  <plurals name="ail_view_photo_title">
    <item quantity="other">%1$s ภาพที่เหลือ</item>
  </plurals>
  <plurals name="editbar_selected_count">
    <item quantity="other">%d รายการที่เลือก</item>
  </plurals>
</resources>
