<?xml version="1.0" encoding="utf-8"?>
<!--Generated by crowdin.net-->
<resources>
  <string name="notification_message_take_photo_title">แตะเพื่อเพิ่มการทำธุรกรรม &lt;b&gt; เพิ่มมันหลัง &lt;b&gt; ภายถ่าย</string>
  <string name="notification_message_daily_alarm_title">แตะเพื่อเพิ่มการทำธุรกรรมสำหรับ &lt;b&gt;%1$s&lt;/b&gt;</string>
  <string name="notification_message_monthly_remind">ดูรายงานประจำเดือนสำหรับ &lt;b&gt;%1$s&lt;/b&gt;</string>
  <string name="notification_message_no_expense_today">ไม่มีการใช้จ่ายในวันนี้เลยหรอ? เข้ามาบันทึกหน่อยสิ ^.^</string>
  <string name="notification_message_remind_debt">คุณยังเป็นหนี้ &lt;b&gt;%1$s&lt;/b&gt; %2$s,  ต้องการปรับปรุงตอนนี้หรือไม่?</string>
  <string name="notification_message_remind_loan">&lt;b&gt;%1$s&lt;/b&gt;  คุณยังคงเป็นหนี้ %2$s, ต้องปรับปรุงต้อนนี้หรือไม่?</string>
  <string name="budget_notification_budget_warning_title">งบประมาณถึง %1$s%%</string>
  <string name="budget_notification_budget_warning_category_text">%1$s เหลือใน &lt;b&gt;%2$s&lt;/b&gt;</string>
  <string name="budget_notification_budget_warning_account_text">%1$s เหลือใน &lt;b&gt;%2$s&lt;/b&gt;</string>
  <string name="budget_notification_budget_100percent_category_text">ใน &lt;b&gt;%1$s&lt;/b&gt;</string>
  <string name="budget_notification_budget_100percent_account_text">ใน &lt;b&gt;%1$s&lt;/b&gt;</string>
  <string name="budget_notification_budget_exceeded_title">ติดลบ %1$s</string>
  <string name="budget_notification_budget_exceeded_category_text">ใน &lt;b&gt;%1$s&lt;/b&gt;</string>
  <string name="budget_notification_budget_exceeded_account_text">ใน &lt;b&gt;%1$s&lt;/b&gt;</string>
  <string name="ail_notification_title">แตะเพื่อถ่ายภาพ</string>
  <string name="ail_notification_text">เพื่อให้คุณสามารถเพิ่มการทำธุรกรรมในภายหลัง</string>
  <string name="ail_notification_cancel_message">คุณสามารถแสดงการแจ้งเตือนนี้อีกครั้งในตั้งค่า</string>
  <string name="notification_monthly_alarm_title">แตะเพื่อดูรายงานสำหรับ</string>
  <string name="notification_monthly_alarm_text">%1$s</string>
  <string name="notification_message_auto_backup">เรียกดูไฟล์สำรองข้อมูลจาก &lt;b&gt;%1$s&lt;/b&gt;</string>
  <string name="notification_message_repeat_transaction">ธุรกรรมใหม่ที่ถูกเพิ่มเข้ามาใน &lt;b&gt;%1$s&lt;/b&gt;</string>
</resources>
