<?xml version="1.0" encoding="utf-8"?>
<!--Generated by crowdin.net-->
<resources>
  <string name="notice">שים לב</string>
  <string name="error">שגיאה</string>
  <string name="close">סגור</string>
  <string name="cancel">ביטול</string>
  <string name="save">שמור</string>
  <string name="done">בצע</string>
  <string name="yes">כן</string>
  <string name="submit">Submit</string>
  <string name="sorry">סליחה</string>
  <string name="ok">בסדר</string>
  <string name="search">חיפוש</string>
  <string name="no">לא</string>
  <string name="confirm">אישור</string>
  <string name="today">היום</string>
  <string name="tomorrow">מחר</string>
  <string name="yesterday">אתמול</string>
  <string name="thisweek">השבוע</string>
  <string name="nextweek">שבוע הבא</string>
  <string name="lastweek">שבוע שעבר</string>
  <string name="thismonth">החודש</string>
  <string name="nextmonth">חודש הבא</string>
  <string name="lastmonth">חודש שעבר</string>
  <string name="thisquarter">רבעון זה</string>
  <string name="nextquarter">הרבעון הבא</string>
  <string name="lastquarter">ברבעון האחרון</string>
  <string name="thisyear">השנה</string>
  <string name="nextyear">שנה הבאה</string>
  <string name="lastyear">שנה שעברה</string>
  <string name="quarter_shorten">רבעון</string>
</resources>
