<?xml version="1.0" encoding="utf-8"?>
<!--Generated by crowdin.net-->
<resources>
  <string name="AGO">לפני</string>
  <string name="DAY">יום</string>
  <string name="DAYS">%1$ s ימים</string>
  <string name="HOUR">בערך שעה</string>
  <string name="HOURS">%1$ s שעות</string>
  <string name="MINUTE">בערך דקה</string>
  <string name="MINUTES">%1$ s דקות</string>
  <string name="MONTH"> בערך חודש</string>
  <string name="MONTHS">%1$ s חודשים</string>
  <string name="SECONDS">פחות מדקה</string>
  <string name="SUFFIX_FROM_NOW">מעכשיו</string>
  <string name="YEAR">בערך שנה</string>
  <string name="YEARS">%1$ s שנים</string>
</resources>
