<?xml version="1.0" encoding="utf-8"?>
<!--Generated by crowdin.net-->
<resources>
  <string name="second">秒</string>
  <string name="minute">分鐘</string>
  <plurals name="days_left">
    <item quantity="other">%d days left</item>
  </plurals>
  <plurals name="hour_left">
    <item quantity="other">剩餘 %d 小時</item>
  </plurals>
  <plurals name="minute_left">
    <item quantity="other">剩餘 %d 分鐘</item>
  </plurals>
  <plurals name="second_left">
    <item quantity="other">剩餘 %d 秒</item>
  </plurals>
</resources>
