<?xml version="1.0" encoding="utf-8"?>
<!--Generated by crowdin.net-->
<resources>
  <string name="notice">Notice</string>
  <string name="error">Error</string>
  <string name="close">Close</string>
  <string name="cancel">Cancel</string>
  <string name="save">Save</string>
  <string name="done">Done</string>
  <string name="yes">Yes</string>
  <string name="submit">Submit</string>
  <string name="sorry">Sorry</string>
  <string name="ok">OK</string>
  <string name="search">Search</string>
  <string name="no">No</string>
  <string name="confirm">Confirm</string>
  <string name="today">Today</string>
  <string name="tomorrow">Tomorrow</string>
  <string name="yesterday">Yesterday</string>
  <string name="thisweek">This week</string>
  <string name="nextweek">Next week</string>
  <string name="lastweek">Last week</string>
  <string name="thismonth">This month</string>
  <string name="nextmonth">Next month</string>
  <string name="lastmonth">Last month</string>
  <string name="thisquarter">This quarter</string>
  <string name="nextquarter">Next quarter</string>
  <string name="lastquarter">Last quarter</string>
  <string name="thisyear">This year</string>
  <string name="nextyear">Next year</string>
  <string name="lastyear">Last year</string>
  <string name="quarter_shorten">Q</string>
</resources>
