<?xml version="1.0" encoding="utf-8"?>
<!--Generated by crowdin.net-->
<resources>
  <string name="AGO">ago</string>
  <string name="DAY">a day</string>
  <string name="DAYS">%1$s days</string>
  <string name="HOUR">about an hour</string>
  <string name="HOURS">%1$s hours</string>
  <string name="MINUTE">about a minute</string>
  <string name="MINUTES">%1$s minutes</string>
  <string name="MONTH">about a month</string>
  <string name="MONTHS">%1$s months</string>
  <string name="SECONDS">less than a minute</string>
  <string name="SUFFIX_FROM_NOW">from now</string>
  <string name="YEAR">about a year</string>
  <string name="YEARS">%1$s years</string>
</resources>
