<?xml version="1.0" encoding="utf-8"?>
<!--Generated by crowdin.net-->
<resources>
  <string name="cate_salary">Salary</string>
  <string name="cate_award">Award</string>
  <string name="cate_selling">Selling</string>
  <string name="cate_give">Give</string>
  <string name="cate_interest">Interest Money</string>
  <string name="cate_debt">Debt</string>
  <string name="cate_income_other">Other</string>
  <string name="cate_food">Food &amp; Drink</string>
  <string name="cate_entertainment">Entertainment</string>
  <string name="cate_travel">Travel</string>
  <string name="cate_education">Education</string>
  <string name="cate_transport">Transport</string>
  <string name="cate_friend">Friends &amp; Lover</string>
  <string name="cate_family">Family</string>
  <string name="cate_medical">Medical</string>
  <string name="cate_shopping">Shopping</string>
  <string name="cate_loan">Loan</string>
  <string name="cate_invest">Invest</string>
  <string name="cate_expense_other">Other</string>
</resources>
