<?xml version="1.0" encoding="utf-8"?>
<!--Generated by crowdin.net-->
<resources>
  <string name="wpDifferentCurrency">The accounts you chosed are not the same currency!!! Do you want to exchange the amount = </string>
  <string name="downloading">Downloading</string>
  <string name="duplicate">Duplicate</string>
  <string name="wpeditAmount"> Or you can edit the amount manually.</string>
  <string name="wpEmptyContent">No data to display</string>
  <string name="wpEmptySymbol">: (</string>
  <string name="wpEndDateAfterStartDateError">End date can\'t be before start date.</string>
  <string name="wpEnterName">Your wallet name?</string>
  <string name="wpEnterPass">enter your password</string>
  <string name="exit">Exit</string>
  <string name="wpExpenseColor">Spending Color</string>
  <string name="wpFeedBackSubject">[W] Feedback</string>
  <string name="format">Format</string>
  <string name="For">For</string>
  <string name="wpHeaderColor">Header color</string>
  <string name="wpHelpUsTranslate">Help us translate</string>
  <string name="wpIncomeColor">Income color</string>
  <string name="wpInsertAccountAlert">Please choose account</string>
  <string name="wpInsertAmountAlert">Please enter some money</string>
  <string name="wpInsertCategoryAlert">Please choose a category</string>
  <string name="wpInsertCategoryLength">The length of category name must be greater than 2 and smaller than 30!</string>
  <string name="wpInsertImageAlert">Please choose image icon</string>
  <string name="wpInsertNameAlert">Please enter name</string>
  <string name="wpInsertTimeRangeError">Please choose time range</string>
  <string name="wpInsertTypeAlert">Please choose type of category</string>
  <string name="items">Items</string>
  <string name="wpLiveFolderError">Cannot get Money Lover folder on your SkyDrive. Please try again later.</string>
  <string name="wpLocationServiceWarning">LocationServiceWarning</string>
  <string name="wpLocationService">Location Service</string>
  <string name="wpMessage3">BNS Error: The action is disabled</string>
  <string name="Message2">BNS Error: The maximum number of ScheduledActions of this type have been exist. </string>
  <string name="wpMessage1">Background agents for this application have been disabled by the user.</string>
  <string name="wpMessage">Message</string>
  <string name="monday">Monday</string>
  <string name="month">Month</string>
  <string name="name">Name</string>
  <string name="navigations">Navigations</string>
  <string name="wpDeleteNotify">Do you want to remove all?</string>
  <string name="wpNotify7">[Report]</string>
  <string name="wpNotify6">[Saving]</string>
  <string name="wpNotify5">The budget {0} is over.</string>
  <string name="wpNotify4">Be careful, the budget {0} is almost over.</string>
  <string name="wpNotify3_2">The loan {0} is finished.</string>
  <string name="wpNotify3_1">The debt {0} is finished.</string>
  <string name="wpNotify2">You didn\'t add any transactions today. Add now?</string>
  <string name="wpNotify1">Tips</string>
  <string name="wpNotify0">Welcome to Money Lover on Windows Phone. From today, it will help you plan and track all of your expenses, record everything and generate the report periodly. Have a nice period with its.</string>
  <string name="notifications">Notifications</string>
  <string name="notification">Notification</string>
  <string name="wpNoParent">No parent</string>
  <string name="number">No. </string>
  <string name="other">Other</string>
  <string name="Over">Over</string>
  <string name="wpOverDue">Overdue</string>
  <string name="wpOverAmount">The amount you transfer is bigger than total earning! Do you want to edit again?</string>
  <string name="wpPaidHistory">Paid History</string>
  <string name="parent">Parent</string>
  <string name="wpPasswordProtected">Password protected</string>
  <string name="payment">Payment</string>
  <string name="people">People</string>
  <string name="picture">Picture</string>
  <string name="wpPinToStart">Pin to start</string>
  <string name="place">Place</string>
  <string name="wpPlaceFinder">Place Finder</string>
  <string name="quarter">Quarter</string>
  <string name="reason">Reason</string>
  <string name="reload">Reload</string>
  <string name="wpReminderAddTran">Reminder add transaction</string>
  <string name="wpRestartNotify">You must restart this app to see the changes.</string>
  <string name="wpRestoreMess">Restore database will replace your current database with selected one. All data will be lost. Are you sure you want to restore database?</string>
  <string name="wpRestoreComplete">The restore completed.</string>
  <string name="restore">Restore</string>
  <string name="running">Running</string>
  <string name="wpSamplePlaceSearch">Name some places</string>
  <string name="wpSelectedCategory">Selected category</string>
  <string name="wpSkydriveLogin">Hi there, before continuing please login to your SkyDrive.</string>
  <string name="sort">Sort</string>
  <string name="wpSpendWith">Spend with</string>
  <string name="start_month">First day of month</string>
  <string name="start_week">First day of week</string>
  <string name="sunday">Sunday</string>
  <string name="sure">Sure</string>
  <string name="wpSyncDone">Sync completed.</string>
  <string name="wpThemeManager">Theme manager</string>
  <string name="wpThisMonth">This month</string>
  <string name="wpThisQuarter">This quarter</string>
  <string name="wpThisWeek">This week</string>
  <string name="wpThisYear">This year</string>
  <string name="time_format">Time Format</string>
  <string name="wpTimeRange">Time range</string>
  <string name="title">Title</string>
  <string name="wpToAcount">To account</string>
  <string name="today">Today</string>
  <string name="tomorrow">Tomorrow</string>
  <string name="tranfer">Tranfer</string>
  <string name="wpTranferFail">Please check the information again! The amount you transfer must be more than 0.</string>
  <string name="wpTranferComplete">Transfer complete!</string>
  <string name="wpTransferFrom">Transfer from:</string>
  <string name="wpTransferMoney">Transfer money</string>
  <string name="wpTranferingException">TranferingException</string>
  <string name="wpTransactionInfo">Transaction info</string>
  <string name="tutorial">Tutorial</string>
  <string name="unfinished">Unfinished</string>
  <string name="unit">Unit</string>
  <string name="wpUploadCompleted">Upload completed.</string>
  <string name="uploading">Uploading</string>
  <string name="wpUploadSkydrive">Upload to SkyDrive</string>
  <string name="wpUseCustomColor">Use custom color</string>
  <string name="used">Used</string>
  <string name="wpViewMode">View Mode</string>
  <string name="wpViewOffice">View in Office</string>
  <string name="week">Week</string>
  <string name="wrong">Wrong</string>
  <string name="wpWrongPass">Wrong password.</string>
  <string name="year">Year</string>
  <string name="yesterday">Yesterday</string>
  <string name="wpViewTran">View transaction</string>
  <string name="editDebt">Edit Debt</string>
  <string name="wpTimeAlreadyOver">The time you choose is already over.</string>
  <string name="account_all">All accounts</string>
  <string name="about_msg_wp">Earning money and managing it are not the same! Careless and unbudgeted spending are trouble of families worldwide. Money Lover will help you plan and track all of your expenses, record everything and generate the report periodly. It is not a full-featured accounting tool, but it is useful for simple family/personal financial management.</string>
  <string name="clear">Clear</string>
  <string name="day">Day</string>
  <string name="interest_rate">Rate</string>
  <string name="string_select_all">Select all</string>
  <string name="settings_alarm_group_title">Alarm</string>
  <string name="wpAddAccountFirst">Add a wallet first!</string>
  <string name="wpATM">ATM</string>
  <string name="wpAdd">Add</string>
  <string name="wpBank">Bank</string>
  <string name="wpBackupRestore">Backup &amp; Restore</string>
  <string name="wpBackup">Backup</string>
  <string name="wpCannotEditAccount">Can\'t edit this account.</string>
  <string name="wpCannotEditTransaction">Cannot edit this transaction.</string>
  <string name="wpConfirmBackCategory">We haven\'t saved your category yet, are you sure want to go back?</string>
  <string name="wpConfirmBack">We haven\'t saved your transaction yet, are you sure want to go back?</string>
  <string name="wpConfirmBackBudget">We haven\'t saved your budget yet, are you sure want to go back?</string>
  <string name="wpCustomRange">Custom range</string>
  <string name="wpCustomTimeNullError">The custom time is null. Please choose time range.</string>
  <string name="wpDayLeft">day left</string>
  <string name="wpDaysLeft">days left</string>
  <string name="wpDeleteTransaction">You will lost all data of this transaction. Do you want to continue?</string>
  <string name="wpDeletePin">Do you want to delete pin?</string>
  <string name="wpDeleteBudget">You will lost all data of this budget. Do you want to continue?</string>
  <string name="wpDeleteAcc">You will lost all data of this account. Do you want to continue?</string>
  <string name="wpDeleteCategory">You will lost all data of this category and all transactions in it. Do you want to continue?</string>
  <string name="wpAuto">Auto</string>
  <string name="rate">rate</string>
  <string name="wp_warning_addtran_from_pin_message">Transaction was added successfully. Do you want to return to Wallet screen?</string>
  <string name="navigation_group_policy">Policy</string>
  <string name="wpNotify8">Congratulations, you updated completely. Do you want to know the changes in new version? Please tap to see!</string>
</resources>
