<?xml version="1.0" encoding="utf-8"?>
<!--Generated by crowdin.net-->
<resources>
  <string name="notification_message_take_photo_title">Tap to add transaction from &lt;b&gt;Add-it-later&lt;/b&gt; photo</string>
  <string name="notification_message_daily_alarm_title">Tap to add transaction for &lt;b&gt;%1$s&lt;/b&gt;</string>
  <string name="notification_message_monthly_remind">View monthly report for &lt;b&gt;%1$s&lt;/b&gt;</string>
  <string name="notification_message_no_expense_today">No spending today, update now?</string>
  <string name="notification_message_remind_debt">You still own &lt;b&gt;%1$s&lt;/b&gt; %2$s, update now?</string>
  <string name="notification_message_remind_loan">&lt;b&gt;%1$s&lt;/b&gt; still own you %2$s, update now?</string>
  <string name="budget_notification_budget_warning_title">Budget reached %1$s%%</string>
  <string name="budget_notification_budget_warning_category_text">%1$s left in &lt;b&gt;%2$s&lt;/b&gt;</string>
  <string name="budget_notification_budget_warning_account_text">%1$s left in &lt;b&gt;%2$s&lt;/b&gt;</string>
  <string name="budget_notification_budget_100percent_category_text">in &lt;b&gt;%1$s&lt;/b&gt;</string>
  <string name="budget_notification_budget_100percent_account_text">in &lt;b&gt;%1$s&lt;/b&gt;</string>
  <string name="budget_notification_budget_exceeded_title">Overspent %1$s</string>
  <string name="budget_notification_budget_exceeded_category_text">in &lt;b&gt;%1$s&lt;/b&gt;</string>
  <string name="budget_notification_budget_exceeded_account_text">in &lt;b&gt;%1$s&lt;/b&gt;</string>
  <string name="ail_notification_title">Tap to take photo</string>
  <string name="ail_notification_text">so you can add transaction later</string>
  <string name="ail_notification_cancel_message">You can show this notification again in Settings</string>
  <string name="notification_monthly_alarm_title">Tap to view report for</string>
  <string name="notification_monthly_alarm_text">%1$s</string>
  <string name="notification_message_auto_backup">View file backup from &lt;b&gt;%1$s&lt;/b&gt;</string>
  <string name="notification_message_repeat_transaction">A new transaction was added on &lt;b&gt;%1$s&lt;/b&gt;</string>
</resources>
