<?xml version="1.0" encoding="utf-8"?>
<!--Generated by crowdin.net-->
<resources>
  <string name="second">second</string>
  <string name="minute">minute</string>
  <plurals name="days_left">
    <item quantity="one">%d day left</item>
    <item quantity="few">%d days left</item>
    <item quantity="other">%d days left</item>
  </plurals>
  <plurals name="hour_left">
    <item quantity="one">%d hour left</item>
    <item quantity="few">%d hours left</item>
    <item quantity="other">%d hours left</item>
  </plurals>
  <plurals name="minute_left">
    <item quantity="one">%d minute left</item>
    <item quantity="few">%d minutes left</item>
    <item quantity="other">%d minutes left</item>
  </plurals>
  <plurals name="second_left">
    <item quantity="one">%d second left</item>
    <item quantity="few">%d seconds left</item>
    <item quantity="other">%d seconds left</item>
  </plurals>
</resources>
