<?xml version="1.0" encoding="utf-8"?>
<!--Generated by crowdin.net-->
<resources>
  <string name="notice">Waarschuwing</string>
  <string name="error">Error</string>
  <string name="close">Sluit</string>
  <string name="cancel">Annuleren</string>
  <string name="save">Opslaan</string>
  <string name="done">Klaar</string>
  <string name="yes">Ja</string>
  <string name="submit">Submit</string>
  <string name="sorry">Sorry</string>
  <string name="ok">Ok</string>
  <string name="search">Zoeken</string>
  <string name="no">Nee</string>
  <string name="confirm">Bevestigen</string>
  <string name="today">Vandaag</string>
  <string name="tomorrow">Morgen</string>
  <string name="yesterday">Gisteren</string>
  <string name="thisweek">Deze week</string>
  <string name="nextweek">Volgende week</string>
  <string name="lastweek">Vorige week</string>
  <string name="thismonth">Deze maand</string>
  <string name="nextmonth">Volgende maand</string>
  <string name="lastmonth">Vorige maand</string>
  <string name="thisquarter">Dit kwartaal</string>
  <string name="nextquarter">Volgende kwartaal</string>
  <string name="lastquarter">Afgelopen kwartaal</string>
  <string name="thisyear">Dit jaar</string>
  <string name="nextyear">Volgend jaar</string>
  <string name="lastyear">Afgelopen jaar</string>
  <string name="quarter_shorten">Q</string>
</resources>
