<?xml version="1.0" encoding="utf-8"?>
<!--Generated by crowdin.net-->
<resources>
  <string name="second">seconde</string>
  <string name="minute">minuut</string>
  <plurals name="days_left">
    <item quantity="one">%d dagen resterend</item>
    <item quantity="other">%d dagen resterend</item>
  </plurals>
  <plurals name="hour_left">
    <item quantity="one">%d uur resterend</item>
    <item quantity="other">%d uur resterend</item>
  </plurals>
  <plurals name="minute_left">
    <item quantity="one">%d minuut resterend</item>
    <item quantity="other">%d minuten resterend</item>
  </plurals>
  <plurals name="second_left">
    <item quantity="one">%d seconde resterend</item>
    <item quantity="other">%d seconde resterend</item>
  </plurals>
</resources>
