<?xml version="1.0" encoding="utf-8"?>
<!--Generated by crowdin.net-->
<resources>
  <string name="AGO">geleden</string>
  <string name="DAY">een dag</string>
  <string name="DAYS">%1$s dagen</string>
  <string name="HOUR">ongeveer een uur</string>
  <string name="HOURS">%1$s uur</string>
  <string name="MINUTE">ongeveer een minuut</string>
  <string name="MINUTES">%1$s minuten</string>
  <string name="MONTH">ongeveer een maand</string>
  <string name="MONTHS">%1$s maanden</string>
  <string name="SECONDS">minder dan een minuut</string>
  <string name="SUFFIX_FROM_NOW">vanaf nu</string>
  <string name="YEAR">ongeveer een jaar</string>
  <string name="YEARS">%1$s jaar</string>
</resources>
