<?xml version="1.0" encoding="utf-8"?>
<!--Generated by crowdin.net-->
<resources>
  <string name="account">Portemonnee</string>
  <string name="amount">Bedrag</string>
  <string name="budget">Budget</string>
  <string name="event_title">Gebeurtenis</string>
  <string name="category">Categorie</string>
  <string name="earned_from">Categorie</string>
  <string name="end_date">Einddatum</string>
  <string name="expense">Kosten</string>
  <string name="goto_today">Ga naar vandaag</string>
  <string name="goto_thismonth">Ga naar deze maand</string>
  <string name="income">Inkomen</string>
  <string name="migrate">Migreren</string>
  <string name="select_category">Selecteer categorie</string>
  <string name="spent_on">Besteed aan</string>
  <string name="start_date">Begindatum</string>
  <string name="time">Tijd</string>
  <string name="time_range">%1$s - %2$s</string>
  <string name="loading_more">Meer laden...</string>
  <string name="goal">Doel</string>
  <string name="edit">Bewerken</string>
  <string name="saved">Opgeslagen</string>
  <string name="search_go">Gaan</string>
  <string name="buy_app">Neem Premium</string>
  <string name="undobar_message">%1$s is verwijderd</string>
  <string name="backup_share">Delen</string>
  <string name="version">Versie %1$s</string>
  <string name="loading">Laden...</string>
  <string name="total">Totaal</string>
  <string name="splashscreen_create_account">Eerste portemonnee maken</string>
  <string name="splash_screen_use_cloud">Ga naar de cloud (binnenkort beschikbaar)</string>
  <string name="splash_screen_use_cloud_info">Sync and Share transactions with easy</string>
  <string name="splash_screen_use_right_away">Alleen voor dit apparaat</string>
  <string name="splash_screen_use_right_away_info">Nu!</string>
  <string name="welcome_message_title">Hoe wilt u het gebruiken?</string>
  <string name="welcome_message">U kunt dit op een later moment wijzigen</string>
  <string name="login_hint_email">E-mail</string>
  <string name="login_hint_password">Wachtwoord</string>
  <string name="login_facebook">Login met Facebook</string>
  <string name="login_money_lover">Login met Money Lover account</string>
  <string name="login_title">Login</string>
  <string name="register_title">Registreren</string>
  <string name="register_register">Registreren</string>
  <string name="cashbook_earning">Verdiend</string>
  <string name="cashbook_spending">Uitgaven</string>
  <string name="cashbook_all_transactions">Alle transacties</string>
  <string name="cashbook_delete_transaction_message">Wilt u deze transactie verwijderen?</string>
  <string name="cashbook_left">%1$s links</string>
  <string name="cashbook_no_data_guide">Tap the %1$s button below to add some</string>
  <string name="cashbook_no_data_swipe_down">Sleep omlaag en</string>
  <string name="cashbook_no_data_faq_tip">Te moeilijk? Tik %1$s om gebruikers te vinden</string>
  <string name="cashbook_no_data_earning">Geen winst</string>
  <string name="cashbook_no_data_spending">Geen uitgaven</string>
  <string name="cashbook_no_data">Geen transacties</string>
  <string name="cashbook_selected_account_not_existed">Geselecteerde portemonnee bestaat niet, u zal worden doorgeleid naar de standaard portemonnee.</string>
  <string name="cashbook_contentdescription_help_support">Hulp &amp; ondersteuning</string>
  <string name="cashbook_contentdescription_select_time_range_to_view">Weergavemodus selecteren</string>
  <string name="cashbook_contentdescription_delete_transaction">Verwijder transactie</string>
  <string name="cashbook_contentdescription_sort_transaction">Soort transacties</string>
  <string name="cashbook_contentdescription_search_transaction">Zoek een transactie</string>
  <string name="cashbook_contentdescription_viewmode_transaction">Bekijk per transactie</string>
  <string name="cashbook_contentdescription_viewmode_category">Bekijk per categorie</string>
  <string name="cashbook_contentdescription_transfer_money">Geld overmaken</string>
  <string name="with_person">met %1$s</string>
  <string name="with_two_person">met %1$s &amp; %2$s</string>
  <string name="with_many_person">met %1$s &amp; %2$s andere mensen</string>
  <string name="press_back_one_more_time_to_exit">Druk nogmaals op de knop \"terug\" om af te sluiten</string>
  <string name="paid">Cashback</string>
  <string name="cashbook_cashback_info">naar %1$s</string>
  <string name="add_transaction_amount_friendly_title">Hoeveel?</string>
  <string name="add_transaction_title_add">Transactie toevoegen</string>
  <string name="add_transaction_title_edit">Transactie bewerken</string>
  <string name="add_transaction_title_view">Transactie detail</string>
  <string name="add_transaction_note_title_normal">Opmerking</string>
  <string name="add_transaction_note_hint">Leeg</string>
  <string name="add_transaction_cancel_adding">Wilt u deze transactie verwijderen?</string>
  <string name="add_transaction_discard_edit">Wilt u wijzigingen in deze transactie negeren?</string>
  <string name="add_transaction_account_alert_currency_change">Munteenheid van bedrag zal worden gewijzigd van %1$s in %2$s. Wilt u doorgaan?</string>
  <string name="add_transaction_account_alert_currency_change_start">Munteenheid van bedrag zal worden gewijzigd van</string>
  <string name="add_transaction_account_alert_currency_change_middle">Aan</string>
  <string name="add_transaction_account_alert_currency_change_end">Wilt u nog steeds doorgaan?</string>
  <string name="add_transaction_add_success">Transactie succesvol toegevoegd!</string>
  <string name="add_transaction_category_hint">Maak een keuze</string>
  <string name="add_transaction_with_title">Met?</string>
  <string name="add_transaction_with_hint">bijvoorbeeld Jon Snow, Arya Stark...</string>
  <string name="add_transaction_reminder_empty">Geen herinnering</string>
  <string name="add_transaction_subtransaction_title">Cashback</string>
  <string name="add_transaction_timecreated_title">Datum</string>
  <string name="add_transaction_reminder_title">Herinnering</string>
  <string name="add_transaction_error_amount">U moet het bedrag invullen</string>
  <string name="add_transaction_error_category">U moet een categorie selecteren van uitgaven/inkomsten</string>
  <string name="debtor">Schuldenaar</string>
  <string name="lender">Kredietgever</string>
  <string name="for_reason">Voor %1$s</string>
  <string name="someone">iemand</string>
  <string name="someone_hint">Iemand</string>
  <string name="add_transaction_note_spend_from_saving">Besteed van budgetplan %1$s</string>
  <string name="add_transaction_no_category_found">Geen overeenkomsten</string>
  <string name="warning_big_amount_message">Het bedrag van deze transactie lijkt te groot. Weet u zeker dat het correct is?</string>
  <string name="warning_big_amount_dont_show_again">Niet opnieuw weergeven</string>
  <string name="im_wrong">Ik ben verkeerd</string>
  <string name="add_note">Schrijf opmerking</string>
  <string name="set_reminder_remove_reminder">Uitschakelen</string>
  <string name="convert_currency_title_dialog">Voer andere valuta in</string>
  <string name="convert_currency_message_convert_complete">Converteren naar</string>
  <string name="convert_currency_message_convert_error">Converteer fout</string>
  <string name="convert_currency_message_converting">Converteren...</string>
  <string name="edit_transaction_confirm_change_category_for_debtloan">Weet u zeker dat u deze categorie wilt wijzigen? Alle historische transacties zullen worden verwijderd.</string>
  <string name="edit_transaction_mark_remove">Zal worden verwijderd</string>
  <string name="edit_transaction_mark_remove_message">Alle sub transacties van deze transactie zullen worden verwijderd</string>
  <string name="delete_sub_transaction">Verwijder deze transactie</string>
  <string name="sub_transaction_title">Cashback geschiedenis</string>
  <string name="quick_add_transaction_dialog_title">Nieuwe transactie</string>
  <string name="quick_add_notification_ticker">Klaar om nieuwe transactie toe te voegen</string>
  <string name="quick_add_transaction_title">Toevoegen aan %1$s</string>
  <string name="quick_add_transaction_notification_text">Tik om naar portemonnee te gaan</string>
  <string name="add_account_title_add">Portemonnee toevoegen</string>
  <string name="add_account_title_edit">Portemonnee bewerken</string>
  <string name="add_account_name_title">Naam</string>
  <string name="add_account_currency_title">Valuta</string>
  <string name="add_account_start_balance_title">Begin saldo</string>
  <string name="add_account_error_accountname_exists">Deze portemonnee naam bestaat al.</string>
  <string name="add_account_error_accountname_length_invalid">Portemonnee naam moet tussen de %1$s tot %2$s tekens bevatten.</string>
  <string name="add_account_discard_changed">Wilt u alle aangebrachte wijzigingen aan deze portemonnee negeren?</string>
  <string name="add_account_note_for_initial_balance">Begin saldo</string>
  <string name="add_account_shortcut_title">Startscherm snelkoppeling toevoegen</string>
  <string name="add_account_shortcut_success">Snelkoppeling succesvol toegevoegd</string>
  <string name="account_manager_title">Portemonnee Manager</string>
  <string name="account_manager_confirm_delete_account">Wilt u deze portemonnee verwijderen %1$s?</string>
  <string name="time_picker_dialog_title">Kies tijd</string>
  <string name="navigation_cashbook">Transacties</string>
  <string name="navigation_budget">Budget</string>
  <string name="navigation_campaign">Besparingen</string>
  <string name="navigation_event">Gebeurtenissen</string>
  <string name="navigation_category_manager">Categorieën</string>
  <string name="navigation_statistic">Statistiek</string>
  <string name="navigation_settings">Instellingen</string>
  <string name="navigation_feedback">Feedback</string>
  <string name="navigation_debt_manager">Schulden</string>
  <string name="navigation_tools">Hulpmiddelen</string>
  <string name="navigation_about">Over</string>
  <string name="navigation_sync">Sync</string>
  <string name="navigation_logout">Uitloggen</string>
  <string name="navigation_login">Open Cloud</string>
  <string name="navigation_database">Database</string>
  <string name="navigation_copyright">© 2013 Zoo Studio. Alle rechten voorbehouden.</string>
  <string name="tools_interest_rate">Rente</string>
  <string name="tools_export_csv">CSV export</string>
  <string name="tools_export_excel">Exporteren naar Excel</string>
  <string name="tools_tip_calculator">Tip Calculator</string>
  <string name="tools_find_atm">ATM Finder</string>
  <string name="tools_find_bank">Bank Vinder</string>
  <string name="tools_install_app">Installatie tool</string>
  <string name="tools_install_app_message">Wilt u &lt;b&gt;%1$s&lt;/b&gt; installeren vanaf Google Play?</string>
  <string name="statistic_monthly_report">Maandelijks rapport</string>
  <string name="bank_finder">Bank Vinder</string>
  <string name="bank_finder_hint">bijvoorbeeld HSBC, Standard Chartered...</string>
  <string name="bank_finder_input_bank_name">Voer de naam van bank in</string>
  <string name="open_file">Bestand openen</string>
  <string name="export_fail">Sorry, er is een fout opgetreden in het exportproces en kan niet worden voortgezet.</string>
  <string name="export_success">Exporteren gelukt</string>
  <string name="select_account">Selecteer portemonnee</string>
  <string name="export_csv">Exporteren als CSV</string>
  <string name="export_excel">Exporteren naar Excel</string>
  <string name="attach_to_email">Voeg toe aan e-mail</string>
  <string name="delimiter">Scheidingsteken</string>
  <string name="atm_finder">ATM Finder</string>
  <string name="change">Wijzigen</string>
  <string name="send_mail">Stuur e-mail</string>
  <string name="contact_me">Neem contact op</string>
  <string name="about_thanks">&lt;b&gt;Speciale dank aan&lt;/b&gt;&lt;br /&gt;
        Andreas Krings, Jake Wharton, Jeremy Feinstein, Roman Nurik, Simon Vig Therkildsen, Soarcn, Tjerk
        Wolterink for their awesome libraries.&lt;br /&gt;
        Brankic1979 and Nick Frost for their beautiful icon packs.&lt;br /&gt;
        And all our volunteers who help us on translating Money Lover to many other languages.</string>
  <string name="about_developed">door ZooStudio</string>
  <string name="about_view_profile_facebook">Bezoek ons profiel</string>
  <string name="budget_overspent">Te veel uitgeven</string>
  <string name="budget_finished">Voltooid</string>
  <string name="budget_spent">Besteed</string>
  <string name="budget_all_category">Alle categorieën</string>
  <string name="create_budget_title_add">Budget toevoegen</string>
  <string name="create_budget_title_edit">Budget bewerken</string>
  <string name="create_budget_create_for">Toevoegen voor</string>
  <string name="create_budget_time_range">Tijdsbereik</string>
  <string name="budget_detail_delete_confirm_message">U wilt dit budget verwijderen?</string>
  <string name="create_budget_message_select_day_error">Einddatum moet na begindatum liggen</string>
  <string name="create_budget_message_duplicate_DB">Budget voor voor deze tijd is gemaakt, wilt u het oude overschrijven?</string>
  <string name="create_budget_message_warning_enter_amount">Budgetbedrag minder zijn dan 0!</string>
  <string name="create_budget_message_error_category">U moet een categorie selecteren</string>
  <string name="create_budget_message_error_time">Je moet tijd voor budget selecteren</string>
  <string name="budget_overview_monthly">Maandelijks budgetplan</string>
  <string name="budget_overview_custom">Aangepast budgetplan</string>
  <string name="budget_overview_no_data_guide">Tik op de %1$s knop hierboven om nieuw budgetplan toe te voegen</string>
  <string name="budget_detail_category">%1$s budget</string>
  <string name="budget_detail_account_detail_emptyview_message">Tik om budget toe te voegen</string>
  <string name="budget_detail_list_transactions_title">Lijst van transacties</string>
  <string name="clear_template">Leeg template</string>
  <string name="budget_template">Template</string>
  <string name="dialog_enter_amount_title">Bedrag</string>
  <string name="security_pin_title_create">Wachtwoord instellen</string>
  <string name="security_pin_title_confirm">Bevestig wachtwoord</string>
  <string name="security_pin_title_open">Wachtwoord invoeren</string>
  <string name="security_pin_message_remove">wachtwoord beveiligingsmodus uitschakelen</string>
  <string name="security_pin_title_wrong_password">Onjuist wachtwoord!</string>
  <string name="security_pin_message_try_again">Probeer opnieuw</string>
  <string name="is_latest_version">Huidige versie is up-to-date.</string>
  <string name="update">Updaten</string>
  <string name="has_new_version">Nieuwe versie vrijgegeven, update nu!</string>
  <string name="no_internet">Geen internetverbinding. Probeer het opnieuw!</string>
  <string name="check_update">Update controleren</string>
  <string name="thanks_feedback">Bedankt voor uw feedback.</string>
  <string name="add_sub_transaction_input_more_than_left">Ingevoerde bedrag is groter dan het onbetaalde bedrag</string>
  <string name="warning">Waarschuwing</string>
  <string name="process">wordt verwerkt...</string>
  <string name="error_no_google_map">Installeer Google Maps als u deze functie wilt gebruiken</string>
  <string name="set">Instellen</string>
  <string name="category_manager_title">Categorie Manager</string>
  <string name="category_manager_notice_cannot_edit_default_category">Kan speciale categorie niet bewerken</string>
  <string name="category_manager_confirm_delete_category">Wilt u categorie %1$s verwijderen? Alle transacties in deze categorie zullen ook worden verwijderd.</string>
  <string name="category_manager_delete_success_message">Categorie %1$s is verwijderd</string>
  <string name="create_category_title">Nieuwe categorie</string>
  <string name="edit_category_title">Bewerk categorie</string>
  <string name="create_category_name_title">Naam</string>
  <string name="create_category_select_icon_title">Pictogram</string>
  <string name="create_category_default_parent_category">Ik ben ouder</string>
  <string name="create_category_parent_category">Bovenliggende categorie</string>
  <string name="create_category_hint_name_review">Categorie naam</string>
  <string name="create_category_message_duplicate_DB">Deze categorie heeft bestaan</string>
  <string name="create_category_select_type_error">U moet een categorietype kiezen</string>
  <string name="create_category_input_name_error">Laten we uw categorie naam invoeren</string>
  <string name="create_category_select_icon_error">Vergeet niet een pictogram te kiezen</string>
  <string name="select_parent_category_title">Selecteer bovenliggende categorie</string>
  <string name="message_transfer_successful">Overdracht succesvol!</string>
  <string name="title_dialog_transfer">Van %1$s</string>
  <string name="back">Terug</string>
  <string name="message_currency_error">Wilt u wijzigen van %1$s naar %2$s?</string>
  <string name="note_income_transfer">Ontvangen van %1$s</string>
  <string name="message_amount_zero">Overschrijvingsbedrag moet groter dan 0</string>
  <string name="default_note_transfer">Overgebracht naar %1$s</string>
  <string name="monthly_report_start_balance">Start saldo</string>
  <string name="monthly_report_this_month_balance">Netto-inkomsten</string>
  <string name="monthly_report_end_balance">Einde saldo</string>
  <string name="monthly_report_compare_to_previous_month">Maandelijkse vergelijking</string>
  <string name="monthly_report_largest_expense">Grootste kosten</string>
  <string name="monthly_report_expense_by_category">Kosten per categorie</string>
  <string name="monthly_report_nodata">Geen verslag voor deze maand</string>
  <string name="monthly_report_nodata_guide">Maandelijkse rapporten zullen automatisch worden weergegeven nadat een nieuwe maand is begonnen</string>
  <string name="search_result">Zoekresultaat</string>
  <string name="type">Soort</string>
  <string name="with">Met</string>
  <string name="select_time">Selecteer tijd</string>
  <string name="notification_center_message_empty_notification">Geen notificaties</string>
  <string name="notification_center_title">Notificatie centrum</string>
  <string name="notification_center_delete_read_notifications">Gelezen berichten verwijderen</string>
  <string name="notification_center_mark_all_as_read">Alles als gelezen markeren</string>
  <string name="debt_manager_title">Schulden</string>
  <string name="debt_wallet">Te betalen</string>
  <string name="loan_wallet">Vorderingen</string>
  <string name="now">Onbetaald</string>
  <string name="past">Betaald</string>
  <string name="note_transaction_saving">Intrekken besparing %1$s</string>
  <string name="saving_overview_title">Besparingen</string>
  <string name="saving_overview_deposit">Storting</string>
  <string name="saving_overview_need">Noodzaak</string>
  <string name="saving_overview_spend">Besteden</string>
  <string name="saving_overview_withdraw">Trekken</string>
  <string name="saving_deposit">Storten op plan %1$s opslaan</string>
  <string name="saving_withdraw_default_note">Intrekken van bespaarplan %1$s</string>
  <string name="saving_overview_no_data_guide">Tik op de %1$s knop hierboven om een bespaarplan toe te voegen</string>
  <string name="saving_menu_deposit">Storting</string>
  <string name="saving_menu_withdraw">Trekken</string>
  <string name="saving_menu_spendon">Uitgegeven aan...</string>
  <string name="saving_add_title">Opslaan</string>
  <string name="saving_edit_title">Bewerken</string>
  <string name="saving_add_name_title">Naam</string>
  <string name="saving_add_start_amount">Start bedrag</string>
  <string name="saving_add_success">Nieuw opslaan campagne gemaakt</string>
  <string name="saving_add_error_goal_amount">U moet doel bedrag invoeren!</string>
  <string name="saving_add_error_name">U moet een naam invoeren!</string>
  <string name="saving_add_error_icon">U moet een pictogram kiezen!</string>
  <string name="saving_add_cancel_adding">Wilt u deze besparing ongedaan maken?</string>
  <string name="saving_add_discard_edit">Wilt u wijzigingen in deze besparing negeren?</string>
  <string name="dialog_select_event_remove">Gebeurtenis verwijderen</string>
  <string name="event_add_title">Gebeurtenis toevoegen</string>
  <string name="event_edit_title">Gebeurtenis bewerken</string>
  <string name="event_input_name_error">Voer een naam in</string>
  <string name="event_select_icon_error">Kies een pictogram voor deze gebeurtenis</string>
  <string name="event_overview_view_transactions">Transacties</string>
  <string name="event_overview_deposit">Storting</string>
  <string name="event_overview_withdraw">Trekken</string>
  <string name="event_overview_deposited">Gestort</string>
  <string name="event_overview_finish">Voltooien</string>
  <string name="event_overview_no_data_guide">Tik op de %1$s knop hierboven om een niet gebeurtenis toe te voegen</string>
  <string name="event_menu_mark_as_finished">Markeren als voltooid</string>
  <string name="event_menu_mark_as_unfinish">Markeren als niet voltooid</string>
  <string name="interest_rate_title">Rente</string>
  <string name="interest_rate">Tarief</string>
  <string name="time_from">Periode</string>
  <string name="select_type_interest">Type rente</string>
  <string name="date_to_invalid">Datum moet na de datum van </string>
  <string name="amount_empty">Voer bedrag waarde in</string>
  <string name="time_mode_interest">Tijdweergave</string>
  <string name="rate_empty">Voer tarief waarde in</string>
  <string name="time_empty">Kies tijdwaarde</string>
  <string name="interest">Rentebedrag</string>
  <string name="number_of_period">Aantal perioden</string>
  <string name="total_amount">Totaalbedrag</string>
  <string name="interest_result">Resultaat</string>
  <string name="total_people">met %d mensen</string>
  <string name="percent_tip">fooi %1$s%%</string>
  <string name="total_pay">Totaal te betalen</string>
  <string name="total_tip">Totale fooi</string>
  <string name="total_tip_person">Totale fooi persoon</string>
  <string name="total_per_person">Bedrag per persoon</string>
  <string name="note_it">Noteer het</string>
  <string name="no_tip">Geen fooi</string>
  <string name="more_people">Aantal mensen</string>
  <string name="more_tip">Percentage Fooi</string>
  <string name="calculate">Berekenen</string>
  <string name="change_review">%1$s%% is beter, &lt;b&gt;veranderen?&lt;/b&gt;</string>
  <string name="empty_amount">Bedrag is leeg</string>
  <string name="inapp_purchase">Premium opties</string>
  <string name="message_purchase_error">Aankoopfout</string>
  <string name="message_purchase_success">Koop succesvol. Herstart applicatie om wijzigingen toe te passen.</string>
  <string name="purchase_bought">U kocht dit</string>
  <string name="reset_app_to_change">Herstart applicatie om wijzigingen toe te passen</string>
  <string name="purchase_buy_all_title">Neem Premium</string>
  <string name="purchase_buy_all_text">Heb meer dan één portemonnee, budgetplan, bespaarplan, evenement. \nGeen advertenties meer!</string>
  <string name="purchase_buy_ads_title">Verwijder advertenties</string>
  <string name="purchase_buy_ads_text">Ervaar Money Lover zonder advertenties!</string>
  <string name="purchase_input_premium_code_text">Als u een licentiecode heeft</string>
  <string name="purchase_notice_buy_features">In de gratis versie kunt u slechts 1 budget, bespaarplan en evenement toevoegen. Je kunt niet alle functies gebruiken. Als u alle functies wilt gebruiken koop dan de premium versie.</string>
  <string name="premium_code">Voer licentiecode in</string>
  <string name="license_code_not_correct">Licentiecode is niet correct!</string>
  <string name="license_code_success">Licentiecode is correct. U kunt nu gebruikmaken van alle functies in %1$s</string>
  <string name="widget_select_account_empty">U moet een portemonnee hebben voordat u een widget maakt</string>
  <string name="widget_simple_light_name">Eenvoudige widget licht</string>
  <string name="widget_select_account_title">Selecteer portemonnee</string>
  <string name="ail_message_empty_image">Geen foto\'s over</string>
  <string name="ail_guide_1">Neem een foto van iets</string>
  <string name="ail_guide_2">Zo kunt u de transactie later toevoegen</string>
  <string name="migrate_dialog_message">Money Lover gaat uw gegevens van oude versie overzetten naar de nieuwe. Wilt u doorgaan?</string>
  <string name="migrate_dialog_notice">Waarschuwing</string>
  <string name="migrate_dialog_disabled_function">In deze versie, is de factureringsfunctie tijdelijk uitgeschakeld, hoewel uw factuur gegevens zullen worden overgebracht.</string>
  <string name="migrate_dialog_cancel_message">Als u later van gedachten verandert, u kunt nog migreren in %1$s. Maar al uw nieuwe gegevens zullen verloren gaan.</string>
  <string name="migrate_processing_transfer_currencies">Overdracht van valuta\'s</string>
  <string name="migrate_processing_transfer_accounts">Overdracht en het omzetten van oude accounts in portemonnees</string>
  <string name="migrate_processing_transfer_master_categories">Overdracht van categorieën</string>
  <string name="migrate_processing_transfer_categories">Overdracht van categorieën</string>
  <string name="migrate_processing_transfer_transactions">Overdracht van transacties</string>
  <string name="migrate_processing_transfer_tagged_people">Overbrengen getagde mensen</string>
  <string name="migrate_processing_transfer_sub_transactions">Overdracht sub transacties</string>
  <string name="migrate_processing_transfer_interests">Overdracht van rente</string>
  <string name="migrate_processing_transfer_bills">Overdracht van rekeningen</string>
  <string name="migrate_processing_transfer_budgets">Overdracht van budget</string>
  <string name="migrate_processing_transfer_campaigns">Overdracht van campagnes</string>
  <string name="restore_title">Gegevens terugzetten</string>
  <string name="restore_message_successful">Importeren succesvol!</string>
  <string name="restore_message_error">Een fout er is opgetreden bij het importeren van gegevens</string>
  <string name="restore_loading_file_from_dropbox">Laden bestand van Dropbox...</string>
  <string name="restore_connect_dropbox">Verbinding maken met Dropbox</string>
  <string name="restore_message">Selecteer een bestand hieronder om gegevens van te herstellen</string>
  <string name="restore_message_edit">Selecteer bestand om te verwijderen</string>
  <string name="restore_empty_file">Geen bestanden</string>
  <string name="restore_disconnect_dropbox">Dropbox ontkoppelen</string>
  <string name="restore_disconnect_dropbox_confirm">Wilt u echt Dropbox ontkoppelen?</string>
  <string name="backup_title">Back-up gegevens</string>
  <string name="backup_file_name">Back-up naar bestand</string>
  <string name="backup_notice_about_file_ext">In deze versie gebruiken we de nieuwe bestands extensie &lt;b&gt;.mlx&lt;/b&gt; , maar u kunt nog steeds zowel .money als .ml-bestanden importeren in %1$s</string>
  <string name="backup_success_message">Back-up succesvol</string>
  <string name="backup_fail_message">Back-up mislukt</string>
  <string name="navigation_group_support">Ondersteuning</string>
  <string name="navigation_group_setting">Instelling</string>
  <string name="navigation_group_plans">Planning</string>
  <string name="navigation_group_others">Anderen</string>
  <string name="navigation_group_tools">Hulpmiddelen</string>
  <string name="widget_account_was_deleted">Portemonnee is verwijderd</string>
  <string name="tools_install_go_to_playstore">Ga naar Play Store</string>
  <string name="tools_shopping_lover_intro">Toepassing is gebouwd op de gewoontes van de winkelaar. Het verhoogt de efficiëntie en snelheid van uw winkel ervaring, en verhindert ook eventuele onnodige fouten.</string>
  <string name="tools_exchanger_intro">Exchanger is een eenvoudige manier om valuta te converteren. &lt;br/&gt;
- Mooi design met plat ontwerp &lt;br/&gt;
- 100+  valuta\'s &lt;br/&gt;
- Meerdere valuta\'s in één keer converteren &lt;br/&gt;
- Offline-modus (netwerk niet nodig).</string>
  <string name="rate_app_dont_show_again">Notificaties niet meer weergeven</string>
  <string name="rate_app_dont_show_again_short">Niet opnieuw weergeven</string>
  <string name="rate_app_config_title">Beoordeel app instelling</string>
  <string name="delete">Verwijder</string>
  <string name="restore_delete_message">Wilt u deze bestanden permanent verwijderen?</string>
  <string name="restore_message_confirm">Wilt u gegevens terugzetten vanaf bestand %1$s? Al uw huidige gegevens zullen worden verwijderd!</string>
  <string name="restore_autobackup_fail">Automatische back-up is mislukt. Herstelproces kan niet worden voortgezet.</string>
  <string name="deleting">Verwijderen...</string>
  <string name="purchase_error_unknown">Een onbekende fout is opgetreden.</string>
  <string name="purchase_please_wait_until_data_is_loaded">Wacht tot de gegevens worden geladen.</string>
  <string name="announce_update_lost_data_message">&lt; p &gt; Wij zijn Money Lover aan het upgraden naar een nieuwe versie en migreren uw gegevens van de oude naar de nieuwe. Tijdens het proces kunt u sommige gegevens verliezen, soms, helaas, allemaal. &lt; /p &gt;&lt; p &gt;&lt; b &gt; Technisch, uw gegevens blijven bewaard als het migreren verkeerd gaat. &lt; /b &gt;&lt; /p &gt;&lt; p &gt; als dit u overkomt, gelieve ons te contacteren en wij zullen u helpen uw gegevens terug te vinden. &lt; /p &gt;</string>
  <string name="announce_update_lost_data_message_title">Over gegevensverlies na update</string>
  <string name="cannot_find_my_language">Meer talen?</string>
  <string name="feedback_language_text">Hello,\nI would like to translate the following languages:\n</string>
  <string name="feedback_language_subject">[LANG] FEEDBACK FOR LANGUAGE</string>
  <string name="message_more_languages">We werken aan het vertalen van de nieuwe versie van Money Lover, maar dit proces kan een tijdje duren. We vragen de hulp van onze gebruikers om het te vertalen te versnellen.</string>
  <string name="message_more_languages_help">Help ons als u vanuit het Engels naar het andere talen kunt vertalen. U kan ons contacteren voor meer informatie.</string>
  <string name="languagehelp_ok">Ja, ik zal helpen!</string>
  <string name="languagehelp_cancel">Nee, misschien later :(</string>
  <string name="languagehelp_title">Help vertalen</string>
  <string name="changes_log_title">Changelogs</string>
  <string name="restore_menu_show_auto_backup">Auto back-up bestanden weergeven</string>
  <string name="restore_menu_hide_auto_backup">Auto back-up bestanden verbergen</string>
  <string name="restore_menu_edit">Selecteer bestanden</string>
  <string name="title_view_web">Web Display</string>
  <string name="title_notification_web">Connecting web client</string>
  <string name="turn_on_web">Server inschakelen</string>
  <string name="turn_off_web">Server uitschakelen</string>
  <string name="tab_to_turn_off_web">Tik hier om te web uitschakelen</string>
  <string name="budget_detail_error_budget_not_exists">Dit budget bestaat niet meer</string>
  <string name="new_expense_category">Nieuwe kosten categorie</string>
  <string name="new_income_category">Nieuwe inkomsten categorie</string>
  <string name="turn_on_wifi">Wifi eerst inschakelen</string>
  <string name="server_off">Server uitgeschakeld</string>
  <string name="access_link">%1$s</string>
  <string name="previous_web">Vorige</string>
  <string name="next_web">Volgende</string>
  <string name="webdisplay_status_title">Status</string>
  <string name="webdisplay_menu_help">Help</string>
  <string name="webdisplay_menu_advance">Geavanceerde opties</string>
  <string name="add_web">Toevoegen</string>
  <string name="cashback_loan_info">van %1$s</string>
  <string name="webdisplay_turning_on">Inschakelen...</string>
  <string name="webdisplay_turned_on">Uitschakelen</string>
  <string name="webdisplay_turning_off">Uitschakelen...</string>
  <string name="webdisplay_turned_off">Inschakelen</string>
  <string name="set_as_start_date">Als begindatum instellen</string>
  <string name="set_as_end_date">Als einddatum instellen</string>
  <string name="webdisplay_warning_port_over">Poort moet variëren van %1$s tot %2$s</string>
  <string name="webdisplay_warning_port_web">Deze poort wordt gedupliceerd met %1$s</string>
  <string name="webdisplay_will_change_port">Poort zal worden gewijzigd na het opnieuw inschakelen van de service.</string>
  <string name="webdisplay_open_web_browser">Open dit adres in web browser</string>
  <string name="webdisplay_warning_port_exist">Deze poort is al in gebruik door een andere service. Kies een andere poort.</string>
  <string name="webdisplay_change_port">Poort wijzigen</string>
  <string name="webdisplay_web_actions">Acties</string>
  <string name="webdisplay_web_feedback_support">Feedback \u0026 Support</string>
  <string name="webdisplay_web_add_more">Meer toevoegen</string>
  <string name="reset_data_message">Wilt u alle gegevens opnieuw instellen? Alle gegevens zoals portemonnees, transacties, begrotingen, spaar- of gebeurtenissen zal worden verwijderd. Deze actie kan niet ongedaan worden gemaakt.</string>
  <string name="upload_to_dropbox_success">Geüpload naar DropBox</string>
  <string name="message_large_spend_amount">Ingevoerde bedrag moet kleiner zijn dan de huidige opgeslagen bedrag.</string>
  <string name="message_error_select_parent_cate">Kan zichzelf niet selecteren</string>
  <string name="translated_by">Vertaald door %1$s</string>
  <string name="add_transaction_with_suggestion">U kunt mensen toevoegen die niet in contact staan met een komma ( , ) achter zijn/haar naam.</string>
  <string name="msg_add_transaction_first">Wilt u de allereerste transactie nu toevoegen?</string>
  <string name="global">Globaal</string>
  <string name="notification_bank_sms_title">Uw %1$s portemonnee wijzigen %2$s</string>
  <string name="custom_range_cashbook">Aangepast</string>
  <string name="navigation_travel_mode">Reis modus</string>
  <string name="select_event_title">Selecteer gebeurtenis</string>
  <string name="travel_mode_description">In de reis modus kunt u een lopende gebeurtenis kiezen die automatisch wordt geselecteerd wanneer die u een transactie toevoegt.</string>
  <string name="travel_mode_activated_message">Reis modus is ingeschakeld. Fijne reis!</string>
  <string name="travel_mode_turn_off_message">U wilt reis modus uitschakelen?</string>
  <string name="travel_mode_quick_add_notification">Toevoegen aan gebeurtenis %1$s</string>
  <string name="travel_mode_turned_off_message">Reis modus is uitgeschakeld</string>
  <string name="purchase_description">Elke aankoop is 100 jaar geldig.</string>
  <string name="backup_select_one">Maak een keuze</string>
  <string name="repeat_transaction_mode_month_same_days">op %1$s elke maand</string>
  <string name="repeat_transaction_mode_month_this_day">op elke %1$s %2$s van de maand</string>
  <string name="repeat_transaction_times_duration_for_a_number_of_event_shorted">Voor</string>
  <string name="repeat_transaction_manager">Herhaalde transacties</string>
  <string name="recent_transaction_no_transactions">Geen recente transacties</string>
  <string name="repeat_transaction_next_repeat">Volgende herhalen</string>
  <string name="repeat_transaction_need_specify_repeat">Je moet herhaal opties opgeven</string>
  <string name="recent_transaction_dialog_list_title">Recente transactie</string>
  <string name="repeat_transaction_message_confirm_delete_template">Wilt u deze sjabloon verwijderen?</string>
  <string name="repeat_transaction_no_template">Er is geen herhaal sjabloon</string>
  <string name="repeat_transaction_no_repeat">Geen herhaling</string>
  <string name="repeat_transaction_next_repeat_at">Volgende herhalen op %1$s</string>
  <string name="share_need_to_download_before_sharing">Dit bestand zal worden gedownload van Dropbox voordat het wordt gedeeld</string>
  <string name="repeat_transaction_add_template">Voeg herhaalde transactie toe</string>
  <string name="repeat_transaction_edit_template">Bewerk herhaalde transactie</string>
  <string name="recent_transaction_show_when_add_transaction">Toon dit dialoogvenster automatisch wanneer er een transactie wordt toegevoegd</string>
  <string name="message_login_now">After enter promotion code, you could create an Money Lover account to link your account with your Premium status. If you have another device, login Money Lover with your account so Premium status in that device will be automatically activated.</string>
  <string name="recent_transaction_dialog_description">U kunt transactiegegevens importeren uit deze eerdere</string>
  <string name="repeat_transaction_every">Elke</string>
  <string name="repeat_transaction_from">Van</string>
  <string name="repeat_transaction_at">op</string>
  <string name="repeat_transaction_times">keer</string>
  <string name="event_delete_message">Wilt u deze gebeurtenis verwijderen?</string>
  <string name="saving_delete_message">Wilt u deze besparing verwijderen?</string>
  <string name="budget_delete_message">Wilt u dit budget verwijderen?</string>
  <string name="transaction_detail_cashback_left">Links</string>
  <string name="transaction_detail_cashback_paid">Betaald</string>
  <string name="add_account_error_message_no_currency">Selecteer een valuta voor uw portemonnee</string>
  <string name="store_download_fail">Kan geen iconen downloaden op dit moment</string>
  <string name="dialog_turn_on_location_service">Wilt u de locatie service inschakelen?</string>
  <string name="set_icon_default_tab">Standaard</string>
  <string name="set_icon_tab_sdcard">Gedownload</string>
  <string name="set_icon_more_tab">Meer iconen</string>
  <string name="store_preview_icon">Voorbeeld</string>
  <string name="store_buy_icon">Kopen</string>
  <string name="store_icon_title">Iconen winkel</string>
  <string name="store_purchase_preview">Voorbeeld</string>
  <string name="download">Download</string>
  <string name="do_not_show_again">Niet opnieuw weergeven</string>
  <string name="new_icon_packs_are_available">Twee nieuwe pictogram packs zijn beschikbaar voor het gebruik voor categorie, gebeurtenis en besparing. Maak een nieuwe categorie om ze te zien.</string>
  <string name="dialog_share_account">Deel portemonnee met</string>
  <string name="share_account_success">Delen succesvol</string>
  <string name="dialog_sharing_account">Delen...</string>
  <string name="email_address_invalid">E-mail adres ongeldig</string>
  <string name="set_location_get_address_error">Kan het adres nu niet laden, probeer het later opnieuw!</string>
  <string name="cashbook_balance">Saldo</string>
  <string name="statistic_trends">Trends</string>
  <string name="sync_transferring_data">Gegevensoverdracht</string>
  <string name="sync_running">Sync is in progress…</string>
  <string name="trend_criteria_collapsed_time">Van &lt;b&gt;%1$s&lt;/b&gt; to &lt;b&gt;%2$s&lt;/b&gt;</string>
  <string name="transaction_detail_set_location">Locatie instellen</string>
  <string name="transaction_detail_can_not_download_image">Kan deze afbeelding niet downloaden. Probeer a.u.b. een andere.</string>
  <string name="user_unauthenticated">U moet eerst inloggen</string>
  <string name="share_account_error">Portemonnee delen mislukt</string>
  <string name="beta">Beta</string>
  <string name="sync_error">Synchronisatiefout</string>
  <string name="sync_notification_ticker_text">Synchronisatie van gegevens met de server</string>
  <string name="sync_notification_content_title">Sync Money Lover</string>
  <string name="login_success">Login succesvol!</string>
  <string name="login_forgot_password">Wachtwoord vergeten?</string>
  <string name="register_show_password">Toon wachtwoord</string>
  <string name="sync_done">Synchronisatieproces voltooid</string>
  <string name="login_fail">Invalid email/password combination. Please try again.</string>
  <string name="connecting">Bezig met verbinden...</string>
  <string name="sync_account">Sync portemonnee</string>
  <string name="message_sync_transfer_data">U wilt gegevens overbrengen?</string>
  <string name="sync_dialog_transfer_title">Overdracht van gegevens</string>
  <string name="sync_running_cannot_add_item">Synchronisatieproces wordt uitgevoerd, wacht een moment</string>
  <string name="sync_last_sync">Laatste sync: %1$s</string>
  <string name="sync_sync_first_time">Klik om de eerste keer te synchroniseren</string>
  <string name="icon_xmas_notification_title">Merry Xmas met het nieuwe icon pack!</string>
  <string name="icon_xmas_notification_content">Holiday is coming: Decorate Money Lover with the beautiful Christmas icon pack today! And it’s free!</string>
  <string name="store_icon_re_download">Opnieuw downloaden</string>
  <string name="store_icon_free">Gratis</string>
  <string name="store_icon_list_empty">Geen pictogram pack</string>
  <string name="store_icon_canceled_message">Download voor pictogram pakket %1$s werd geannuleerd</string>
  <string name="store_icon_download_finished_message">Pictogram pakket %1$s is gedownload. U kunt deze nieuwe pictogrammen gebruiken bij het maken van categorie, gebeurtenis of besparing.</string>
  <string name="transaction_detail_show_advanced">Meer info toevoegen</string>
  <string name="refresh">Ververs</string>
  <string name="navigation_store">Money Lover Winkel</string>
  <string name="create_category_select_parent_error">Can not choose this category as parent</string>
  <string name="sync_error_timeout">server is maintained</string>
  <string name="sync_error_server_busy">Server is bezet</string>
  <string name="sync_register_success">Registreren gelukt</string>
  <string name="transaction_detail_warning_time_not_in_range">This date is not in budget %1$s\' time range (%2$s)</string>
  <string name="notification_message_remind_transaction">You set a notification for a transaction %1$s: %2$s. Tap to view its detail.</string>
  <string name="location_add_new_address">Add %1$s as a place</string>
  <string name="category_none_name">Geen categorieën</string>
  <string name="saving_add_startamount_over">Start amount can not large than goal amount</string>
  <string name="share_account_permission">Set this person as OWNER so they can view, add, edit, delete all kind of data in this wallet</string>
  <string name="error_can_not_load_wallet">Can not load wallet or the selected wallet was deleted. Please try again or open application not from shortcut.</string>
  <string name="select_category_tap_to_create_one">Tap to create one</string>
  <string name="error_can_not_change_wallet_transaction_debt_loan">Can not change wallet for debt, loan transaction</string>
  <string name="quick_add_manager_title">Show on status bar</string>
  <string name="account_manager_create_shortcut">Snelkoppeling maken</string>
  <string name="budget_no_data">No budgets</string>
  <string name="event_no_data">Geen evenementen</string>
  <string name="saving_no_data">No savings</string>
  <string name="notification_center_no_data">Geen meldingen</string>
  <string name="recurring_transaction_no_data">Geen herhaalde transacties</string>
  <string name="notification_like_fan_page_title">Like ons op Facebook</string>
  <string name="notification_like_fan_page_text">keep in touch with us for updates, tips and occasional free stuff</string>
  <string name="share_account_email_target">Email which you want to share with</string>
  <string name="share_account_email_error">This string is not a valid email address</string>
  <string name="monthly_report_other_categories">Andere categorieën</string>
  <string name="transfer_wallet_unknown_error_message">Can not transfer between wallets at this moment, please try again. If you still see this message next time, please contact us so we can help to fix this problem.</string>
  <string name="forgot_password_error_wrong_email">This email is not registered with us, please try again.</string>
  <string name="forgot_pass_success">Please check your email account for further instructions.</string>
  <string name="register_error_email_exists">This email is unavailable. Please choose another one.</string>
  <string name="promote_event_expire">This event is already finished</string>
  <string name="promote_event_error_wrong_code">Invalid promote code. Please try again.</string>
  <string name="register_error_server">Our server encountered an weird error and we\'ve been noticed. Please take a cup of coffee why we\'re fixing it.</string>
  <string name="register_error_entered_info_not_enough">Please fill all information to continue</string>
  <string name="purchase_post_facebook_success">Thanks for sharing</string>
  <string name="promote_event_input_successfully">Promote code is valid. Now you can use all features as a Premium user! Thank you for using %1$s</string>
  <string name="promote_event_share_facebook">Share on Facebook</string>
  <string name="promote_event_login_description">TIP: Register a %1$s account to link your Premium status with that account, so next time you login to %1$s, you will have your Premium status back.</string>
  <string name="promote_event_share_facebook_description">It would be cool to share this code to your friends! Don\'t worry, it won\'t affect your Premium status.</string>
  <string name="notification_center_message_already_logged_in">You\'ve already logged in.</string>
  <string name="congratulation">Congratulation!</string>
  <string name="cashbook_pull_to_add_transaction">Pull to add transaction</string>
  <string name="cashbook_release_to_add_transaction">Release to add transaction</string>
  <string-array name="cashbook_set_timerange_items">
    <item>Dag</item>
    <item>Week</item>
    <item>Maand</item>
    <item>Kwartaal</item>
    <item>Jaar</item>
    <item>Alle</item>
    <item>Aangepast</item>
  </string-array>
  <string-array name="delimiters">
    <item>Puntkomma ( ; )</item>
    <item>Komma ( , )</item>
    <item>Tab</item>
  </string-array>
  <string-array name="create_budget_array_time_range">
    <item>Deze maand</item>
    <item>Dit kwartaal</item>
    <item>Dit jaar</item>
    <item>Volgende maand</item>
    <item>Volgende kwartaal</item>
    <item>Volgend jaar</item>
    <item>Aangepast bereik</item>
  </string-array>
  <string-array name="budget_overview_titles">
    <item>Wordt uitgevoerd</item>
    <item>Voltooid</item>
  </string-array>
  <string-array name="category_manager_edit_cate_menu">
    <item>@string/edit</item>
    <item>@string/delete</item>
  </string-array>
  <string-array name="debt_overview_titles">
    <item>@string/debt_wallet</item>
    <item>@string/loan_wallet</item>
  </string-array>
  <string-array name="campaign_overview_titles">
    <item>Wordt uitgevoerd</item>
    <item>Voltooid</item>
  </string-array>
  <string-array name="arrays_time_mode">
    <item>Wekelijks</item>
    <item>Elke 14 dagen</item>
    <item>Maandelijks</item>
    <item>Elke 3 maanden</item>
    <item>Elke 3 maanden</item>
    <item>Jaarlijks</item>
  </string-array>
  <string-array name="arrays_type">
    <item>Enkelvoudige rente</item>
    <item>Samengestelde rente</item>
  </string-array>
  <string-array name="repeat_transaction_time_mode">
    <item>Herhaal dagelijks</item>
    <item>Herhaal wekelijks</item>
    <item>Herhaal maandelijks</item>
    <item>Herhaal jaarlijks</item>
  </string-array>
  <string-array name="backup_list_file_backup_select_item">
    <item>@string/restore_title</item>
    <item>@string/backup_share</item>
  </string-array>
  <string-array name="repeat_transaction_mode_month_week">
    <item>eerste</item>
    <item>tweede</item>
    <item>derde</item>
    <item>vierde</item>
    <item>vijfde</item>
    <item>zesde</item>
  </string-array>
  <string-array name="repeat_transaction_times_duration">
    <item>Voor altijd</item>
    <item>Tot</item>
    <item>Voor een aantal gebeurtenissen</item>
  </string-array>
  <string-array name="trend_type">
    <item>@string/expense</item>
    <item>@string/income</item>
    <item>Netto-inkomsten</item>
  </string-array>
  <string-array name="trend_criteria">
    <item>Overuren</item>
    <item>Per categorie</item>
  </string-array>
  <plurals name="cashbook_transaction_count">
    <item quantity="one">%d transacties</item>
    <item quantity="other">%d transactions</item>
  </plurals>
  <plurals name="budget_days_left">
    <item quantity="one">%d dagen resterend</item>
    <item quantity="other">%d days left</item>
  </plurals>
  <plurals name="ail_view_photo_title">
    <item quantity="one">%1$s foto\'s over</item>
    <item quantity="other">%1$s foto\'s over</item>
  </plurals>
  <plurals name="editbar_selected_count">
    <item quantity="one">%d item geselecteerd</item>
    <item quantity="other">%d items geselecteerd</item>
  </plurals>
</resources>
