<?xml version="1.0" encoding="utf-8"?>
<!--Generated by crowdin.net-->
<resources>
  <string name="notification_message_take_photo_title">Tik op om de transactie uit &lt;b&gt;Later-toevoegen&lt;/b&gt; te verwerken</string>
  <string name="notification_message_daily_alarm_title">Tik om transacties toe te voegen van &lt;b&gt;%1$s&lt;/b&gt;</string>
  <string name="notification_message_monthly_remind">Het maandelijkse rapport weergeven voor &lt;b&gt;%1$s&lt;/b&gt;</string>
  <string name="notification_message_no_expense_today">Geen uitgaven vandaag, nu bijwerken?</string>
  <string name="notification_message_remind_debt">Je bezit nog steeds &lt;b&gt;%1$s&lt;/b&gt;%2$s, update nu?</string>
  <string name="notification_message_remind_loan">&lt;b&gt;%1$s&lt;/b&gt; nog steeds van u %2$s, update nu?</string>
  <string name="budget_notification_budget_warning_title">Budget bereikt %1$s%%</string>
  <string name="budget_notification_budget_warning_category_text">%1$s links in &lt;b&gt;%2$s&lt;/b&gt;</string>
  <string name="budget_notification_budget_warning_account_text">%1$s links in &lt;b&gt;%2$s&lt;/b&gt;</string>
  <string name="budget_notification_budget_100percent_category_text">in &lt;b&gt;%1$s&lt;/b&gt;</string>
  <string name="budget_notification_budget_100percent_account_text">in &lt;b&gt;%1$s&lt;/b&gt;</string>
  <string name="budget_notification_budget_exceeded_title">Te veel uitgegeven %1$s</string>
  <string name="budget_notification_budget_exceeded_category_text">in &lt;b&gt;%1$s&lt;/b&gt;</string>
  <string name="budget_notification_budget_exceeded_account_text">in &lt;b&gt;%1$s&lt;/b&gt;</string>
  <string name="ail_notification_title">Tik om foto te nemen</string>
  <string name="ail_notification_text">Zo kunt u de transactie later toevoegen</string>
  <string name="ail_notification_cancel_message">U kunt deze melding opnieuw weergeven in instellingen</string>
  <string name="notification_monthly_alarm_title">Tik op om verslag te bekijken voor</string>
  <string name="notification_monthly_alarm_text">%1$s</string>
  <string name="notification_message_auto_backup">Bekijk backup bestand van &lt;b&gt;%1$s&lt;/b&gt;</string>
  <string name="notification_message_repeat_transaction">Een nieuwe transactie is op &lt;b&gt;%1$s&lt;/b&gt; toegevoegd</string>
</resources>
