<?xml version="1.0" encoding="utf-8"?>
<!--Generated by crowdin.net-->
<resources>
  <string name="search_over">Over</string>
  <string name="search_under">Onder</string>
  <string name="search_time_over">Na</string>
  <string name="search_time_under">Voor</string>
  <string name="search_between">Tussen</string>
  <string name="search_exact">Exact</string>
  <string name="search_remove">Verwijder</string>
  <string name="search_none">Geen</string>
  <string name="search_all">Alle</string>
  <string name="search_select">Selecteer</string>
  <string name="start">Start</string>
  <string name="end">Einde</string>
  <string name="from">Van</string>
  <string name="to">Aan</string>
  <string-array name="arr_amount">
    <item>@string/search_all</item>
    <item>@string/search_over</item>
    <item>@string/search_under</item>
    <item>@string/search_between</item>
    <item>@string/search_exact</item>
  </string-array>
  <string-array name="arr_type">
    <item>Alle</item>
    <item>Inkomen</item>
    <item>Kosten</item>
  </string-array>
  <string-array name="arr_time">
    <item>@string/search_all</item>
    <item>@string/search_time_over</item>
    <item>@string/search_time_under</item>
    <item>@string/search_between</item>
    <item>@string/search_exact</item>
  </string-array>
</resources>
