<?xml version="1.0" encoding="utf-8"?>
<!--Generated by crowdin.net-->
<resources>
  <string name="wpDifferentCurrency">Het account dat u heeft gekozen heeft niet dezelfde valuta! Wilt u het bedrag wisselen?</string>
  <string name="downloading">Downloaden</string>
  <string name="duplicate">Dupliceren</string>
  <string name="wpeditAmount"> Of u kunt het bedrag handmatig bewerken.</string>
  <string name="wpEmptyContent">Geen gegevens weer te geven</string>
  <string name="wpEmptySymbol">: (</string>
  <string name="wpEndDateAfterStartDateError">Einddatum kan niet vóór de begindatum.</string>
  <string name="wpEnterName">De naam van uw portemonnee?</string>
  <string name="wpEnterPass">Voer uw wachtwoord in</string>
  <string name="exit">Verlaten</string>
  <string name="wpExpenseColor">Uitgaven kleur</string>
  <string name="wpFeedBackSubject">[W] Feedback</string>
  <string name="format">Stijl</string>
  <string name="For">Voor</string>
  <string name="wpHeaderColor">Kleur van koptekst</string>
  <string name="wpHelpUsTranslate">Help ons vertalen</string>
  <string name="wpIncomeColor">Inkomsten kleur</string>
  <string name="wpInsertAccountAlert">Kies rekening</string>
  <string name="wpInsertAmountAlert">Voer een bedrag in</string>
  <string name="wpInsertCategoryAlert">Kies een categorie</string>
  <string name="wpInsertCategoryLength">De lengte van de categorienaam moet groter zijn dan 2 en kleiner dan 30</string>
  <string name="wpInsertImageAlert">Kies een pictogram</string>
  <string name="wpInsertNameAlert">Voer de naam in</string>
  <string name="wpInsertTimeRangeError">Kies tijdsbereik</string>
  <string name="wpInsertTypeAlert">Kies type categorie</string>
  <string name="items">Items</string>
  <string name="wpLiveFolderError">Kan geen Money Lover map aanmaken op SkyDrive. Probeer het later nog eens.</string>
  <string name="wpLocationServiceWarning">LocationServiceWarning</string>
  <string name="wpLocationService">Locatie Service</string>
  <string name="wpMessage3">BNS fout: De actie is uitgeschakeld</string>
  <string name="Message2">BNS fout: Het maximum aantal ScheduledActions van dit type bestaan al. </string>
  <string name="wpMessage1">Background agents for this application have been disabled by the user.</string>
  <string name="wpMessage">Bericht</string>
  <string name="monday">Maandag</string>
  <string name="month">Maand</string>
  <string name="name">Naam</string>
  <string name="navigations">Navigatie</string>
  <string name="wpDeleteNotify">Wilt u alles verwijderen?</string>
  <string name="wpNotify7">[Verslag]</string>
  <string name="wpNotify6">[Opslaan]</string>
  <string name="wpNotify5">Het budget {0} is bereikt.</string>
  <string name="wpNotify4">Wees voorzichtig, uw budget {0} is bijna bereikt.</string>
  <string name="wpNotify3_2">De lening {0} is voltooid.</string>
  <string name="wpNotify3_1">De schuld {0} is voltooid.</string>
  <string name="wpNotify2">U heeft vandaag nog geen transactie toegevoegd. Nu toevoegen?</string>
  <string name="wpNotify1">Tips</string>
  <string name="wpNotify0">Welkom bij Money Lover op Windows Phone. Vanaf vandaag, zal het u helpen plannen en bijhouden van al uw kosten.</string>
  <string name="notifications">Meldingen</string>
  <string name="notification">Melding</string>
  <string name="wpNoParent">Geen bovenliggend element</string>
  <string name="number">Nr. </string>
  <string name="other">Andere</string>
  <string name="Over">Over</string>
  <string name="wpOverDue">Achterstallige</string>
  <string name="wpOverAmount">Het bedrag dat u wilt overbrengen is groter dan het totaal verdiende! Wilt u opnieuw bewerken?</string>
  <string name="wpPaidHistory">Betaalde geschiedenis</string>
  <string name="parent">Bovenliggende</string>
  <string name="wpPasswordProtected">Beveiligd met een wachtwoord</string>
  <string name="payment">Betaling</string>
  <string name="people">Personen</string>
  <string name="picture">Foto</string>
  <string name="wpPinToStart">Pin om te beginnen</string>
  <string name="place">Plaats</string>
  <string name="wpPlaceFinder">Plaats Vinder</string>
  <string name="quarter">Kwartaal</string>
  <string name="reason">Reden</string>
  <string name="reload">Herladen</string>
  <string name="wpReminderAddTran">Herinnering toevoegen transactie</string>
  <string name="wpRestartNotify">U moet de app herstarten om wijzigingen te zien.</string>
  <string name="wpRestoreMess">Terugzetten database zal uw huidige database vervangen. Alle gegevens zullen verloren gaan. Weet u zeker dat u wilt de database wilt terugzetten?</string>
  <string name="wpRestoreComplete">Het terugzetten is voltooid.</string>
  <string name="restore">Herstellen</string>
  <string name="running">Wordt uitgevoerd</string>
  <string name="wpSamplePlaceSearch">Naam van sommige plaatsen</string>
  <string name="wpSelectedCategory">Geselecteerde categorie</string>
  <string name="wpSkydriveLogin">Hallo daar, log a.u.b. eerst in op SkyDrive.</string>
  <string name="sort">Sorteren</string>
  <string name="wpSpendWith">Besteden met</string>
  <string name="start_month">Eerste dag van de maand</string>
  <string name="start_week">Eerste dag van de week</string>
  <string name="sunday">Zondag</string>
  <string name="sure">Zeker</string>
  <string name="wpSyncDone">Sync voltooid.</string>
  <string name="wpThemeManager">Thema-manager</string>
  <string name="wpThisMonth">Deze maand</string>
  <string name="wpThisQuarter">Dit kwartaal</string>
  <string name="wpThisWeek">Deze week</string>
  <string name="wpThisYear">Dit jaar</string>
  <string name="time_format">Tijdnotatie</string>
  <string name="wpTimeRange">Tijdsbereik</string>
  <string name="title">Titel</string>
  <string name="wpToAcount">Aan account</string>
  <string name="today">Vandaag</string>
  <string name="tomorrow">Morgen</string>
  <string name="tranfer">Overdragen</string>
  <string name="wpTranferFail">Controleer de informatie opnieuw! Het bedrag dat u overbrengt moet meer zijn dan 0.</string>
  <string name="wpTranferComplete">Overdracht compleet!</string>
  <string name="wpTransferFrom">Overdracht van:</string>
  <string name="wpTransferMoney">Geld overmaken</string>
  <string name="wpTranferingException">TranferingException</string>
  <string name="wpTransactionInfo">Transactie info</string>
  <string name="tutorial">Uitleg</string>
  <string name="unfinished">Onvoltooid</string>
  <string name="unit">Eenheid</string>
  <string name="wpUploadCompleted">Upload voltooid.</string>
  <string name="uploading">Uploaden</string>
  <string name="wpUploadSkydrive">Uploaden naar SkyDrive</string>
  <string name="wpUseCustomColor">Aangepaste kleur gebruiken</string>
  <string name="used">Gebruikt</string>
  <string name="wpViewMode">Weergavemodus</string>
  <string name="wpViewOffice">Weergave in Office</string>
  <string name="week">Week</string>
  <string name="wrong">Verkeerde</string>
  <string name="wpWrongPass">Onjuist wachtwoord.</string>
  <string name="year">Jaar</string>
  <string name="yesterday">Gisteren</string>
  <string name="wpViewTran">Transacties weergeven</string>
  <string name="editDebt">Bewerk schuld</string>
  <string name="wpTimeAlreadyOver">De tijd die u kiest is reeds voorbij.</string>
  <string name="account_all">Alle accounts</string>
  <string name="about_msg_wp">Geld verdienen en het beheer ervan zijn niet hetzelfde! Onzorgvuldig en gebudgetteerde uitgaven zijn problemen van families wereldwijd. Money Lover zal u helpen plannen en bijhouden van al uw kosten, alles opnemen en het rapport periodiek genereren. Het is niet een volledig-gekenmerkte boekhoudkundige tool, maar het is nuttig voor eenvoudige gezins-of persoonlijke financieel beheer.</string>
  <string name="clear">Wis</string>
  <string name="day">Dag</string>
  <string name="interest_rate">Beoordeel</string>
  <string name="string_select_all">Selecteer alle</string>
  <string name="settings_alarm_group_title">Alarm</string>
  <string name="wpAddAccountFirst">Voeg eerst een portemonnee toe</string>
  <string name="wpATM">ATM</string>
  <string name="wpAdd">Toevoegen</string>
  <string name="wpBank">Bank</string>
  <string name="wpBackupRestore">Backup &amp; Herstel</string>
  <string name="wpBackup">Back-up</string>
  <string name="wpCannotEditAccount">Kan dit account niet bewerken</string>
  <string name="wpCannotEditTransaction">Kan deze transactie niet bewerken.</string>
  <string name="wpConfirmBackCategory">De categorie is nog niet opgeslagen, weet u zeker dat u wilt teruggaan?</string>
  <string name="wpConfirmBack">De transactie is nog niet opgeslagen. Weet u zeker dat u wilt teruggaan?</string>
  <string name="wpConfirmBackBudget">Uw budget is nog opgeslagen. Weet u zeker dat u wilt teruggaan?</string>
  <string name="wpCustomRange">Aangepast bereik</string>
  <string name="wpCustomTimeNullError">De aangepaste tijd is null. Kies tijdsbereik.</string>
  <string name="wpDayLeft">dag resterend</string>
  <string name="wpDaysLeft">dagen resterend</string>
  <string name="wpDeleteTransaction">Alle gegevens van deze transactie zullen verloren gaan. Wilt u doorgaan?</string>
  <string name="wpDeletePin">Wilt u pin verwijderen?</string>
  <string name="wpDeleteBudget">Alle gegevens van dit budget zullen verloren gaan. Wilt u doorgaan?</string>
  <string name="wpDeleteAcc">Alle gegevens van dit account zullen verloren gaan. Wilt u doorgaan?</string>
  <string name="wpDeleteCategory">Alle gegevens en transacties van deze categorie gaan verloren. Wilt u doorgaan?</string>
  <string name="wpAuto">Automatisch</string>
  <string name="rate">tarief</string>
  <string name="wp_warning_addtran_from_pin_message">Transactie is met succes toegevoegd. Wilt u terugkeren naar het portemonnee scherm?</string>
  <string name="navigation_group_policy">Beleid</string>
  <string name="wpNotify8">Gefeliciteerd, de app is bijgewerkt. Wilt u de veranderingen weten in de nieuwe versie? Tik om deze te bekijken.</string>
</resources>
