<?xml version="1.0" encoding="utf-8"?>
<!--Generated by crowdin.net-->
<resources>
  <string name="settings_group_display">Weergave</string>
  <string name="settings_group_alarm_title">Alarm</string>
  <string name="settings_group_system">Systeem</string>
  <string name="settings_group_database">Database</string>
  <string name="settings_group_about">Over</string>
  <string name="settings_select_date_format">Selecteer datumnotatie</string>
  <string name="settings_set_first_day_week">Eerste dag van de week instellen</string>
  <string name="settings_set_first_day_month">Eerste dag van de maand instellen</string>
  <string name="settings_enable_pin">Wachtwoord inschakelen</string>
  <string name="settings_connect_dropbox">Verbinding maken met Dropbox</string>
  <string name="settings_connect_dropbox_connected">Verbonden</string>
  <string name="settings_select_language">Taal selecteren</string>
  <string name="settings_alarm">Dagelijkse herinnering voor het toevoegen van transacties</string>
  <string name="settings_auto_check_update">Controleer op updates</string>
  <string name="settings_show_ail_notification_title">Toon Later-toevoegen melding</string>
  <string name="pref_show_ail_summary">Neem een foto ter herinnering, zodat u de transcatie later kunt toevoegen</string>
  <string name="settings_about">Over Money Lover</string>
  <string name="settings_changes_log_title">Changelogs</string>
  <string name="settings_amount_text_display_title">Bedrag tekst weergavestijl</string>
  <string name="pref_amount_text_decimal_separator_title">Scheidingsteken voor decimalen</string>
  <string name="pref_amount_text_decimal_separator_imperial">1,999.95</string>
  <string name="pref_amount_text_decimal_separator_international">1.999,95</string>
  <string name="pref_amount_text_show_currency_title">Toon valuta</string>
  <string name="pref_amount_text_minus_style_title">Positieve/negatieve stijl</string>
  <string name="pref_amount_text_minus_style_color">Standaard met kleur</string>
  <string name="pref_amount_text_minus_style_sign">Met +/-teken</string>
  <string name="pref_amount_text_minus_style_bracket">Met ( ) teken</string>
  <string name="pref_amount_text_shorten_title">Verkorten bedrag</string>
  <string name="pref_using_location">Gebruik locatie</string>
  <string name="settings_reset_data">Reset gegevens</string>
  <string name="auto_backup_no">Geen automatische back-up</string>
  <string name="auto_backup">Automatische back-up</string>
  <string name="auto_backup_every_day">Elke dag</string>
  <string name="auto_backup_every_week">Elke week</string>
  <string name="auto_backup_every_month">Elke maand</string>
  <string name="auto_backup_every_year">Elk jaar</string>
  <string name="auto_backup_test">2 phút</string>
  <string name="settings_quick_add_notification_title"></string>
  <string-array name="first_day_of_week_display">
    <item>Zondag</item>
    <item>Maandag</item>
    <item>Dinsdag</item>
    <item>Woensdag</item>
    <item>Donderdag</item>
    <item>Vrijdag</item>
    <item>Zaterdag</item>
  </string-array>
  <string-array name="first_day_of_month_display">
    <item>1e</item>
    <item>2e</item>
    <item>3e</item>
    <item>4e</item>
    <item>5e</item>
    <item>6e</item>
    <item>7e</item>
    <item>8e</item>
    <item>9e</item>
    <item>10e</item>
    <item>11e</item>
    <item>12e</item>
    <item>13e</item>
    <item>14e</item>
    <item>15e</item>
    <item>16e</item>
    <item>17e</item>
    <item>18e</item>
    <item>19e</item>
    <item>20e</item>
    <item>21e</item>
    <item>22e</item>
    <item>23e</item>
    <item>24e</item>
    <item>25e</item>
    <item>26e</item>
    <item>27e</item>
    <item>28e</item>
  </string-array>
  <string-array name="alarm_time_display">
    <item>17:00</item>
    <item>18:00</item>
    <item>19:00</item>
    <item>20:00</item>
    <item>21:00</item>
    <item>22:00</item>
    <item>23:00</item>
    <item>Geen alarm</item>
  </string-array>
  <string-array name="auto_backup_repeat">
    <item>@string/auto_backup_every_day</item>
    <item>@string/auto_backup_every_week</item>
    <item>@string/auto_backup_every_month</item>
    <item>@string/auto_backup_every_year</item>
    <item>@string/auto_backup_no</item>
  </string-array>
</resources>
