<?xml version="1.0" encoding="utf-8"?>
<!--Generated by crowdin.net-->
<resources>
  <string name="cate_salary">Salaris</string>
  <string name="cate_award">Award</string>
  <string name="cate_selling">Verkopen</string>
  <string name="cate_give">Geven</string>
  <string name="cate_interest">Belang geld</string>
  <string name="cate_debt">Schuld</string>
  <string name="cate_income_other">Andere</string>
  <string name="cate_food">Eten &amp; drinken</string>
  <string name="cate_entertainment">Entertainment</string>
  <string name="cate_travel">Reizen</string>
  <string name="cate_education">Onderwijs</string>
  <string name="cate_transport">Vervoer</string>
  <string name="cate_friend">Vrienden en Geliefde</string>
  <string name="cate_family">Familie</string>
  <string name="cate_medical">Medisch</string>
  <string name="cate_shopping">Winkelen</string>
  <string name="cate_loan">Lening</string>
  <string name="cate_invest">Investeren</string>
  <string name="cate_expense_other">Andere</string>
</resources>
