<?xml version="1.0" encoding="utf-8"?>
<!--Generated by crowdin.net-->
<resources>
  <string name="second">ثانية</string>
  <string name="minute">دقيقة</string>
  <plurals name="days_left">
    <item quantity="zero">%d ايام مضت</item>
    <item quantity="one">%d day left</item>
    <item quantity="two">%d days left</item>
    <item quantity="few">%d days left</item>
    <item quantity="many">%d days left</item>
    <item quantity="other">%d days left</item>
  </plurals>
  <plurals name="hour_left">
    <item quantity="zero">%d ساعة مضت</item>
    <item quantity="one">%d hour left</item>
    <item quantity="two">%d hours left</item>
    <item quantity="few">%d hours left</item>
    <item quantity="many">%d hours left</item>
    <item quantity="other">%d hours left</item>
  </plurals>
  <plurals name="minute_left">
    <item quantity="zero">%d دقائق مضت</item>
    <item quantity="one">%d minute left</item>
    <item quantity="two">%d minutes left</item>
    <item quantity="few">%d minutes left</item>
    <item quantity="many">%d minutes left</item>
    <item quantity="other">%d minutes left</item>
  </plurals>
  <plurals name="second_left">
    <item quantity="zero">%d ثواني مضت</item>
    <item quantity="one">%d second left</item>
    <item quantity="two">%d seconds left</item>
    <item quantity="few">%d seconds left</item>
    <item quantity="many">%d seconds left</item>
    <item quantity="other">%d seconds left</item>
  </plurals>
</resources>
