<?xml version="1.0" encoding="utf-8"?>
<!--Generated by crowdin.net-->
<resources>
  <string name="AGO">قبل</string>
  <string name="DAY">يوم واحد</string>
  <string name="DAYS">%1$s ايام</string>
  <string name="HOUR">حوالي ساعة</string>
  <string name="HOURS">%1$s ساعات</string>
  <string name="MINUTE">حوالي دقيقة واحدة</string>
  <string name="MINUTES">%1$s دقائق</string>
  <string name="MONTH">حوالي شهر</string>
  <string name="MONTHS">%1$s اشهر</string>
  <string name="SECONDS">أقل من دقيقة</string>
  <string name="SUFFIX_FROM_NOW"> الآن</string>
  <string name="YEAR">حوالي سنة</string>
  <string name="YEARS">%1$s سنوات</string>
</resources>
