<?xml version="1.0" encoding="utf-8"?>
<!--Generated by crowdin.net-->
<resources>
  <string name="notice">إخطار</string>
  <string name="error">خطأ</string>
  <string name="close">إغلاق</string>
  <string name="cancel">إلغاء</string>
  <string name="save">حفظ</string>
  <string name="done">انتهى</string>
  <string name="yes">نعم</string>
  <string name="submit">Submit</string>
  <string name="sorry">عذراً</string>
  <string name="ok">موافق</string>
  <string name="search">بحث</string>
  <string name="no">لا</string>
  <string name="confirm">تأكيد</string>
  <string name="today">اليوم</string>
  <string name="tomorrow">غداً</string>
  <string name="yesterday">أمس</string>
  <string name="thisweek">هذا الأسبوع</string>
  <string name="nextweek">الأسبوع القادم</string>
  <string name="lastweek">الأسبوع الماضي</string>
  <string name="thismonth">هذا الشهر</string>
  <string name="nextmonth">الشهر القادم</string>
  <string name="lastmonth">الشهر الماضي</string>
  <string name="thisquarter">هذا الربع</string>
  <string name="nextquarter">الربع القادم</string>
  <string name="lastquarter">الربع الأخير</string>
  <string name="thisyear">هذه السنة</string>
  <string name="nextyear">السنة المقبلة</string>
  <string name="lastyear">العام الماضي</string>
  <string name="quarter_shorten">ر</string>
</resources>
