<?xml version="1.0" encoding="utf-8"?>
<!--Generated by crowdin.net-->
<resources>
  <string name="settings_group_display">عرض</string>
  <string name="settings_group_alarm_title">المنبه</string>
  <string name="settings_group_system">النظام</string>
  <string name="settings_group_database">قاعدة بيانات</string>
  <string name="settings_group_about">حول</string>
  <string name="settings_select_date_format">حدد تنسيق التاريخ</string>
  <string name="settings_set_first_day_week">تعيين اليوم الأول من الأسبوع</string>
  <string name="settings_set_first_day_month">تعيين اليوم الأول من الشهر</string>
  <string name="settings_enable_pin">تمكين كلمة مرور</string>
  <string name="settings_connect_dropbox">الاتصال مع Dropbox</string>
  <string name="settings_connect_dropbox_connected">متصلة</string>
  <string name="settings_select_language">اختر اللغة</string>
  <string name="settings_alarm">ذكر يوميا لإضافة التحويل</string>
  <string name="settings_auto_check_update">التحديث التلقائي</string>
  <string name="settings_show_ail_notification_title">إظهار إشعار اضافته لاحقا</string>
  <string name="pref_show_ail_summary">أخذ صور للتذكير أولاً، حيث يمكنك إضافة التحويل في وقت لاحق</string>
  <string name="settings_about">عن محبي المال</string>
  <string name="settings_changes_log_title">تغيير سجلات</string>
  <string name="settings_amount_text_display_title">نمط عرض نص المبلغ</string>
  <string name="pref_amount_text_decimal_separator_title">فاصل العلامة العشرية</string>
  <string name="pref_amount_text_decimal_separator_imperial">1,999.95</string>
  <string name="pref_amount_text_decimal_separator_international">1.999,95</string>
  <string name="pref_amount_text_show_currency_title">إظهار العملة</string>
  <string name="pref_amount_text_minus_style_title">نمط إيجابية/سلبية</string>
  <string name="pref_amount_text_minus_style_color">الافتراضي مع اللون</string>
  <string name="pref_amount_text_minus_style_sign">مع +/- تسجيل الدخول</string>
  <string name="pref_amount_text_minus_style_bracket">مع ( ) تسجيل الدخول</string>
  <string name="pref_amount_text_shorten_title">تقصير المبلغ</string>
  <string name="pref_using_location">استخدام الموقع</string>
  <string name="settings_reset_data">إعادة تعيين بيانات</string>
  <string name="auto_backup_no">No auto backup</string>
  <string name="auto_backup">Auto backup</string>
  <string name="auto_backup_every_day">كل يوم</string>
  <string name="auto_backup_every_week">كل أسبوع</string>
  <string name="auto_backup_every_month">كل شهر</string>
  <string name="auto_backup_every_year">Every year</string>
  <string name="auto_backup_test">2 phút</string>
  <string name="settings_quick_add_notification_title"></string>
  <string-array name="first_day_of_week_display">
    <item>Sunday</item>
    <item>Monday</item>
    <item>Tuesday</item>
    <item>Wednesday</item>
    <item>Thursday</item>
    <item>Friday</item>
    <item>Saturday</item>
  </string-array>
  <string-array name="first_day_of_month_display">
    <item>1st</item>
    <item>2nd</item>
    <item>3rd</item>
    <item>4th</item>
    <item>5th</item>
    <item>6th</item>
    <item>7th</item>
    <item>8th</item>
    <item>9th</item>
    <item>10th</item>
    <item>11st</item>
    <item>12nd</item>
    <item>13rd</item>
    <item>14th</item>
    <item>15th</item>
    <item>16th</item>
    <item>17th</item>
    <item>18th</item>
    <item>19th</item>
    <item>20th</item>
    <item>21st</item>
    <item>22nd</item>
    <item>23rd</item>
    <item>24th</item>
    <item>25st</item>
    <item>26nd</item>
    <item>27rd</item>
    <item>28th</item>
  </string-array>
  <string-array name="alarm_time_display">
    <item>17:00</item>
    <item>18:00</item>
    <item>19:00</item>
    <item>20:00</item>
    <item>21:00</item>
    <item>22:00</item>
    <item>23:00</item>
    <item>No alarm</item>
  </string-array>
  <string-array name="auto_backup_repeat">
    <item>@string/auto_backup_every_day</item>
    <item>@string/auto_backup_every_week</item>
    <item>@string/auto_backup_every_month</item>
    <item>@string/auto_backup_every_year</item>
    <item>@string/auto_backup_no</item>
  </string-array>
</resources>
