<?xml version="1.0" encoding="utf-8"?>
<!--Generated by crowdin.net-->
<resources>
  <string name="second"> giây</string>
  <string name="minute"> phút</string>
  <plurals name="days_left">
    <item quantity="other">Còn %d ngày</item>
  </plurals>
  <plurals name="hour_left">
    <item quantity="other">Còn %d giờ</item>
  </plurals>
  <plurals name="minute_left">
    <item quantity="other">Còn %d phút</item>
  </plurals>
  <plurals name="second_left">
    <item quantity="other">Còn %d giây</item>
  </plurals>
</resources>
