<?xml version="1.0" encoding="utf-8"?>
<!--Generated by crowdin.net-->
<resources>
  <string name="AGO">trước</string>
  <string name="DAY">một ngày</string>
  <string name="DAYS">%1$s ngày</string>
  <string name="HOUR">khoảng một giờ</string>
  <string name="HOURS">%1$s giờ</string>
  <string name="MINUTE">khoảng một phút</string>
  <string name="MINUTES">%1$s phút</string>
  <string name="MONTH">khoảng một tháng</string>
  <string name="MONTHS">%1$s tháng</string>
  <string name="SECONDS">ít hơn một phút trước</string>
  <string name="SUFFIX_FROM_NOW">từ giờ</string>
  <string name="YEAR">khoảng một năm</string>
  <string name="YEARS">%1$s năm</string>
</resources>
