<?xml version="1.0" encoding="utf-8"?>
<!--Generated by crowdin.net-->
<resources>
  <string name="notice">Nhắc nhở</string>
  <string name="error">Lỗi</string>
  <string name="close">Đóng</string>
  <string name="cancel">Hủy</string>
  <string name="save">Lưu</string>
  <string name="done">Xong</string>
  <string name="yes">Đồng ý</string>
  <string name="submit">Gửi</string>
  <string name="sorry">Xin lỗi</string>
  <string name="ok">Đồng ý</string>
  <string name="search">Tìm kiếm</string>
  <string name="no">Không</string>
  <string name="confirm">Xác nhận</string>
  <string name="today">Hôm nay</string>
  <string name="tomorrow">Ngày mai</string>
  <string name="yesterday">Hôm qua</string>
  <string name="thisweek">Tuần này</string>
  <string name="nextweek">Tuần tới</string>
  <string name="lastweek">Tuần trước</string>
  <string name="thismonth">Tháng này</string>
  <string name="nextmonth">Tháng tới</string>
  <string name="lastmonth">Tháng trước</string>
  <string name="thisquarter">Quý này</string>
  <string name="nextquarter">Quý tới</string>
  <string name="lastquarter">Quý trước</string>
  <string name="thisyear">Năm này</string>
  <string name="nextyear">Năm tới</string>
  <string name="lastyear">Năm sau</string>
  <string name="quarter_shorten">Q</string>
</resources>
