<?xml version="1.0" encoding="utf-8"?>
<!--Generated by crowdin.net-->
<resources>
  <string name="settings_group_display">Hiển thị</string>
  <string name="settings_group_alarm_title">Hẹn giờ</string>
  <string name="settings_group_system">Hệ thống</string>
  <string name="settings_group_database">Cơ sở dữ liệu</string>
  <string name="settings_group_about">Giới thiệu</string>
  <string name="settings_select_date_format">Chọn định dạng ngày tháng</string>
  <string name="settings_set_first_day_week">Chọn ngày đầu tuần</string>
  <string name="settings_set_first_day_month">Đặt ngày đầu tiên của tháng</string>
  <string name="settings_enable_pin">Sử dụng mật khẩu</string>
  <string name="settings_connect_dropbox">Kết nối với Dropbox</string>
  <string name="settings_connect_dropbox_connected">Đã kết nối</string>
  <string name="settings_select_language">Chọn ngôn ngữ</string>
  <string name="settings_alarm">Nhắc thêm giao dịch hàng ngày</string>
  <string name="settings_auto_check_update">Tự động kiểm tra phiên bản mới</string>
  <string name="settings_show_ail_notification_title">Hiện thông báo Add-it-later</string>
  <string name="pref_show_ail_summary">Chụp ảnh trước để ghi nhớ, rồi bạn có thể thêm giao dịch sau</string>
  <string name="settings_about">Về Money Lover</string>
  <string name="settings_changes_log_title">Nhật kí thay đổi</string>
  <string name="settings_amount_text_display_title">Kiểu hiển thị số tiền</string>
  <string name="pref_amount_text_decimal_separator_title">Phân cách phần thập phân</string>
  <string name="pref_amount_text_decimal_separator_imperial">1,999.95</string>
  <string name="pref_amount_text_decimal_separator_international">1.999,95</string>
  <string name="pref_amount_text_show_currency_title">Hiển thị tiền tệ</string>
  <string name="pref_amount_text_minus_style_title">Kiểu số dương/âm</string>
  <string name="pref_amount_text_minus_style_color">Màu sắc mặc định</string>
  <string name="pref_amount_text_minus_style_sign">Với dấu +/-</string>
  <string name="pref_amount_text_minus_style_bracket">Với dấu ( )</string>
  <string name="pref_amount_text_shorten_title">Rút ngắn số tiền</string>
  <string name="pref_using_location">Sử dụng dịch vụ địa điểm</string>
  <string name="settings_reset_data">Xóa hết dữ liệu</string>
  <string name="auto_backup_no">Không có sao lưu tự động</string>
  <string name="auto_backup">Sao lưu tự động</string>
  <string name="auto_backup_every_day">Hàng ngày</string>
  <string name="auto_backup_every_week">Hàng tuần</string>
  <string name="auto_backup_every_month">Hàng tháng</string>
  <string name="auto_backup_every_year">Hàng năm</string>
  <string name="auto_backup_test">2 phút</string>
  <string name="settings_quick_add_notification_title"></string>
  <string-array name="first_day_of_week_display">
    <item>Chủ Nhật</item>
    <item>Thứ hai</item>
    <item>Thứ ba</item>
    <item>Thứ Tư</item>
    <item>Thứ năm</item>
    <item>Thứ Sáu</item>
    <item>Thứ Bảy</item>
  </string-array>
  <string-array name="first_day_of_month_display">
    <item>1</item>
    <item>2</item>
    <item>3</item>
    <item>4</item>
    <item>5</item>
    <item>6</item>
    <item>7</item>
    <item>8</item>
    <item>9</item>
    <item>10</item>
    <item>11</item>
    <item>12</item>
    <item>13</item>
    <item>14</item>
    <item>15</item>
    <item>16</item>
    <item>17</item>
    <item>18</item>
    <item>19</item>
    <item>20</item>
    <item>21</item>
    <item>22</item>
    <item>23</item>
    <item>24</item>
    <item>25</item>
    <item>26</item>
    <item>27</item>
    <item>28</item>
  </string-array>
  <string-array name="alarm_time_display">
    <item>17:00</item>
    <item>18:00</item>
    <item>19:00</item>
    <item>20:00</item>
    <item>21:00</item>
    <item>22:00</item>
    <item>23:00</item>
    <item>Không dùng chuông báo</item>
  </string-array>
  <string-array name="auto_backup_repeat">
    <item>@string/auto_backup_every_day</item>
    <item>@string/auto_backup_every_week</item>
    <item>@string/auto_backup_every_month</item>
    <item>@string/auto_backup_every_year</item>
    <item>@string/auto_backup_no</item>
  </string-array>
</resources>
