<?xml version="1.0" encoding="utf-8"?>
<!--Generated by crowdin.net-->
<resources>
  <string name="account">Ví</string>
  <string name="amount">Số tiền</string>
  <string name="budget">Ngân sách</string>
  <string name="event_title">Sự kiện</string>
  <string name="category">Thể loại</string>
  <string name="earned_from">Thu nhập</string>
  <string name="end_date">Ngày kết thúc</string>
  <string name="expense">Chi tiêu</string>
  <string name="goto_today">Quay về ngày hôm nay</string>
  <string name="goto_thismonth">Chuyển đến tháng này</string>
  <string name="income">Thu nhập</string>
  <string name="migrate">Di chuyển dữ liệu</string>
  <string name="select_category">Chọn thể loại</string>
  <string name="spent_on">Chi vào</string>
  <string name="start_date">Ngày bắt đầu</string>
  <string name="time">Thời gian</string>
  <string name="time_range">%1$s - %2$s</string>
  <string name="loading_more">Đang tải thêm…</string>
  <string name="goal">Mục tiêu</string>
  <string name="edit">Sửa</string>
  <string name="saved">Đã tiết kiệm</string>
  <string name="search_go">Tìm</string>
  <string name="buy_app">Mua ứng dụng</string>
  <string name="undobar_message">%1$s đã bị xoá</string>
  <string name="backup_share">Chia sẻ</string>
  <string name="version">Phiên bản %1$s</string>
  <string name="loading">Đang tải...</string>
  <string name="total">Tổng cộng</string>
  <string name="splashscreen_create_account">Tạo ví</string>
  <string name="splash_screen_use_cloud">Go cloud (Sắp có)</string>
  <string name="splash_screen_use_cloud_info">Đồng bộ và chia sẻ các giao dịch một cách dễ dàng</string>
  <string name="splash_screen_use_right_away">Chỉ dành cho thiết bị này</string>
  <string name="splash_screen_use_right_away_info">Ngay lập tức!</string>
  <string name="welcome_message_title">Bạn muốn sử dụng bằng cách nào?</string>
  <string name="welcome_message">Bạn có thể thay đổi bất cứ lúc nào</string>
  <string name="login_hint_email">Email</string>
  <string name="login_hint_password">Mật khẩu</string>
  <string name="login_facebook">Đăng nhập bằng Facebook</string>
  <string name="login_money_lover">Đăng nhập bằng tài khoản Money Lover</string>
  <string name="login_title">Đăng nhập</string>
  <string name="register_title">Đăng ký</string>
  <string name="register_register">Đăng ký</string>
  <string name="cashbook_earning">Thu nhập</string>
  <string name="cashbook_spending">Chi tiêu</string>
  <string name="cashbook_all_transactions">Tất cả giao dịch</string>
  <string name="cashbook_delete_transaction_message">Bạn muốn xóa giao dịch này?</string>
  <string name="cashbook_left">còn %1$s</string>
  <string name="cashbook_no_data_guide">Chạm vào nút %1$s bên dưới để thêm giao dịch</string>
  <string name="cashbook_no_data_swipe_down">Vuốt xuống và</string>
  <string name="cashbook_no_data_faq_tip">Quá khó dùng? Nhấp %1$s để tìm trợ giúp</string>
  <string name="cashbook_no_data_earning">Không có khoản thu</string>
  <string name="cashbook_no_data_spending">Không có khoản chi</string>
  <string name="cashbook_no_data">Không có dữ liệu</string>
  <string name="cashbook_selected_account_not_existed">Ví này đã bị xóa, hệ thống sẽ chuyển bạn về
        ví mặc định.
    </string>
  <string name="cashbook_contentdescription_help_support">Hỗ trợ</string>
  <string name="cashbook_contentdescription_select_time_range_to_view">Chọn khoảng thời gian
    </string>
  <string name="cashbook_contentdescription_delete_transaction">Xóa giao dịch</string>
  <string name="cashbook_contentdescription_sort_transaction">Sắp xếp giao dịch</string>
  <string name="cashbook_contentdescription_search_transaction">Tìm giao dịch</string>
  <string name="cashbook_contentdescription_viewmode_transaction">Xem theo giao dịch</string>
  <string name="cashbook_contentdescription_viewmode_category">Xem theo thể loại</string>
  <string name="cashbook_contentdescription_transfer_money">Chuyển tiền đến ví khác</string>
  <string name="with_person">với %1$s</string>
  <string name="with_two_person">với %1$s &amp; %2$s</string>
  <string name="with_many_person">với %1$s &amp; %2$s người khác</string>
  <string name="press_back_one_more_time_to_exit">Ấn phím Back lần nữa để thoát</string>
  <string name="paid">Đã trả</string>
  <string name="cashbook_cashback_info">tới %1$s</string>
  <string name="add_transaction_amount_friendly_title">Số tiền</string>
  <string name="add_transaction_title_add">Thêm giao dịch</string>
  <string name="add_transaction_title_edit">Sửa giao dịch</string>
  <string name="add_transaction_title_view">Chi tiết giao dịch</string>
  <string name="add_transaction_note_title_normal">Ghi chú</string>
  <string name="add_transaction_note_hint">Trống</string>
  <string name="add_transaction_cancel_adding">Bạn có chắc muốn hủy việc thêm giao dịch này</string>
  <string name="add_transaction_discard_edit">Bạn có chắc muốn hủy việc thay đổi giao dịch này
    </string>
  <string name="add_transaction_account_alert_currency_change">Đơn vị tiền sẽ chuyển từ %1$s sang %2$s. Bạn có muốn tiếp tục không?</string>
  <string name="add_transaction_account_alert_currency_change_start">Đơn vị tiền sẽ được đổi từ</string>
  <string name="add_transaction_account_alert_currency_change_middle">tới</string>
  <string name="add_transaction_account_alert_currency_change_end">Bạn vẫn muốn thực hiện?</string>
  <string name="add_transaction_add_success">Thêm giao dịch thành công</string>
  <string name="add_transaction_category_hint">Chọn một</string>
  <string name="add_transaction_with_title">Cùng với?</string>
  <string name="add_transaction_with_hint">vd: Huy, Sơn, Quân…</string>
  <string name="add_transaction_reminder_empty">Không nhắc</string>
  <string name="add_transaction_subtransaction_title">Trả tiền</string>
  <string name="add_transaction_timecreated_title">Ngày</string>
  <string name="add_transaction_reminder_title">Nhắc nhở</string>
  <string name="add_transaction_error_amount">Bạn bắt buộc phải điền số tiền</string>
  <string name="add_transaction_error_category">Bạn phải chọn loại hình thu/chi</string>
  <string name="debtor">Người vay</string>
  <string name="lender">Người cho vay</string>
  <string name="for_reason">Cho %1$s</string>
  <string name="someone">ai đó</string>
  <string name="someone_hint">Ai đó</string>
  <string name="add_transaction_note_spend_from_saving">Sử dụng từ khoản tiết kiệm %1$s</string>
  <string name="add_transaction_no_category_found">Không có kết quả phù hợp</string>
  <string name="warning_big_amount_message">Giao dịch này nhập số tiền hơi lớn, bạn có chắc là
        chính xác?
    </string>
  <string name="warning_big_amount_dont_show_again">Không hiện lại</string>
  <string name="im_wrong">Tôi sai</string>
  <string name="add_note">Thêm ghi chú</string>
  <string name="set_reminder_remove_reminder">Tắt</string>
  <string name="convert_currency_title_dialog">Nhập đơn vị tiền khác</string>
  <string name="convert_currency_message_convert_complete">Chuyển sang</string>
  <string name="convert_currency_message_convert_error">Chuyển bị lỗi</string>
  <string name="convert_currency_message_converting">Đang chuyển…</string>
  <string name="edit_transaction_confirm_change_category_for_debtloan">Bạn có chắc là đổi phân
        loại? Bạn có thể sẽ mất lịch sử giao dịch liên quan
    </string>
  <string name="edit_transaction_mark_remove">Sẽ được xóa</string>
  <string name="edit_transaction_mark_remove_message">Tất cả các giao dịch con của giao dịch này sẽ bị xóa</string>
  <string name="delete_sub_transaction">Xóa giao dịch</string>
  <string name="sub_transaction_title">Lịch sử trả</string>
  <string name="quick_add_transaction_dialog_title">Giao dịch mới</string>
  <string name="quick_add_notification_ticker">Sẵn sàng thêm giao dịch mới</string>
  <string name="quick_add_transaction_title">Thêm vào %1$s</string>
  <string name="quick_add_transaction_notification_text">Chạm Gửi vào ví</string>
  <string name="add_account_title_add">Thêm ví</string>
  <string name="add_account_title_edit">Sửa thông tin ví</string>
  <string name="add_account_name_title">Tên ví</string>
  <string name="add_account_currency_title">Loại tiền</string>
  <string name="add_account_start_balance_title">Tiền hiện có</string>
  <string name="add_account_error_accountname_exists">Tên ví đã tồn tại.</string>
  <string name="add_account_error_accountname_length_invalid">Tên ví phải nằm trong khoảng từ %1$s
        tới %2$s ký tự.
    </string>
  <string name="add_account_discard_changed">Bạn có chắc hủy các thay đổi với ví này?</string>
  <string name="add_account_note_for_initial_balance">Khoản cân đối</string>
  <string name="add_account_shortcut_title">Thêm shortcut</string>
  <string name="add_account_shortcut_success">Tạo shortcut thành công</string>
  <string name="account_manager_title">Quản lý ví</string>
  <string name="account_manager_confirm_delete_account">Bạn có muốn xóa ví %1$s?</string>
  <string name="time_picker_dialog_title">Chọn giờ</string>
  <string name="navigation_cashbook">Danh sách giao dịch</string>
  <string name="navigation_budget">Ngân sách</string>
  <string name="navigation_campaign">Tiết kiệm</string>
  <string name="navigation_event">Sự kiện</string>
  <string name="navigation_category_manager">Thể loại</string>
  <string name="navigation_statistic">Thống kê</string>
  <string name="navigation_settings">Cài đặt</string>
  <string name="navigation_feedback">Đóng góp</string>
  <string name="navigation_debt_manager">Sổ nợ</string>
  <string name="navigation_tools">Công cụ</string>
  <string name="navigation_about">Giới thiệu</string>
  <string name="navigation_sync">Đồng bộ</string>
  <string name="navigation_logout">Đăng xuất</string>
  <string name="navigation_login">Đồng bộ với đám mây</string>
  <string name="navigation_database">Cơ sở dữ liệu</string>
  <string name="navigation_copyright">© 2013 ZooStudio. All rights reserved.</string>
  <string name="tools_interest_rate">Lãi suất</string>
  <string name="tools_export_csv">Xuất CSV</string>
  <string name="tools_export_excel">Xuất ra tập tin Excel</string>
  <string name="tools_tip_calculator">Chia Tiền</string>
  <string name="tools_find_atm">Tìm ATM</string>
  <string name="tools_find_bank">Tìm Ngân Hàng</string>
  <string name="tools_install_app">Cài đặt công cụ</string>
  <string name="tools_install_app_message">Bạn có muốn cài ứng dụng %1$s từ Google Play Store
        không?
    </string>
  <string name="statistic_monthly_report">Báo cáo hàng tháng</string>
  <string name="bank_finder">Tìm ngân hàng</string>
  <string name="bank_finder_hint">Vietcombank, Techcombank…</string>
  <string name="bank_finder_input_bank_name">Tên ngân hàng</string>
  <string name="open_file">Mở file</string>
  <string name="export_fail">Quá trình xuất file có trục trặc</string>
  <string name="export_success">Xuất file thành công</string>
  <string name="select_account">Chọn ví</string>
  <string name="export_csv">Xuất file CSV</string>
  <string name="export_excel">Xuất ra tập tin Excel</string>
  <string name="attach_to_email">Đính kèm email</string>
  <string name="delimiter">Dấu ngăn cách</string>
  <string name="atm_finder">Tìm ATM</string>
  <string name="change">Chọn</string>
  <string name="send_mail">Gửi email</string>
  <string name="contact_me">Liên hệ</string>
  <string name="about_thanks">&lt;b&gt;Đặc biệt cảm ơn tới&lt;/b&gt;&lt;br /&gt;
Andreas Krings, Jake Wharton, Jeremy Feinstein, Roman Nurik, Simon Vig Therkildsen, Soarcn, Tjerk vì những thư viện tuyệt vời của họ.&lt;br /&gt;
Brankic1979 và Nick Frost vì bộ icon rất tuyệt.&lt;br /&gt;
Và tất cả những người tình nguyện đã giúp chúng tôi dịch Money Lover ra nhiều thứ tiếng khác nhau.</string>
  <string name="about_developed">bởi ZooStudio</string>
  <string name="about_view_profile_facebook">Xem thông tin về chúng tôi</string>
  <string name="budget_overspent">Bội chi</string>
  <string name="budget_finished">Đã kết thúc</string>
  <string name="budget_spent">Đã chi</string>
  <string name="budget_all_category">Tất cả các mục</string>
  <string name="create_budget_title_add">Thêm ngân sách</string>
  <string name="create_budget_title_edit">Sửa ngân sách</string>
  <string name="create_budget_create_for">Dành cho</string>
  <string name="create_budget_time_range">Thời gian áp dụng</string>
  <string name="budget_detail_delete_confirm_message">Bạn có muốn xóa ngân sách này không?</string>
  <string name="create_budget_message_select_day_error">Ngày kết thúc phải sau ngày bắt đầu
    </string>
  <string name="create_budget_message_duplicate_DB">Ngân sách cho khoảng thời gian này đã có từ trước, bạn có muốn ghi đè lên cái cũ?</string>
  <string name="create_budget_message_warning_enter_amount">Ngân sách đang nhỏ hơn 0!</string>
  <string name="create_budget_message_error_category">Bạn phải chọn khoản mục</string>
  <string name="create_budget_message_error_time">Bạn phải chọn thời gian áp dụng ngân sách
    </string>
  <string name="budget_overview_monthly">Ngân sách hàng tháng</string>
  <string name="budget_overview_custom">Ngân sách khác</string>
  <string name="budget_overview_no_data_guide">Chạm nút %1$s phía trên để thêm ngân sách</string>
  <string name="budget_detail_category">Ngân sách cho %1$s</string>
  <string name="budget_detail_account_detail_emptyview_message">Chạm để thêm ngân sách</string>
  <string name="budget_detail_list_transactions_title">Danh sách giao dịch</string>
  <string name="clear_template">Xóa mẫu</string>
  <string name="budget_template">Mẫu</string>
  <string name="dialog_enter_amount_title">Nhập số tiền</string>
  <string name="security_pin_title_create">Đặt mật khẩu</string>
  <string name="security_pin_title_confirm">Xác nhận mật khẩu</string>
  <string name="security_pin_title_open">Nhập mật khẩu</string>
  <string name="security_pin_message_remove">để tắt chế độ mật khẩu</string>
  <string name="security_pin_title_wrong_password">Sai mật khẩu!</string>
  <string name="security_pin_message_try_again">thử lại</string>
  <string name="is_latest_version">Phiên bản hiện tại là mới nhất.</string>
  <string name="update">Cập nhật</string>
  <string name="has_new_version">Đã có phiên bản mới, cập nhật ngay!</string>
  <string name="no_internet">Không có kết nối internet. Xin hãy thử lại!</string>
  <string name="check_update">Kiểm tra cập nhật</string>
  <string name="thanks_feedback">Xin cảm ơn góp ý của bạn.</string>
  <string name="add_sub_transaction_input_more_than_left">Số tiền nhập vào lớn hơn số tiền còn
        lại
    </string>
  <string name="warning">Cảnh báo</string>
  <string name="process">đang xử lý…</string>
  <string name="error_no_google_map">Chức năng này yêu cầu cài đặt Google Maps</string>
  <string name="set">Đặt</string>
  <string name="category_manager_title">Quản lý thể loại</string>
  <string name="category_manager_notice_cannot_edit_default_category">Không thể sửa phân loại mặc
        định
    </string>
  <string name="category_manager_confirm_delete_category">Bạn có muốn xóa phân loại %1$s không?
        Tất cả các giao dịch liên quan đến phân loại này cũng sẽ bị xóa.
    </string>
  <string name="category_manager_delete_success_message">Phân loại %1$s đã bị xóa</string>
  <string name="create_category_title">Phân loại mới</string>
  <string name="edit_category_title">Sửa phân loại</string>
  <string name="create_category_name_title">Tên</string>
  <string name="create_category_select_icon_title">Hình minh họa</string>
  <string name="create_category_default_parent_category">Không nằm trong phân loại nào</string>
  <string name="create_category_parent_category">Phân loại cha</string>
  <string name="create_category_hint_name_review">Tên thể loại</string>
  <string name="create_category_message_duplicate_DB">Đã có một phân loại với tên này</string>
  <string name="create_category_select_type_error">Bạn cần chọn loại giao dịch</string>
  <string name="create_category_input_name_error">Bạn cần nhập tên phân loại</string>
  <string name="create_category_select_icon_error">Đừng quên chọn hình minh họa</string>
  <string name="select_parent_category_title">Chọn phân loại cha</string>
  <string name="message_transfer_successful">Chuyển tiền thành công!</string>
  <string name="title_dialog_transfer">Từ %1$s</string>
  <string name="back">Quay lại</string>
  <string name="message_currency_error">Hai mệnh giá tiền tệ khác nhau. bạn có muốn quy đổi 
        %1$s
        thành 
        %2$s 
        không?
</string>
  <string name="note_income_transfer">Nhận tiền từ %1$s</string>
  <string name="message_amount_zero">Số tiền phải lớn hơn 0</string>
  <string name="default_note_transfer">Chuyển tiền tới %1$s</string>
  <string name="monthly_report_start_balance">Đầu tháng</string>
  <string name="monthly_report_this_month_balance">Thu nhập ròng</string>
  <string name="monthly_report_end_balance">Cuối tháng</string>
  <string name="monthly_report_compare_to_previous_month">So với tháng trước</string>
  <string name="monthly_report_largest_expense">Khoản chi lớn nhất</string>
  <string name="monthly_report_expense_by_category">Chi tiêu theo thể loại</string>
  <string name="monthly_report_nodata">Không có báo cáo cho tháng này</string>
  <string name="monthly_report_nodata_guide">Báo cáo hàng tháng cho mỗi tháng sẽ được hiển thị mỗi khi tháng đó bắt đầu</string>
  <string name="search_result">Kết quả tìm kiếm</string>
  <string name="type">Loại</string>
  <string name="with">Với</string>
  <string name="select_time">Chọn thời gian</string>
  <string name="notification_center_message_empty_notification">Không có thông báo</string>
  <string name="notification_center_title">Trung tâm thông báo</string>
  <string name="notification_center_delete_read_notifications">Xóa đã đọc</string>
  <string name="notification_center_mark_all_as_read">Đánh dấu đã đọc tất cả</string>
  <string name="debt_manager_title">Vay nợ</string>
  <string name="debt_wallet">Cần trả</string>
  <string name="loan_wallet">Cần thu</string>
  <string name="now">Chưa trả</string>
  <string name="past">Đã trả</string>
  <string name="note_transaction_saving">Rút tiền từ khoản %1$s</string>
  <string name="saving_overview_title">Tiết kiệm</string>
  <string name="saving_overview_deposit">Gửi vào</string>
  <string name="saving_overview_need">Cần thêm</string>
  <string name="saving_overview_spend">Sử dụng</string>
  <string name="saving_overview_withdraw">Rút ra</string>
  <string name="saving_deposit">Gửi vào khoản tiết kiệm %1$s</string>
  <string name="saving_withdraw_default_note">Rút ra từ khoản tiết kiệm %1$s</string>
  <string name="saving_overview_no_data_guide">Chạm nút %1$s ở trên để thêm khoản tiết kiệm</string>
  <string name="saving_menu_deposit">Gửi vào</string>
  <string name="saving_menu_withdraw">Rút ra</string>
  <string name="saving_menu_spendon">Sử dụng vào…</string>
  <string name="saving_add_title">Tạo khoản tiết kiệm</string>
  <string name="saving_edit_title">Sửa khoản tiết kiệm</string>
  <string name="saving_add_name_title">Tên</string>
  <string name="saving_add_start_amount">Số tiền bắt đầu</string>
  <string name="saving_add_success">Tạo khoản tiết kiệm mới</string>
  <string name="saving_add_error_goal_amount">Bạn cần nhập số tiền mục tiêu!</string>
  <string name="saving_add_error_name">Bạn cần đặt tên cho khoản tiết kiệm!</string>
  <string name="saving_add_error_icon">Bạn cần chọn hình đại diện!</string>
  <string name="saving_add_cancel_adding">Bạn có muốn ngừng việc thêm không?</string>
  <string name="saving_add_discard_edit">Bạn có muốn hủy các thay đổi không?</string>
  <string name="dialog_select_event_remove">Xóa sự kiện</string>
  <string name="event_add_title">Thêm sự kiện</string>
  <string name="event_edit_title">Sửa sự kiện</string>
  <string name="event_input_name_error">Hãy nhập tên sự kiện</string>
  <string name="event_select_icon_error">Đừng quên hình đại diện cho sự kiện</string>
  <string name="event_overview_view_transactions">Danh sách giao dịch</string>
  <string name="event_overview_deposit">Thêm vào</string>
  <string name="event_overview_withdraw">Rút ra</string>
  <string name="event_overview_deposited">Đã thêm</string>
  <string name="event_overview_finish">Kết thúc</string>
  <string name="event_overview_no_data_guide">Chạm nút %1$s ở trên để thêm sự kiện</string>
  <string name="event_menu_mark_as_finished">Đánh dấu là đã kết thúc</string>
  <string name="event_menu_mark_as_unfinish">Đánh dấu là chưa kết thúc</string>
  <string name="interest_rate_title">Tính lãi</string>
  <string name="interest_rate">Tỷ lệ</string>
  <string name="time_from">Khoảng thời gian</string>
  <string name="select_type_interest">Loại lãi</string>
  <string name="date_to_invalid">Ngày kết thúc phải sau ngày bắt đầu</string>
  <string name="amount_empty">Xin nhập số tiền</string>
  <string name="time_mode_interest">Loại thời gian</string>
  <string name="rate_empty">Xin chọn tỷ lệ</string>
  <string name="time_empty">Xin chọn thời gian</string>
  <string name="interest">Số tiền lãi</string>
  <string name="number_of_period">Số kỳ hạn</string>
  <string name="total_amount">Tổng tiền</string>
  <string name="interest_result">Kết quả</string>
  <string name="total_people">với %d người</string>
  <string name="percent_tip">Boa %1$s%%</string>
  <string name="total_pay">Tổng trả</string>
  <string name="total_tip">Tổng tip</string>
  <string name="total_tip_person">Số tiền tip mỗi người</string>
  <string name="total_per_person">Số tiền mỗi người</string>
  <string name="note_it">Ghi nhớ lại</string>
  <string name="no_tip">không tip</string>
  <string name="more_people">Số người</string>
  <string name="more_tip">% tip</string>
  <string name="calculate">Tính</string>
  <string name="change_review">%1$s%% sẽ tốt hơn, &lt;b&gt;đổi không?&lt;/b&gt;</string>
  <string name="empty_amount">Số tiền đang để trống</string>
  <string name="inapp_purchase">Các lựa chọn mua</string>
  <string name="message_purchase_error">Quá trình thanh toán có lỗi</string>
  <string name="message_purchase_success">Thanh toán thành công. Khởi động lại ứng dụng để thấy thay đổi.</string>
  <string name="purchase_bought">Đã mua</string>
  <string name="reset_app_to_change">Khởi động lại ứng dụng để thấy thay đổi</string>
  <string name="purchase_buy_all_title">Mua Premium</string>
  <string name="purchase_buy_all_text">Tạo được nhiều ví, khoản tiết kiệm, ngân sách, sự kiện hơn.\nKhông còn quảng cáo!</string>
  <string name="purchase_buy_ads_title">Bỏ quảng cáo</string>
  <string name="purchase_buy_ads_text">Trải nghiệm Money Lover mà không có quảng cáo!</string>
  <string name="purchase_input_premium_code_text">Nếu bạn có nhập mã kích hoạt</string>
  <string name="purchase_notice_buy_features">Phiên bản miễn phí chỉ có thể thêm một ngân sách, tiết kiệm một, một sự kiện, và không thể sử dụng tất cả tính năng. Xin vui lòng mua ứng dụng để có thể tạo ngân sách, tiết kiệm, sự kiện không giới hạn số lượng cùng với quyền sử dụng tất cả các tính năng.</string>
  <string name="premium_code">Nhập mã kích hoạt</string>
  <string name="license_code_not_correct">Sai mã kích hoạt</string>
  <string name="license_code_success">Mã kích hoạt hợp lệ.</string>
  <string name="widget_select_account_empty">Bạn cần tạo ví trước khi thêm widget</string>
  <string name="widget_simple_light_name">Widget sáng màu</string>
  <string name="widget_select_account_title">Chọn ví</string>
  <string name="ail_message_empty_image">Không còn ảnh nào</string>
  <string name="ail_guide_1">Bạn chụp ảnh một thứ</string>
  <string name="ail_guide_2">Để có thể thêm giao dịch về nó sau</string>
  <string name="migrate_dialog_message">Money Lover sẽ chuyển dữ liệu của bạn từ bản cũ sang bản mới. Bạn có muốn tiếp tục không?</string>
  <string name="migrate_dialog_notice">Chú ý</string>
  <string name="migrate_dialog_disabled_function">Trong bản này, chức năng Hóa đơn sẽ bị vô hiệu hóa, mặc dù Money Lover vẫn chuyển dữ liệu hóa đơn của bạn từ bản cũ sang.</string>
  <string name="migrate_dialog_cancel_message">Bạn vẫn có thể ghép dữ liệu cũ sau ở trong %1$s. Nhưng các dữ liệu mới được tạo ra từ giờ đến khi ghép dữ liệu cũ sẽ bị xóa vĩnh viễn.</string>
  <string name="migrate_processing_transfer_currencies">Đang chuyển đơn vị tiền</string>
  <string name="migrate_processing_transfer_accounts">Đang chuyển tài khoản cũ sang ví ở bản mới</string>
  <string name="migrate_processing_transfer_master_categories">Đang chuyển thể loại</string>
  <string name="migrate_processing_transfer_categories">Đang chuyển thể loại</string>
  <string name="migrate_processing_transfer_transactions">Đang chuyển giao dịch</string>
  <string name="migrate_processing_transfer_tagged_people">Đang chuyển tên người</string>
  <string name="migrate_processing_transfer_sub_transactions">Đang chuyển các giao dịch phụ</string>
  <string name="migrate_processing_transfer_interests">Đang chuyển lãi</string>
  <string name="migrate_processing_transfer_bills">Đang chuyển hóa đơn</string>
  <string name="migrate_processing_transfer_budgets">Đang chuyển ngân sách</string>
  <string name="migrate_processing_transfer_campaigns">Đang chuyển các khoản tiết kiệm và sự kiện</string>
  <string name="restore_title">Khôi phục dữ liệu</string>
  <string name="restore_message_successful">Nhập thành công!</string>
  <string name="restore_message_error">Lỗi đã xảy ra khi nhập dữ liệu</string>
  <string name="restore_loading_file_from_dropbox">Đang tải các tập tin từ Dropbox…</string>
  <string name="restore_connect_dropbox">Kết nối với Dropbox</string>
  <string name="restore_message">Chọn một tập tin dưới đây để khôi phục dữ liệu từ nó</string>
  <string name="restore_message_edit">Chọn tập tin để xóa</string>
  <string name="restore_empty_file">Không có tập tin</string>
  <string name="restore_disconnect_dropbox">Ngừng liên kết Dropbox</string>
  <string name="restore_disconnect_dropbox_confirm">Bạn có thực sự muốn ngừng liên kết đến Dropbox không?</string>
  <string name="backup_title">Sao lưu dữ liệu</string>
  <string name="backup_file_name">Sao lưu ra tập tin</string>
  <string name="backup_notice_about_file_ext">Từ phiên bản này, chúng tôi sử dụng tập tin mở rộng mới &lt;b&gt;.mlx&lt;/b&gt;, nhưng bạn vẫn có thể nhập tập tin .money và .ml vào %1$s</string>
  <string name="backup_success_message">Sao lưu thành công</string>
  <string name="backup_fail_message">Sao lưu không thành công</string>
  <string name="navigation_group_support">Hỗ trợ</string>
  <string name="navigation_group_setting">Thiết lập</string>
  <string name="navigation_group_plans">Lập kế hoạch</string>
  <string name="navigation_group_others">Khác</string>
  <string name="navigation_group_tools">Công cụ</string>
  <string name="widget_account_was_deleted">Ví đã bị xoá</string>
  <string name="tools_install_go_to_playstore">Đến Cửa hàng Play</string>
  <string name="tools_shopping_lover_intro">Ứng dụng được xây dựng trên những thói quen của người mua sắm. Nó có thể hỗ trợ trải nghiệm mua sắm của bạn, giúp bạn mua sắm nhanh chóng và dễ dàng hơn.</string>
  <string name="tools_exchanger_intro">Exchanger là một cách đơn giản để chuyển đổi tiền tệ trên điện thoại di động.&lt;br /&gt;
- Giao diện đẹp mắt với thiết kế phẳng&lt;br /&gt;
- Có trên 100 loại tiền tệ thế giới&lt;br /&gt;
- Chuyển đổi nhiều loại tiền tệ cùng lúc&lt;br /&gt;
- Chế độ Offline (không cần mạng).</string>
  <string name="rate_app_dont_show_again">Không hiển thị thông báo Đánh giá ứng dụng nữa</string>
  <string name="rate_app_dont_show_again_short">Không hiện lại</string>
  <string name="rate_app_config_title">Cài đặt đánh giá ứng dụng</string>
  <string name="delete">Xóa</string>
  <string name="restore_delete_message">Bạn có muốn xóa những tập tin này vĩnh viễn?</string>
  <string name="restore_message_confirm">Bạn có muốn khôi phục dữ liệu từ tập tin %1$s? Tất cả các dữ liệu hiện tại của bạn sẽ bị xóa!</string>
  <string name="restore_autobackup_fail">Tự động sao lưu thất bại. Quá trình khôi phục không thể tiếp tục.</string>
  <string name="deleting">Đang xóa…</string>
  <string name="purchase_error_unknown">Có lỗi không xác định.</string>
  <string name="purchase_please_wait_until_data_is_loaded">Xin vui lòng chờ đợi cho đến khi dữ liệu được nạp xong.</string>
  <string name="announce_update_lost_data_message">&lt;p&gt;Chúng tôi đang nâng cấp Money Lover lên phiên bản mới và ghép dữ liệu của bạn từ bản cũ sang bản mới. Trong quá trình thực hiện, bạn có thể thấy một số lỗi như mất dữ liệu, hoặc dữ liệu được nhập sang không đúng. &lt;/p&gt;p&gt;b&gt;Về mặt kỹ thuật, dữ liệu của bạn vẫn chưa mất do chúng tôi không xóa chúng,&lt;/b&gt;/p&gt;p&gt; Nếu bạn gặp phải tình huống đó, xin liên hệ với chúng tôi để được hỗ trợ lấy lại dữ liệu.&lt;/p&gt;</string>
  <string name="announce_update_lost_data_message_title">Về việc mất dữ liệu sau khi Cập Nhật</string>
  <string name="cannot_find_my_language">Thêm ngôn ngữ?</string>
  <string name="feedback_language_text">Xin chào, \nTôi muốn dịch các ngôn ngữ sau: \n</string>
  <string name="feedback_language_subject">[LANG] THÔNG TIN PHẢN HỒI CHO NGÔN NGỮ</string>
  <string name="message_more_languages">Chúng tôi thực hiện việc dịch Phiên bản mới của Money Lover sang các ngôn ngữ khác nhưng quá trình này có thể mất một thời gian, do đó, chúng tôi thực sự cần sự giúp đỡ từ những người dùng để tăng tốc độ việc dịch.</string>
  <string name="message_more_languages_help">Xin vui lòng giúp chúng tôi nếu bạn có thể dịch từ tiếng Anh sang các ngôn ngữ khác. Bạn có thể liên hệ với chúng tôi để biết thêm thông tin.</string>
  <string name="languagehelp_ok">Vâng, tôi sẽ giúp!</string>
  <string name="languagehelp_cancel">Không, có lẽ để sau :(</string>
  <string name="languagehelp_title">Giúp dịch</string>
  <string name="changes_log_title">Nhật kí thay đổi</string>
  <string name="restore_menu_show_auto_backup">Hiển thị các tập tin sao lưu tự động</string>
  <string name="restore_menu_hide_auto_backup">Ẩn các tập tin sao lưu tự động</string>
  <string name="restore_menu_edit">Chọn tập tin</string>
  <string name="title_view_web">Web Display</string>
  <string name="title_notification_web">Kết nối web client</string>
  <string name="turn_on_web">Bật máy chủ</string>
  <string name="turn_off_web">Tắt máy chủ</string>
  <string name="tab_to_turn_off_web">Chạm để tắt web</string>
  <string name="budget_detail_error_budget_not_exists">Ngân sách này không còn tồn tại</string>
  <string name="new_expense_category">Thể loại chi mới</string>
  <string name="new_income_category">Thể loại thu mới</string>
  <string name="turn_on_wifi">Bật wifi đầu tiên</string>
  <string name="server_off">Máy chủ đang tắt</string>
  <string name="access_link">%1$s</string>
  <string name="previous_web">Trước</string>
  <string name="next_web">Tiếp</string>
  <string name="webdisplay_status_title">Trạng thái</string>
  <string name="webdisplay_menu_help">Trợ giúp</string>
  <string name="webdisplay_menu_advance">Tùy chọn nâng cao</string>
  <string name="add_web">Thêm</string>
  <string name="cashback_loan_info">từ %1$s</string>
  <string name="webdisplay_turning_on">Đang bật…</string>
  <string name="webdisplay_turned_on">Tắt</string>
  <string name="webdisplay_turning_off">Đang tắt…</string>
  <string name="webdisplay_turned_off">Bật</string>
  <string name="set_as_start_date">Đặt như ngày bắt đầu</string>
  <string name="set_as_end_date">Thiết lập là ngày kết thúc</string>
  <string name="webdisplay_warning_port_over">Cổng phải có tầm bay từ %1$s đến %2$s</string>
  <string name="webdisplay_warning_port_web">Cổng này bị sao lại với %1$s</string>
  <string name="webdisplay_will_change_port">Cảng sẽ được thay đổi sau khi bật dịch vụ một lần nữa.</string>
  <string name="webdisplay_open_web_browser">Mở địa chỉ này trong trình duyệt web</string>
  <string name="webdisplay_warning_port_exist">Cổng này đã được thực hiện bởi một dịch vụ. Hãy chọn cổng khác.</string>
  <string name="webdisplay_change_port">Thay đổi cổng</string>
  <string name="webdisplay_web_actions">Hành động</string>
  <string name="webdisplay_web_feedback_support">Thông tin phản hồi \u0026 hỗ trợ</string>
  <string name="webdisplay_web_add_more">Thêm nhiều hơn nữa</string>
  <string name="reset_data_message">Bạn có muốn đặt lại tất cả dữ liệu? Tất cả dữ liệu chẳng hạn như ví, giao dịch, ngân sách, tiết kiệm hoặc các sự kiện sẽ được gỡ bỏ. Hành động này có thể không thể hoàn tác.</string>
  <string name="upload_to_dropbox_success">Tải lên đến DropBox</string>
  <string name="message_large_spend_amount">Số tiền đã nhập phải nhỏ hơn so với số tiền hiện tại đã lưu.</string>
  <string name="message_error_select_parent_cate">Có thể không chọn chính nó là góc đầu</string>
  <string name="translated_by">Dịch bởi %1$s</string>
  <string name="add_transaction_with_suggestion">Bạn có thể thêm những người không trong danh bạ bằng cách thêm một dấu phẩy (,) sau tên của họ.</string>
  <string name="msg_add_transaction_first">Bạn có muốn thêm giao dịch đầu tiên bây giờ?</string>
  <string name="global">Chung</string>
  <string name="notification_bank_sms_title">Ví %1$s của bạn đã có sự thay đổi: %2$s</string>
  <string name="custom_range_cashbook">Tuỳ chỉnh</string>
  <string name="navigation_travel_mode">Chế độ du lịch</string>
  <string name="select_event_title">Chọn sự kiện</string>
  <string name="travel_mode_description">Trong chế độ du lịch, bạn có thể chọn một sự kiện đang chạy làm sự kiện mặc định mỗi khi tạo mới giao dịch.</string>
  <string name="travel_mode_activated_message">Chế độ du lịch đang bật. Chúc bạn đi vui vẻ!</string>
  <string name="travel_mode_turn_off_message">Bạn có muốn tắt chế độ du lịch?</string>
  <string name="travel_mode_quick_add_notification">Thêm vào sự kiện %1$s</string>
  <string name="travel_mode_turned_off_message">Chế độ du lịch đã tắt</string>
  <string name="purchase_description">Mỗi lần mua có thời hạn là 100 năm.</string>
  <string name="backup_select_one">Chọn một tập tin</string>
  <string name="repeat_transaction_mode_month_same_days">vào %1$s hàng tháng</string>
  <string name="repeat_transaction_mode_month_this_day">vào mỗi ngày %2$s %1$s hàng tháng</string>
  <string name="repeat_transaction_times_duration_for_a_number_of_event_shorted">Xảy ra</string>
  <string name="repeat_transaction_manager">Giao dịch định kì</string>
  <string name="recent_transaction_no_transactions">Không có giao dịch thường xuyên nào gần đây</string>
  <string name="repeat_transaction_next_repeat">Lần lặp tới</string>
  <string name="repeat_transaction_need_specify_repeat">Bạn cần phải chỉ định lựa chọn lặp lại</string>
  <string name="recent_transaction_dialog_list_title">Giao dịch gần đây</string>
  <string name="repeat_transaction_message_confirm_delete_template">Bạn có muốn xóa mẫu này?</string>
  <string name="repeat_transaction_no_template">Không có mẫu giao dịch lặp lại</string>
  <string name="repeat_transaction_no_repeat">Không lặp lại</string>
  <string name="repeat_transaction_next_repeat_at">Lần lặp tiếp theo là %1$s</string>
  <string name="share_need_to_download_before_sharing">Tập tin này sẽ được tải về từ DropBox trước khi được chia sẻ</string>
  <string name="repeat_transaction_add_template">Thêm giao dịch định kì</string>
  <string name="repeat_transaction_edit_template">Sửa giao dịch định kì</string>
  <string name="recent_transaction_show_when_add_transaction">Hiển thị hộp thoại này tự động khi thêm giao dịch</string>
  <string name="message_login_now">Sau khi nhập mã khuyến mại, bạn có thể tạo một tài khoản Money Lover để đặt tài khoản của bạn là Premium. Nếu bạn có một thiết bị khác, đăng nhập vào Money Lover trên thiết bị đó với tài khoản của bạn thì trạng thái Premium trên thiết bị đó sẽ tự động được kích hoạt.</string>
  <string name="recent_transaction_dialog_description">Bạn có thể nhập dữ liệu giao dịch từ những giao dịch trước đây</string>
  <string name="repeat_transaction_every">Mỗi</string>
  <string name="repeat_transaction_from">Từ</string>
  <string name="repeat_transaction_at">lúc</string>
  <string name="repeat_transaction_times">lần</string>
  <string name="event_delete_message">Bạn có muốn xóa sự kiện này?</string>
  <string name="saving_delete_message">Bạn có muốn xóa khoản tiết kiệm này?</string>
  <string name="budget_delete_message">Bạn có muốn xóa ngân sách này?</string>
  <string name="transaction_detail_cashback_left">Còn lại</string>
  <string name="transaction_detail_cashback_paid">Đã trả</string>
  <string name="add_account_error_message_no_currency">Vui lòng chọn một loại tiền tệ cho ví của bạn</string>
  <string name="store_download_fail">Không thể tải về biểu tượng tại thời điểm này</string>
  <string name="dialog_turn_on_location_service">Bạn có muốn bật dịch vụ địa điểm?</string>
  <string name="set_icon_default_tab">Mặc định</string>
  <string name="set_icon_tab_sdcard">Đã tải xuống</string>
  <string name="set_icon_more_tab">Thêm biểu tượng</string>
  <string name="store_preview_icon">Xem trước</string>
  <string name="store_buy_icon">Mua</string>
  <string name="store_icon_title">Cửa hàng biểu tượng</string>
  <string name="store_purchase_preview">Xem trước</string>
  <string name="download">Tải về</string>
  <string name="do_not_show_again">Không hiện lại</string>
  <string name="new_icon_packs_are_available">Đã có 2 gói biểu tượng mới để bạn có thể sử dụng để đặt hình biểu tượng cho thể loại, sự kiện và tiết kiệm!</string>
  <string name="dialog_share_account">Chia sẻ ví tiền với</string>
  <string name="share_account_success">Chia sẻ ví thành công</string>
  <string name="dialog_sharing_account">Đang chia sẻ…</string>
  <string name="email_address_invalid">Địa chỉ email không hợp lệ</string>
  <string name="set_location_get_address_error">Không thể tải địa chỉ bây giờ, xin vui lòng thử lại sau!</string>
  <string name="cashbook_balance">Số dư</string>
  <string name="statistic_trends">Xu hướng</string>
  <string name="sync_transferring_data">Đang chuyển dữ liệu</string>
  <string name="sync_running">Quá trình đồng bộ đang chạy…</string>
  <string name="trend_criteria_collapsed_time">Từ &lt;b&gt;%1$s&lt;/b&gt; đến &lt;b&gt;%2$s&lt;/b&gt;</string>
  <string name="transaction_detail_set_location">Đặt vị trí</string>
  <string name="transaction_detail_can_not_download_image">Không thể tải về hình ảnh này, hãy thử hình khác.</string>
  <string name="user_unauthenticated">Bạn phải đăng nhập trước</string>
  <string name="share_account_error">Chia sẻ ví không thành công</string>
  <string name="beta">Beta</string>
  <string name="sync_error">Có lỗi khi đồng bộ dữ liệu</string>
  <string name="sync_notification_ticker_text">Đang đồng bộ với máy chủ</string>
  <string name="sync_notification_content_title">Đồng bộ Money Lover</string>
  <string name="login_success">Đăng nhập thành công!</string>
  <string name="login_forgot_password">Quên mật khẩu?</string>
  <string name="register_show_password">Hiện mật khẩu</string>
  <string name="sync_done">Quá trình đồng bộ đã thành công</string>
  <string name="login_fail">Mật khẩu hoặc email không đúng, xin vui lòng thử lại.</string>
  <string name="connecting">Đang kết nối…</string>
  <string name="sync_account">Đồng bộ ví</string>
  <string name="message_sync_transfer_data">Bạn có muốn chuyển dữ liệu không?</string>
  <string name="sync_dialog_transfer_title">Chuyển dữ liệu</string>
  <string name="sync_running_cannot_add_item">Quá trình đồng bộ đang thực hiện, xin vui lòng chờ đợi một lát</string>
  <string name="sync_last_sync">Lần đồng bộ cuối: %1$s</string>
  <string name="sync_sync_first_time">Bấm vào để đồng bộ lần đầu tiên</string>
  <string name="icon_xmas_notification_title">Chúng tôi chúc bạn Giáng sinh an lành cùng gói biểu tượng mới!</string>
  <string name="icon_xmas_notification_content">Trang trí Money Lover bằng gói biểu tượng miễn phí để mừng Giáng sinh!</string>
  <string name="store_icon_re_download">Tải lại</string>
  <string name="store_icon_free">Miễn phí</string>
  <string name="store_icon_list_empty">Không có gói biểu tượng nào</string>
  <string name="store_icon_canceled_message">Quá trình tải về của gói biểu tượng %1$s đã bị hủy bỏ</string>
  <string name="store_icon_download_finished_message">Gói biểu tượng %1$s đã được tải về thành công. Bạn có thể sử dụng các biểu tượng mới đó khi tạo thể loại, sự kiện hoặc tiết kiệm.</string>
  <string name="transaction_detail_show_advanced">Thêm chi tiết</string>
  <string name="refresh">Tải lại</string>
  <string name="navigation_store">Cửa hàng Money Lover</string>
  <string name="create_category_select_parent_error">Có thể không chọn thể loại này là thể loại cha</string>
  <string name="sync_error_timeout">máy chủ đang bảo trì</string>
  <string name="sync_error_server_busy">Máy chủ hiện đang bận, xin vui lòng thử lại sau</string>
  <string name="sync_register_success">Đăng kí thành công</string>
  <string name="transaction_detail_warning_time_not_in_range">Ngày này không trong khoảng thời gian của ngân sách %1$s (%2$s)</string>
  <string name="notification_message_remind_transaction">Bạn đã đặt thông báo cho giao dịch %1$s: %2$s. Chạm để xem chi tiết.</string>
  <string name="location_add_new_address">Đặt %1$s làm địa chỉ</string>
  <string name="category_none_name">Không có thể loại nào</string>
  <string name="saving_add_startamount_over">Số tiền bắt đầu không được lớn hơn số lượng mục tiêu</string>
  <string name="share_account_permission">Đặt người này là chủ sở hữu để họ có thể xem, sửa, xóa tất cả các loại dữ liệu trong ví này</string>
  <string name="error_can_not_load_wallet">Không thể mở ví này hoặc ví đã bị xóa. Xin thử lại hoặc mở ứng dụng không phải từ lối tắt.</string>
  <string name="select_category_tap_to_create_one">Chạm vào để tạo mới</string>
  <string name="error_can_not_change_wallet_transaction_debt_loan">Không thể thay đổi ví đối với giao dịch thuộc thể loại vay, nợ</string>
  <string name="quick_add_manager_title">Hiển thị trên thanh trạng thái</string>
  <string name="account_manager_create_shortcut">Tạo icon trên màn hình home</string>
  <string name="budget_no_data">Không có ngân sách nào</string>
  <string name="event_no_data">Không có sự kiện nào</string>
  <string name="saving_no_data">Không có khoản tiết kiệm nào</string>
  <string name="notification_center_no_data">Không có thông báo nào</string>
  <string name="recurring_transaction_no_data">Không có giao dịch định kỳ nào</string>
  <string name="notification_like_fan_page_title">Like chúng tôi trên Facebook</string>
  <string name="notification_like_fan_page_text">Giữ liên lạc với chúng tôi để cập nhật, mẹo và thi thoảng còn có đồ miễn phí</string>
  <string name="share_account_email_target">Email của người mà bạn muốn chia sẻ</string>
  <string name="share_account_email_error">Chuỗi vừa nhập không phải là một địa chỉ email hợp lệ</string>
  <string name="monthly_report_other_categories">Thể loại khác</string>
  <string name="transfer_wallet_unknown_error_message">Không thể chuyển tiền giữa các ví tại thời điểm này, xin vui lòng thử một lần nữa. Nếu bạn vẫn thấy thông báo này thời gian tới, xin vui lòng liên hệ với chúng tôi để chúng tôi có thể giúp để khắc phục vấn đề này.</string>
  <string name="forgot_password_error_wrong_email">Email này chưa được đăng ký với chúng tôi, xin vui lòng thử lại.</string>
  <string name="forgot_pass_success">Hãy kiểm tra tài khoản email của bạn để biết thêm hướng dẫn.</string>
  <string name="register_error_email_exists">Email này không sử dụng được. Hãy chọn một địa chỉ email khác.</string>
  <string name="promote_event_expire">Sự kiện này đã kết thúc</string>
  <string name="promote_event_error_wrong_code">Mã khuyến mại không hợp lệ, xin vui lòng thử lại.</string>
  <string name="register_error_server">Máy chủ của chúng tôi đã bắt gặp lỗi lạ và chúng tôi đã được thông báo. Trong lúc chúng tôi sửa lỗi đó, bạn có thể đi làm cốc cà phê hoặc đọc báo ;)</string>
  <string name="register_error_entered_info_not_enough">Xin vui lòng điền tất cả các thông tin để tiếp tục</string>
  <string name="purchase_post_facebook_success">Cảm ơn bạn đã chia sẻ</string>
  <string name="promote_event_input_successfully">Mã khuyến mại hợp lệ. Bây giờ bạn có thể sử dụng tất cả tính năng của Money Lover Premium! Cảm ơn bạn đã sử dụng %1$s</string>
  <string name="promote_event_share_facebook">Chia sẻ lên Facebook</string>
  <string name="promote_event_login_description">Mẹo: Bạn có thể đăng ký một tài khoản %1$s để đặt tài khoản đó là Premium. Sau này khi đăng nhập lại vào %1$s, trạng thái Premium của bạn sẽ được tự động kích hoạt lại.</string>
  <string name="promote_event_share_facebook_description">Bạn có thể chia sẻ mã này cho bạn bè để mọi người cùng có thể trải nghiệm Money Lover bản đầy đủ :\')</string>
  <string name="notification_center_message_already_logged_in">Bạn đã đăng nhập rồi.</string>
  <string name="congratulation">Chúc mừng!</string>
  <string name="cashbook_pull_to_add_transaction">Kéo xuống để thêm giao dịch</string>
  <string name="cashbook_release_to_add_transaction">Thả ra để thêm giao dịch</string>
  <string-array name="cashbook_set_timerange_items">
    <item>Ngày</item>
    <item>Tuần</item>
    <item>Tháng</item>
    <item>Quý</item>
    <item>Năm</item>
    <item>Tất cả</item>
    <item>Tuỳ chỉnh</item>
  </string-array>
  <string-array name="delimiters">
    <item>Chấm phẩy ( ; )</item>
    <item>Phẩy ( , )</item>
    <item>Tab</item>
  </string-array>
  <string-array name="create_budget_array_time_range">
    <item>Tháng này</item>
    <item>Quý này</item>
    <item>Năm nay</item>
    <item>Tháng sau</item>
    <item>Quý sau</item>
    <item>Năm sau</item>
    <item>Thời gian khác</item>
  </string-array>
  <string-array name="budget_overview_titles">
    <item>Đang áp dụng</item>
    <item>Đã kết thúc</item>
  </string-array>
  <string-array name="category_manager_edit_cate_menu">
    <item>@string/edit</item>
    <item>@string/delete</item>
  </string-array>
  <string-array name="debt_overview_titles">
    <item>@string/debt_wallet</item>
    <item>@string/loan_wallet</item>
  </string-array>
  <string-array name="campaign_overview_titles">
    <item>Đang áp dụng</item>
    <item>Đã kết thúc</item>
  </string-array>
  <string-array name="arrays_time_mode">
    <item>Hàng tuần</item>
    <item>Mỗi 14 ngày</item>
    <item>Hàng tháng</item>
    <item>Mỗi 3 tháng</item>
    <item>Mỗi 6 tháng</item>
    <item>Hàng năm</item>
  </string-array>
  <string-array name="arrays_type">
    <item>Lãi đơn</item>
    <item>Lãi kép</item>
  </string-array>
  <string-array name="repeat_transaction_time_mode">
    <item>Lặp hàng ngày</item>
    <item>Lặp hàng tuần</item>
    <item>Lặp hàng tháng</item>
    <item>Lặp hàng năm</item>
  </string-array>
  <string-array name="backup_list_file_backup_select_item">
    <item>@string/restore_title</item>
    <item>@string/backup_share</item>
  </string-array>
  <string-array name="repeat_transaction_mode_month_week">
    <item>đầu tiên</item>
    <item>thứ hai</item>
    <item>thứ ba</item>
    <item>thứ tư</item>
    <item>thứ năm</item>
    <item>thứ sáu</item>
  </string-array>
  <string-array name="repeat_transaction_times_duration">
    <item>Mãi mãi</item>
    <item>Cho đến ngày</item>
    <item>Xảy ra một số lượng lần nhất định</item>
  </string-array>
  <string-array name="trend_type">
    <item>@string/expense</item>
    <item>@string/income</item>
    <item>Thu nhập ròng</item>
  </string-array>
  <string-array name="trend_criteria">
    <item>Theo thời gian</item>
    <item>Theo thể loại</item>
  </string-array>
  <plurals name="cashbook_transaction_count">
    <item quantity="other">%d giao dịch</item>
  </plurals>
  <plurals name="budget_days_left">
    <item quantity="other">Còn %d ngày</item>
  </plurals>
  <plurals name="ail_view_photo_title">
    <item quantity="other">Còn %1$s ảnh</item>
  </plurals>
  <plurals name="editbar_selected_count">
    <item quantity="other">Đã chọn %d mục</item>
  </plurals>
</resources>
