<?xml version="1.0" encoding="utf-8"?>
<!--Generated by crowdin.net-->
<resources>
  <string name="notification_message_take_photo_title">Chạm để thêm giao dịch từ ảnh &lt;b&gt;Add-it-later&lt;/b&gt;</string>
  <string name="notification_message_daily_alarm_title">Chạm để thêm giao dịch cho &lt;b&gt;%1$s&lt;/b&gt;</string>
  <string name="notification_message_monthly_remind">Xem báo cáo hàng tháng cho &lt;b&gt;%1$s&lt;/b&gt;</string>
  <string name="notification_message_no_expense_today">Hôm nay chưa có khoản chi nào được thêm, cập nhật thôi!</string>
  <string name="notification_message_remind_debt">Bạn đang nợ  &lt;b&gt;%1$s&lt;/b&gt; của %2$s, cập nhập?</string>
  <string name="notification_message_remind_loan">&lt;b&gt;%1$s&lt;/b&gt; đang nợ của bạn %2$s, cập nhập?</string>
  <string name="budget_notification_budget_warning_title">Ngân sách đạt %1$s%%</string>
  <string name="budget_notification_budget_warning_category_text">Còn %1$s cho %2$s</string>
  <string name="budget_notification_budget_warning_account_text">Còn %1$s cho %2$s</string>
  <string name="budget_notification_budget_100percent_category_text">trong %1$s</string>
  <string name="budget_notification_budget_100percent_account_text">trong %1$s</string>
  <string name="budget_notification_budget_exceeded_title">Chi vượt mức %1$s</string>
  <string name="budget_notification_budget_exceeded_category_text">trong %1$s</string>
  <string name="budget_notification_budget_exceeded_account_text">trong %1$s</string>
  <string name="ail_notification_title">Chạm để chụp ảnh</string>
  <string name="ail_notification_text">bạn có thể thêm giao dịch sau</string>
  <string name="ail_notification_cancel_message">Bạn có thể hiện lại thông báo này trong phần Cài
        đặt
    </string>
  <string name="notification_monthly_alarm_title">Chạm để xem báo cáo cho</string>
  <string name="notification_monthly_alarm_text">%1$s</string>
  <string name="notification_message_auto_backup">Xem tập tin sao lưu từ &lt;b&gt;%1$s&lt;/b&gt;</string>
  <string name="notification_message_repeat_transaction">Một giao dịch mới được thêm vào &lt;b&gt;%1$s&lt;/b&gt;</string>
</resources>
