<?xml version="1.0" encoding="utf-8"?>
<!--Generated by crowdin.net-->
<resources>
  <string name="wpDifferentCurrency">Ví bạn chọn không có cùng đơn vị tiền với ví nguồn gửi. Bạn có muốn đổi tiền thành như này không: </string>
  <string name="downloading">Đang tải</string>
  <string name="duplicate">Bị lặp</string>
  <string name="wpeditAmount">Hoặc bạn có thể sửa số tiền thủ công.</string>
  <string name="wpEmptyContent">Không có dữ liệu để hiển thị</string>
  <string name="wpEmptySymbol">: (</string>
  <string name="wpEndDateAfterStartDateError">Ngày kết thúc không thể trước ngày bắt đầu.</string>
  <string name="wpEnterName">Tên ví của bạn?</string>
  <string name="wpEnterPass">nhập mật khẩu của bạn</string>
  <string name="exit">Thoát</string>
  <string name="wpExpenseColor">Màu khoản chi</string>
  <string name="wpFeedBackSubject">[W] thông tin phản hồi</string>
  <string name="format">Định dạng</string>
  <string name="For">Cho</string>
  <string name="wpHeaderColor">Màu tiêu đề</string>
  <string name="wpHelpUsTranslate">Giúp chúng tôi dịch</string>
  <string name="wpIncomeColor">Màu khoản thu</string>
  <string name="wpInsertAccountAlert">Hãy chọn ví</string>
  <string name="wpInsertAmountAlert">Xin nhập số tiền</string>
  <string name="wpInsertCategoryAlert">Hãy chọn một thể loại</string>
  <string name="wpInsertCategoryLength">Độ dài của tên thể loại phải lớn hơn 2 kí tự và nhỏ hơn 30 kí tự!</string>
  <string name="wpInsertImageAlert">Chọn hình ảnh biểu tượng</string>
  <string name="wpInsertNameAlert">Vui lòng nhập tên</string>
  <string name="wpInsertTimeRangeError">Hãy chọn khoảng thời gian</string>
  <string name="wpInsertTypeAlert">Xin chọn thể loại</string>
  <string name="items">Khoản mục</string>
  <string name="wpLiveFolderError">Không thể mở thư mục Money Lover trên SkyDrive. Xin thử lại.</string>
  <string name="wpLocationServiceWarning">LocationServiceWarning</string>
  <string name="wpLocationService">Location Service</string>
  <string name="wpMessage3">Lỗi BNS: Hành động bị vô hiệu</string>
  <string name="Message2">Lỗi BNS: Số ScheduledActions tối đa của loại này đã tồn tại.</string>
  <string name="wpMessage1">Background agents của ứng dụng này đã bị vô hiệu bởi người dùng.</string>
  <string name="wpMessage">Tin nhắn</string>
  <string name="monday">Thứ hai</string>
  <string name="month">Tháng</string>
  <string name="name">Tên</string>
  <string name="navigations">Điều hướng</string>
  <string name="wpDeleteNotify">Bạn có muốn xóa tất cả?</string>
  <string name="wpNotify7">[Báo cáo]</string>
  <string name="wpNotify6">[Tiết kiệm]</string>
  <string name="wpNotify5">Ngân sách {0} đã bị vượt quá.</string>
  <string name="wpNotify4">Hãy cẩn thận, {0} ngân sách đang sắp bị vượt quá.</string>
  <string name="wpNotify3_2">Khoản vay {0} đã kết thúc.</string>
  <string name="wpNotify3_1">Khoản nợ {0} đã kết thúc.</string>
  <string name="wpNotify2">Bạn không có giao dịch nào vào ngày hôm nay. Thêm bây giờ?</string>
  <string name="wpNotify1">Lời khuyên</string>
  <string name="wpNotify0">Chào mừng đến với Money Lover trên Windows Phone. Từ hôm nay, nó sẽ giúp bạn lập kế hoạch và theo dõi tất cả các khoản chi của bạn, ghi lại tất cả mọi thứ và tạo ra các báo cáo định kì. Mong bạn thấy nó có ích.</string>
  <string name="notifications">Thông báo</string>
  <string name="notification">Thông báo</string>
  <string name="wpNoParent">Không có thể loại cha</string>
  <string name="number">Không.</string>
  <string name="other">Khác</string>
  <string name="Over">Lớn hơn</string>
  <string name="wpOverDue">Quá hạn</string>
  <string name="wpOverAmount">Số tiền bạn chuyển lớn hơn tổng tiền bạn có! Bạn có muốn chỉnh sửa không?</string>
  <string name="wpPaidHistory">Lịch sử thanh toán</string>
  <string name="parent">Thể loại cha</string>
  <string name="wpPasswordProtected">Được bảo vệ bởi mật khẩu</string>
  <string name="payment">Thanh toán</string>
  <string name="people">Người</string>
  <string name="picture">Hình ảnh</string>
  <string name="wpPinToStart">Pin để bắt đầu</string>
  <string name="place">Địa điểm</string>
  <string name="wpPlaceFinder">Tìm địa điểm</string>
  <string name="quarter">Quý</string>
  <string name="reason">Lý do</string>
  <string name="reload">Tải lại</string>
  <string name="wpReminderAddTran">Nhắc nhở thêm giao dịch</string>
  <string name="wpRestartNotify">Bạn phải khởi động lại ứng dụng để xem các thay đổi.</string>
  <string name="wpRestoreMess">Khôi phục cơ sở dữ liệu sẽ thay thế cơ sở dữ liệu hiện tại của bạn bằng cơ sở dữ liệu bạn đã chọn. Tất cả dữ liệu hiện tại sẽ bị mất. Bạn có chắc bạn muốn khôi phục cơ sở dữ liệu không?</string>
  <string name="wpRestoreComplete">Hoàn thành khôi phục.</string>
  <string name="restore">Khôi phục</string>
  <string name="running">Đang áp dụng</string>
  <string name="wpSamplePlaceSearch">Tên một số nơi</string>
  <string name="wpSelectedCategory">Thể loại được chọn</string>
  <string name="wpSkydriveLogin">Xin chào, trước khi tục xin vui lòng đăng nhập vào SkyDrive của bạn.</string>
  <string name="sort">Sắp xếp</string>
  <string name="wpSpendWith">Chi tiêu với</string>
  <string name="start_month">Ngày đầu tiên của tháng</string>
  <string name="start_week">Ngày đầu tiên của tuần</string>
  <string name="sunday">Chủ Nhật</string>
  <string name="sure">Chắc chắn</string>
  <string name="wpSyncDone">Hoàn thành đồng bộ.</string>
  <string name="wpThemeManager">Quản lý chủ đề</string>
  <string name="wpThisMonth">Tháng này</string>
  <string name="wpThisQuarter">Quý này</string>
  <string name="wpThisWeek">Tuần này</string>
  <string name="wpThisYear">Năm nay</string>
  <string name="time_format">Định dạng thời gian</string>
  <string name="wpTimeRange">Thời gian áp dụng</string>
  <string name="title">Tiêu đề</string>
  <string name="wpToAcount">Tới ví</string>
  <string name="today">Hôm nay</string>
  <string name="tomorrow">Ngày mai</string>
  <string name="tranfer">Chuyển khoản</string>
  <string name="wpTranferFail">Xin vui lòng kiểm tra thông tin một lần nữa! Số tiền bạn chuyển phải lớn hơn 0.</string>
  <string name="wpTranferComplete">Quá trình chuyển khoản hoàn thành.</string>
  <string name="wpTransferFrom">Chuyển từ:</string>
  <string name="wpTransferMoney">Chuyển tiền</string>
  <string name="wpTranferingException">TranferingException</string>
  <string name="wpTransactionInfo">Thông tin giao dịch</string>
  <string name="tutorial">Hướng dẫn</string>
  <string name="unfinished">Chưa hoàn thành</string>
  <string name="unit">Đơn vị</string>
  <string name="wpUploadCompleted">Tải lên hoàn tất.</string>
  <string name="uploading">Đang tải lên</string>
  <string name="wpUploadSkydrive">Tải lên SkyDrive</string>
  <string name="wpUseCustomColor">Sử dụng màu tùy chỉnh</string>
  <string name="used">Đã sử dụng</string>
  <string name="wpViewMode">Chế độ xem</string>
  <string name="wpViewOffice">Xem trong Office</string>
  <string name="week">Tuần</string>
  <string name="wrong">Sai</string>
  <string name="wpWrongPass">Sai mật khẩu.</string>
  <string name="year">Năm</string>
  <string name="yesterday">Hôm qua</string>
  <string name="wpViewTran">Xem danh sách giao dịch</string>
  <string name="editDebt">Chỉnh sửa nợ</string>
  <string name="wpTimeAlreadyOver">Thời gian bạn chọn đã qua.</string>
  <string name="account_all">Tất cả các ví</string>
  <string name="about_msg_wp">Kiếm tiền và quản lý tiền không hề giống nhau. Việc sử dụng tiền không cẩn thận và thiếu quản lý là vấn đề của mọi gia đình, Money Lover sẽ giúp bạn lập kế hoạch và theo dõi tất cả các khoản thu, chi, cùng với lập báo cáo định kì. Money Lover không phải là một công cụ quản lý tài chính toàn diện, nhưng là một công cụ đủ đơn giản và hiệu quả cho cá nhân và gia đình.</string>
  <string name="clear">Xóa</string>
  <string name="day">Ngày</string>
  <string name="interest_rate">Bình chọn</string>
  <string name="string_select_all">Chọn tất cả</string>
  <string name="settings_alarm_group_title">Hẹn giờ</string>
  <string name="wpAddAccountFirst">Thêm ví đầu tiên!</string>
  <string name="wpATM">ATM</string>
  <string name="wpAdd">Thêm</string>
  <string name="wpBank">Ngân hàng</string>
  <string name="wpBackupRestore">Sao lưu &amp; khôi phục</string>
  <string name="wpBackup">Sao lưu</string>
  <string name="wpCannotEditAccount">Không thể chỉnh sửa ví này.</string>
  <string name="wpCannotEditTransaction">Không thể sửa giao dịch này.</string>
  <string name="wpConfirmBackCategory">Chúng tôi đã không lưu thể loại của bạn, bạn chắc chắn muốn quay trở lại?</string>
  <string name="wpConfirmBack">Chúng tôi chưa lưu giao dịch của bạn, bạn chắc chắn muốn quay trở lại?</string>
  <string name="wpConfirmBackBudget">Chúng tôi chưa lưu ngân sách của bạn, bạn chắc chắn muốn quay trở lại?</string>
  <string name="wpCustomRange">Thời gian khác</string>
  <string name="wpCustomTimeNullError">Chưa có thời gian tùy chỉnh. Xin vui lòng chọn phạm vi thời gian.</string>
  <string name="wpDayLeft">ngày còn lại</string>
  <string name="wpDaysLeft">ngày còn lại</string>
  <string name="wpDeleteTransaction">Bạn sẽ mất tất cả dữ liệu của giao dịch này. Bạn có muốn tiếp tục?</string>
  <string name="wpDeletePin">Bạn có muốn xóa mã pin?</string>
  <string name="wpDeleteBudget">Bạn sẽ mất tất cả dữ liệu của ngân sách này. Bạn có muốn tiếp tục?</string>
  <string name="wpDeleteAcc">Bạn sẽ mất tất cả dữ liệu của ngân sách này. Bạn có muốn tiếp tục?</string>
  <string name="wpDeleteCategory">Bạn sẽ mất tất cả dữ liệu của thể loại này và tất cả các giao dịch trong đó. Bạn có muốn tiếp tục?</string>
  <string name="wpAuto">Tự động</string>
  <string name="rate">Ủng hộ 5 sao</string>
  <string name="wp_warning_addtran_from_pin_message">Giao dịch đã được thêm thành công. Bạn có muốn trở về màn hình ví?</string>
  <string name="navigation_group_policy">Chính sách</string>
  <string name="wpNotify8">Chúc mừng, bạn đã cập nhật thành công. Bấm vào để xem những thay đổi trong phiên bản mới!</string>
</resources>
