<?xml version="1.0" encoding="utf-8"?>
<!--Generated by crowdin.net-->
<resources>
  <string name="search_over">Lớn hơn</string>
  <string name="search_under">Nhỏ hơn</string>
  <string name="search_time_over">Sau</string>
  <string name="search_time_under">Trước</string>
  <string name="search_between">Giữa</string>
  <string name="search_exact">Chính xác</string>
  <string name="search_remove">Xóa</string>
  <string name="search_none">Không</string>
  <string name="search_all">Tất cả</string>
  <string name="search_select">Chọn</string>
  <string name="start">Bắt đầu</string>
  <string name="end">Kết thúc</string>
  <string name="from">Từ</string>
  <string name="to">Đến</string>
  <string-array name="arr_amount">
    <item>@string/search_all</item>
    <item>@string/search_over</item>
    <item>@string/search_under</item>
    <item>@string/search_between</item>
    <item>@string/search_exact</item>
  </string-array>
  <string-array name="arr_type">
    <item>Tất cả</item>
    <item>Thu</item>
    <item>Chi</item>
  </string-array>
  <string-array name="arr_time">
    <item>@string/search_all</item>
    <item>@string/search_time_over</item>
    <item>@string/search_time_under</item>
    <item>@string/search_between</item>
    <item>@string/search_exact</item>
  </string-array>
</resources>
