<?xml version="1.0" encoding="utf-8"?>
<!--Generated by crowdin.net-->
<resources>
  <string name="cate_salary">Lương</string>
  <string name="cate_award">Thưởng</string>
  <string name="cate_selling">Bán đồ</string>
  <string name="cate_give">Được tặng</string>
  <string name="cate_interest">Tiền lãi</string>
  <string name="cate_debt">Nợ</string>
  <string name="cate_income_other">Khác</string>
  <string name="cate_food">Ăn uống</string>
  <string name="cate_entertainment">Giải trí</string>
  <string name="cate_travel">Du lịch</string>
  <string name="cate_education">Giáo dục</string>
  <string name="cate_transport">Di chuyển</string>
  <string name="cate_friend">Bạn bè &amp; tình yêu</string>
  <string name="cate_family">Gia đình</string>
  <string name="cate_medical">Sức khỏe</string>
  <string name="cate_shopping">Mua sắm</string>
  <string name="cate_loan">Cho vay</string>
  <string name="cate_invest">Đầu tư</string>
  <string name="cate_expense_other">Khác</string>
</resources>
