<?xml version="1.0" encoding="utf-8"?>
<!--Generated by crowdin.net-->
<resources>
  <string name="notice">Заметка</string>
  <string name="error">Ошибка</string>
  <string name="close">Закрыть</string>
  <string name="cancel">Отмена</string>
  <string name="save">Сохранить</string>
  <string name="done">Готово</string>
  <string name="yes">Да</string>
  <string name="submit">Подтвердить</string>
  <string name="sorry">Извините</string>
  <string name="ok">OK</string>
  <string name="search">Поиск</string>
  <string name="no">Нет</string>
  <string name="confirm">Подтвердить</string>
  <string name="today">Сегодня</string>
  <string name="tomorrow">Завтра</string>
  <string name="yesterday">Вчера</string>
  <string name="thisweek">На этой неделе</string>
  <string name="nextweek">На следующей неделе</string>
  <string name="lastweek">На прошлой неделе</string>
  <string name="thismonth">В этом месяце</string>
  <string name="nextmonth">В следующем месяце</string>
  <string name="lastmonth">Последний месяц</string>
  <string name="thisquarter">В этом квартале</string>
  <string name="nextquarter">В следующем квартале</string>
  <string name="lastquarter">Последний квартал</string>
  <string name="thisyear">В этом году</string>
  <string name="nextyear">В следующем году</string>
  <string name="lastyear">В прошлом году</string>
  <string name="quarter_shorten">Квартал</string>
</resources>
