<?xml version="1.0" encoding="utf-8"?>
<!--Generated by crowdin.net-->
<resources>
  <string name="AGO">назад</string>
  <string name="DAY">день</string>
  <string name="DAYS">%1$s дней</string>
  <string name="HOUR">около часа</string>
  <string name="HOURS">%1$s часов</string>
  <string name="MINUTE">около минуты</string>
  <string name="MINUTES">%1$s минут</string>
  <string name="MONTH">примерно месяц</string>
  <string name="MONTHS">%1$s месяцев</string>
  <string name="SECONDS">менее чем за минуту</string>
  <string name="SUFFIX_FROM_NOW">с этого момента</string>
  <string name="YEAR">около года</string>
  <string name="YEARS">%1$s лет</string>
</resources>
