<?xml version="1.0" encoding="utf-8"?>
<!--Generated by crowdin.net-->
<resources>
  <string name="second">второй</string>
  <string name="minute">минута</string>
  <plurals name="days_left">
    <item quantity="one">%d день остался</item>
    <item quantity="few">%d дня осталось</item>
    <item quantity="other">%d дней осталось</item>
  </plurals>
  <plurals name="hour_left">
    <item quantity="one">%d час остался</item>
    <item quantity="few">%d часа осталось</item>
    <item quantity="other">%d часов осталось</item>
  </plurals>
  <plurals name="minute_left">
    <item quantity="one">%d минута осталась</item>
    <item quantity="few">%d минуты осталось</item>
    <item quantity="other">%d минут осталось</item>
  </plurals>
  <plurals name="second_left">
    <item quantity="one">%d секунда осталась</item>
    <item quantity="few">%d секунды осталось</item>
    <item quantity="other">%d секунд осталось</item>
  </plurals>
</resources>
