<?xml version="1.0" encoding="utf-8"?>
<!--Generated by crowdin.net-->
<resources>
  <string name="settings_group_display">Отображение</string>
  <string name="settings_group_alarm_title">Напоминание</string>
  <string name="settings_group_system">Система</string>
  <string name="settings_group_database">База данных</string>
  <string name="settings_group_about">О Money Lover</string>
  <string name="settings_select_date_format">Выбрать формат даты</string>
  <string name="settings_set_first_day_week">Выбрать первый день недели</string>
  <string name="settings_set_first_day_month">Выбрать первый день месяца</string>
  <string name="settings_enable_pin">Включить пароль</string>
  <string name="settings_connect_dropbox">Связаться с Dropbox</string>
  <string name="settings_connect_dropbox_connected">Подключен</string>
  <string name="settings_select_language">Выбрать язык</string>
  <string name="settings_alarm">Ежедневное напоминание о добавлении операций</string>
  <string name="settings_auto_check_update">Авто-проверка обновлений</string>
  <string name="settings_show_ail_notification_title">Показывать Добавить-Это-Позже уведомления</string>
  <string name="pref_show_ail_summary">Сначала сделайте фото для напоминания,  а операцию Вы сможете добавить позже</string>
  <string name="settings_about">О Money Lover</string>
  <string name="settings_changes_log_title">Список изменений</string>
  <string name="settings_amount_text_display_title">Стиль отображения суммы</string>
  <string name="pref_amount_text_decimal_separator_title">Десятичный разделитель</string>
  <string name="pref_amount_text_decimal_separator_imperial">1999.95</string>
  <string name="pref_amount_text_decimal_separator_international">1.99995</string>
  <string name="pref_amount_text_show_currency_title">Показывать валюту</string>
  <string name="pref_amount_text_minus_style_title">Положительный/отрицательный стиль</string>
  <string name="pref_amount_text_minus_style_color">По умолчанию с цветом</string>
  <string name="pref_amount_text_minus_style_sign">С +/- знаком</string>
  <string name="pref_amount_text_minus_style_bracket">С ( ) знаком</string>
  <string name="pref_amount_text_shorten_title">Сократить количество</string>
  <string name="pref_using_location">Использование местоположения</string>
  <string name="settings_reset_data">Сброс данных</string>
  <string name="auto_backup_no">Без автоматического резервного копирования</string>
  <string name="auto_backup">Автоматическое резервное копирование</string>
  <string name="auto_backup_every_day">Каждый день</string>
  <string name="auto_backup_every_week">Каждую неделю</string>
  <string name="auto_backup_every_month">Каждый месяц</string>
  <string name="auto_backup_every_year">Каждый год</string>
  <string name="auto_backup_test">2 phút</string>
  <string name="settings_quick_add_notification_title"></string>
  <string-array name="first_day_of_week_display">
    <item>Воскресенье</item>
    <item>Понедельник</item>
    <item>Вторник</item>
    <item>Среда</item>
    <item>Четверг</item>
    <item>Пятница</item>
    <item>Суббота</item>
  </string-array>
  <string-array name="first_day_of_month_display">
    <item>Первое</item>
    <item>Второе</item>
    <item>Третье</item>
    <item>Четвертое</item>
    <item>Пятое</item>
    <item>Шестое</item>
    <item>Седьмое</item>
    <item>Восьмое</item>
    <item>Девятое</item>
    <item>Десятое</item>
    <item>11-е</item>
    <item>12-е</item>
    <item>13-е</item>
    <item>14-е</item>
    <item>15-е</item>
    <item>16-е</item>
    <item>17-е</item>
    <item>18-е</item>
    <item>19-е</item>
    <item>20-е</item>
    <item>21-е</item>
    <item>22-е</item>
    <item>23-е</item>
    <item>24-е</item>
    <item>25-е</item>
    <item>26-е</item>
    <item>27-е</item>
    <item>28-е</item>
  </string-array>
  <string-array name="alarm_time_display">
    <item>17:00</item>
    <item>18:00</item>
    <item>19:00</item>
    <item>20:00</item>
    <item>21:00</item>
    <item>22:00</item>
    <item>23:00</item>
    <item>Без напоминания</item>
  </string-array>
  <string-array name="auto_backup_repeat">
    <item>@string/auto_backup_every_day</item>
    <item>@string/auto_backup_every_week</item>
    <item>@string/auto_backup_every_month</item>
    <item>@string/auto_backup_every_year</item>
    <item>@string/auto_backup_no</item>
  </string-array>
</resources>
