<?xml version="1.0" encoding="utf-8"?>
<!--Generated by crowdin.net-->
<resources>
  <string name="wpDifferentCurrency">Вы выбрали учетные записи с другой валютой!!! Вы хотите изменить сумму = </string>
  <string name="downloading">Загрузка</string>
  <string name="duplicate">Дублировать</string>
  <string name="wpeditAmount"> Или можно изменить сумму вручную.</string>
  <string name="wpEmptyContent">Нет данных для отображения</string>
  <string name="wpEmptySymbol">: (</string>
  <string name="wpEndDateAfterStartDateError">Дата окончания не может быть раньше даты начала.</string>
  <string name="wpEnterName">Название Вашего кошелька?</string>
  <string name="wpEnterPass">Введите свой пароль</string>
  <string name="exit">Выход</string>
  <string name="wpExpenseColor">Цвет расходов</string>
  <string name="wpFeedBackSubject">[W] Обратная связь</string>
  <string name="format">Формат</string>
  <string name="For">Для</string>
  <string name="wpHeaderColor">Цвет заголовка</string>
  <string name="wpHelpUsTranslate">Помогите нам с переводом</string>
  <string name="wpIncomeColor">Цвет доходов</string>
  <string name="wpInsertAccountAlert">Пожалуйста, выберите учетную запись</string>
  <string name="wpInsertAmountAlert">Пожалуйста, введите немного денег</string>
  <string name="wpInsertCategoryAlert">Пожалуйста, выберите категорию</string>
  <string name="wpInsertCategoryLength">Длина названия должна быть больше 2 и меньше, чем 30!</string>
  <string name="wpInsertImageAlert">Пожалуйста, выберите значок</string>
  <string name="wpInsertNameAlert">Пожалуйста, введите имя</string>
  <string name="wpInsertTimeRangeError">Пожалуйста, выберите диапазон времени</string>
  <string name="wpInsertTypeAlert">Пожалуйста, выберите тип категории</string>
  <string name="items">Элементы</string>
  <string name="wpLiveFolderError">Не удается получить доступ к папке Money Lover в SkyDrive. Пожалуйста, повторите попытку позже.</string>
  <string name="wpLocationServiceWarning">LocationServiceWarning</string>
  <string name="wpLocationService">Служба местоположения</string>
  <string name="wpMessage3">Ошибка BNS: Действие не доступно</string>
  <string name="Message2">Ошибка BNS: Максимальное количество ScheduledActions этого типа существует. </string>
  <string name="wpMessage1">Фоновые агенты для данного приложения отключены пользователем.</string>
  <string name="wpMessage">Сообщение</string>
  <string name="monday">Понедельник</string>
  <string name="month">Месяц</string>
  <string name="name">Имя</string>
  <string name="navigations">Навигации</string>
  <string name="wpDeleteNotify">Вы хотите удалить все?</string>
  <string name="wpNotify7">[Отчет]</string>
  <string name="wpNotify6">[Сохранения]</string>
  <string name="wpNotify5">Бюджет {0} закончился.</string>
  <string name="wpNotify4">Будьте осторожны, бюджет {0} почти закончился.</string>
  <string name="wpNotify3_2">Займ {0} завершен.</string>
  <string name="wpNotify3_1">Задолженность {0} завершена.</string>
  <string name="wpNotify2">Вы не добавили ни одной операции сегодня. Добавить сейчас?</string>
  <string name="wpNotify1">Советы</string>
  <string name="wpNotify0">Добро пожаловать в Money Lover на Windows Phone. С сегодняшнего дня он поможет вам планировать и отслеживать все ваши расходы, записывать все и периодически создавать отчет. Приятного использования.</string>
  <string name="notifications">Уведомления</string>
  <string name="notification">Уведомление</string>
  <string name="wpNoParent">Без родителя</string>
  <string name="number">Нет.</string>
  <string name="other">Другие</string>
  <string name="Over">Более</string>
  <string name="wpOverDue">Просроченно</string>
  <string name="wpOverAmount">Сумма, которую вы переводите больше, чем общий доход! Вы хотите внести изменения?</string>
  <string name="wpPaidHistory">История платежей</string>
  <string name="parent">Родитель</string>
  <string name="wpPasswordProtected">Защищено паролем</string>
  <string name="payment">Оплата</string>
  <string name="people">Контакты</string>
  <string name="picture">Фотография</string>
  <string name="wpPinToStart">ПИН, чтобы начать</string>
  <string name="place">Место</string>
  <string name="wpPlaceFinder">Искатель места</string>
  <string name="quarter">Квартал</string>
  <string name="reason">Причина</string>
  <string name="reload">Перезагрузка</string>
  <string name="wpReminderAddTran">Напоминание добавить операцию</string>
  <string name="wpRestartNotify">Необходимо перезапустить приложение, чтобы увидеть изменения.</string>
  <string name="wpRestoreMess">Восстановление базы данных заменит вашу текущую базу данных. Все данные будут потеряны. Вы уверены, что вы хотите продолжить?</string>
  <string name="wpRestoreComplete">Восстановление завершено.</string>
  <string name="restore">Восстановление</string>
  <string name="running">Запущено</string>
  <string name="wpSamplePlaceSearch">Назовите некоторые места</string>
  <string name="wpSelectedCategory">Выбранная категория</string>
  <string name="wpSkydriveLogin">Привет, прежде чем продолжить пожалуйста войдите в SkyDrive.</string>
  <string name="sort">Сортировка</string>
  <string name="wpSpendWith">Тратить с</string>
  <string name="start_month">Первый день месяца</string>
  <string name="start_week">Первый день недели</string>
  <string name="sunday">Воскресенье</string>
  <string name="sure">Уверен</string>
  <string name="wpSyncDone">Синхронизация завершена.</string>
  <string name="wpThemeManager">Менеджер тем</string>
  <string name="wpThisMonth">В этом месяце</string>
  <string name="wpThisQuarter">В этом квартале</string>
  <string name="wpThisWeek">На этой неделе</string>
  <string name="wpThisYear">В этом году</string>
  <string name="time_format">Формат времени</string>
  <string name="wpTimeRange">Диапазон времени</string>
  <string name="title">Название</string>
  <string name="wpToAcount">В счет</string>
  <string name="today">Сегодня</string>
  <string name="tomorrow">Завтра</string>
  <string name="tranfer">Перевод</string>
  <string name="wpTranferFail">Пожалуйста, проверьте информацию еще раз! Сумма, которую вы переводите должна быть больше 0.</string>
  <string name="wpTranferComplete">Перевод проведен!</string>
  <string name="wpTransferFrom">Перевод от:</string>
  <string name="wpTransferMoney">Перевод денег</string>
  <string name="wpTranferingException">передача исключения</string>
  <string name="wpTransactionInfo">Информация об операции</string>
  <string name="tutorial">Учебник</string>
  <string name="unfinished">Не завершено</string>
  <string name="unit">Единица</string>
  <string name="wpUploadCompleted">Загрузка завершена.</string>
  <string name="uploading">Загружаю</string>
  <string name="wpUploadSkydrive">Загрузка в SkyDrive</string>
  <string name="wpUseCustomColor">Использовать пользовательский цвет</string>
  <string name="used">Используется</string>
  <string name="wpViewMode">Режим просмотра</string>
  <string name="wpViewOffice">Просмотр в Office</string>
  <string name="week">Неделя</string>
  <string name="wrong">Неправильно</string>
  <string name="wpWrongPass">Неправильный пароль.</string>
  <string name="year">Год</string>
  <string name="yesterday">Вчера</string>
  <string name="wpViewTran">Посмотреть операцию</string>
  <string name="editDebt">Редактировать долги</string>
  <string name="wpTimeAlreadyOver">Время, которое вы выбрали уже прошло.</string>
  <string name="account_all">Все счета</string>
  <string name="about_msg_wp">Зарабатывание денег и управление ими не одно и тоже! Небрежные и не спланированные расходы являются проблемами семей во всем мире. Money Lover поможет вам планировать и отслеживать все ваши расходы, записывать все и периодически создавать отчет. Это не полнофункциональный инструмент учета, но это простое финансовое управление будет полезно вам и вашей семьи.</string>
  <string name="clear">Очистить</string>
  <string name="day">День</string>
  <string name="interest_rate">Ставка</string>
  <string name="string_select_all">Выбрать все</string>
  <string name="settings_alarm_group_title">Напоминание</string>
  <string name="wpAddAccountFirst">Сначала добавьте кошелек!</string>
  <string name="wpATM">БАНКОМАТ</string>
  <string name="wpAdd">Добавить</string>
  <string name="wpBank">Банк</string>
  <string name="wpBackupRestore">Резервное копирование и восстановление</string>
  <string name="wpBackup">Резервное копирование</string>
  <string name="wpCannotEditAccount">Не удается изменить эту учетную запись.</string>
  <string name="wpCannotEditTransaction">Не удается изменить эту операцию.</string>
  <string name="wpConfirmBackCategory">Мы еще не сохранили вашу категорию, Вы действительно хотите вернуться?</string>
  <string name="wpConfirmBack">Мы еще не сохранили вашу операцию, Вы действительно хотите вернуться?</string>
  <string name="wpConfirmBackBudget">Мы еще не сохранили ваш бюджет, Вы действительно хотите вернуться?</string>
  <string name="wpCustomRange">Пользовательский диапазон</string>
  <string name="wpCustomTimeNullError">Пользовательское время не задано. Пожалуйста, выберите диапазон времени.</string>
  <string name="wpDayLeft">день остался</string>
  <string name="wpDaysLeft">дней осталось</string>
  <string name="wpDeleteTransaction">Вы потеряете все данные этой операции. Вы хотите продолжить?</string>
  <string name="wpDeletePin">Вы хотите удалить значек?</string>
  <string name="wpDeleteBudget">Вы потеряете все данные этого бюджета. Вы хотите продолжить?</string>
  <string name="wpDeleteAcc">Вы потеряете все данные этой учетной записи. Вы хотите продолжить?</string>
  <string name="wpDeleteCategory">Вы потеряете все данные этой категории и все операции в ней. Вы хотите продолжить?</string>
  <string name="wpAuto">Авто</string>
  <string name="rate">ставка</string>
  <string name="wp_warning_addtran_from_pin_message">Операция была успешно добавлена. Вы хотите вернуться к экрану Кошелька?</string>
  <string name="navigation_group_policy">Политика</string>
  <string name="wpNotify8">Поздравляем, приложение обновлено. Вы хотите узнать, что изменилось в новой версии? Нажмите, чтобы посмотреть!</string>
</resources>
