<?xml version="1.0" encoding="utf-8"?>
<!--Generated by crowdin.net-->
<resources>
  <string name="notification_message_take_photo_title">Нажмите, чтобы добавить операцию от &lt;b&gt;Add-it-Later&lt;/b&gt; фото</string>
  <string name="notification_message_daily_alarm_title">Нажмите, чтобы добавить операции &lt;b&gt;%1$s&lt;/b&gt;</string>
  <string name="notification_message_monthly_remind">Посмотреть ежемесячный отчет для &lt;b&gt;%1$s&lt;/b&gt;</string>
  <string name="notification_message_no_expense_today">Нет расходов сегодня, обновить сейчас?</string>
  <string name="notification_message_remind_debt">Вы до сих пор владеете &lt;b&gt;%1$s&lt;/b&gt; %2$s, обновить сейчас?</string>
  <string name="notification_message_remind_loan">&lt;b&gt;%1$s&lt;/b&gt; все еще принадлежит вам %2$s, обновить сейчас?</string>
  <string name="budget_notification_budget_warning_title">Бюджет достиг %1$s%%</string>
  <string name="budget_notification_budget_warning_category_text">%1$s оставил в &lt;b&gt;%2$s&lt;/b&gt;</string>
  <string name="budget_notification_budget_warning_account_text">%1$s оставил в &lt;b&gt;%2$s&lt;/b&gt;</string>
  <string name="budget_notification_budget_100percent_category_text">в &lt;b&gt;%1$s&lt;/b&gt;</string>
  <string name="budget_notification_budget_100percent_account_text">в &lt;b&gt;%1$s&lt;/b&gt;</string>
  <string name="budget_notification_budget_exceeded_title">Перерасход %1$s</string>
  <string name="budget_notification_budget_exceeded_category_text">в &lt;b&gt;%1$s&lt;/b&gt;</string>
  <string name="budget_notification_budget_exceeded_account_text">в &lt;b&gt;%1$s&lt;/b&gt;</string>
  <string name="ail_notification_title">Нажмите, чтобы сделать фото</string>
  <string name="ail_notification_text">поэтому вы можете добавить операцию позже</string>
  <string name="ail_notification_cancel_message">Вы можете показать это уведомление снова в Настройках</string>
  <string name="notification_monthly_alarm_title">Нажмите чтобы посмотреть отчет</string>
  <string name="notification_monthly_alarm_text">%1$s</string>
  <string name="notification_message_auto_backup">Посмотреть резервную копию в &lt;b&gt;%1$s&lt;/b&gt;</string>
  <string name="notification_message_repeat_transaction">Новая операция была добавлена в &lt;b&gt;%1$s&lt;/b&gt;</string>
</resources>
