<?xml version="1.0" encoding="utf-8"?>
<!--Generated by crowdin.net-->
<resources>
  <string name="account">Кошелек</string>
  <string name="amount">Сумма</string>
  <string name="budget">Бюджет</string>
  <string name="event_title">Событие</string>
  <string name="category">Категория</string>
  <string name="earned_from">Получено от</string>
  <string name="end_date">Дата окончания</string>
  <string name="expense">Расход</string>
  <string name="goto_today">Перейти к сегодняшнему дню</string>
  <string name="goto_thismonth">Перейти к этому месяцу</string>
  <string name="income">Доход</string>
  <string name="migrate">перенос</string>
  <string name="select_category">Выбрать категорию</string>
  <string name="spent_on">Тратить</string>
  <string name="start_date">Дата начала</string>
  <string name="time">Время</string>
  <string name="time_range">%1$s - %2$s</string>
  <string name="loading_more">Загрузка…</string>
  <string name="goal">Цель</string>
  <string name="edit">Изменить</string>
  <string name="saved">Сохранено</string>
  <string name="search_go">Найти</string>
  <string name="buy_app">Перейти в Премиум</string>
  <string name="undobar_message">%1$s был удален</string>
  <string name="backup_share">Поделиться</string>
  <string name="version">Версия %1$s</string>
  <string name="loading">Загрузка…</string>
  <string name="total">Итог</string>
  <string name="splashscreen_create_account">Создать первый кошелек</string>
  <string name="splash_screen_use_cloud">Перейти в Облако (уже скоро)</string>
  <string name="splash_screen_use_cloud_info">Синхронизировать и делиться операциями теперь просто</string>
  <string name="splash_screen_use_right_away">Только для этого устройства</string>
  <string name="splash_screen_use_right_away_info">Прямо сейчас!</string>
  <string name="welcome_message_title">Как вы хотите использовать Money Lover?</string>
  <string name="welcome_message">Вы можете передумать в любое время</string>
  <string name="login_hint_email">Почта</string>
  <string name="login_hint_password">Пароль</string>
  <string name="login_facebook">Войти с помощью Facebook</string>
  <string name="login_money_lover">Войти с помощью аккаунта Money Lover</string>
  <string name="login_title">Войти</string>
  <string name="register_title">Регистрация</string>
  <string name="register_register">Зарегистрировать</string>
  <string name="cashbook_earning">Доходы</string>
  <string name="cashbook_spending">Расходы</string>
  <string name="cashbook_all_transactions">Все операции</string>
  <string name="cashbook_delete_transaction_message">Вы хотите удалить эту операцию?</string>
  <string name="cashbook_left">%1$s осталось</string>
  <string name="cashbook_no_data_guide">Нажмите на кнопку %1$s ниже чтобы добавить</string>
  <string name="cashbook_no_data_swipe_down">Проведите пальцем вниз и</string>
  <string name="cashbook_no_data_faq_tip">Слишком сложно пользоваться? Нажмите %1$s чтобы найти помощников</string>
  <string name="cashbook_no_data_earning">Нет доходов</string>
  <string name="cashbook_no_data_spending">Нет расходов</string>
  <string name="cashbook_no_data">Нет операций</string>
  <string name="cashbook_selected_account_not_existed">Выбранный кошелек не существует, вы будете направлены на кошелек по умолчанию.</string>
  <string name="cashbook_contentdescription_help_support">Помощь &amp; Поддержка</string>
  <string name="cashbook_contentdescription_select_time_range_to_view">Выбрать режим просмотра</string>
  <string name="cashbook_contentdescription_delete_transaction">Удалить операцию</string>
  <string name="cashbook_contentdescription_sort_transaction">Сортировать операции</string>
  <string name="cashbook_contentdescription_search_transaction">Поиск операций</string>
  <string name="cashbook_contentdescription_viewmode_transaction">Сортировать по транзакциям</string>
  <string name="cashbook_contentdescription_viewmode_category">Сортировать по категориям</string>
  <string name="cashbook_contentdescription_transfer_money">Перевод денег</string>
  <string name="with_person">c %1$s</string>
  <string name="with_two_person">c %1$s &amp; %2$s</string>
  <string name="with_many_person">c %1$s &amp; %2$s других людей</string>
  <string name="press_back_one_more_time_to_exit">Чтобы выйти, нажмите кнопку Назад еще раз</string>
  <string name="paid">Возвратить деньги</string>
  <string name="cashbook_cashback_info">до %1$s</string>
  <string name="add_transaction_amount_friendly_title">Сколько?</string>
  <string name="add_transaction_title_add">Добавить операцию</string>
  <string name="add_transaction_title_edit">Редактировать операцию</string>
  <string name="add_transaction_title_view">Детали операции</string>
  <string name="add_transaction_note_title_normal">Заметка</string>
  <string name="add_transaction_note_hint">Пусто</string>
  <string name="add_transaction_cancel_adding">Вы хотите отменить эту операцию</string>
  <string name="add_transaction_discard_edit">Вы хотите отменить изменения в этой операции</string>
  <string name="add_transaction_account_alert_currency_change">Валюта введенной суммы будет изменена с %1$s на %2$s. Все равно выполнить?</string>
  <string name="add_transaction_account_alert_currency_change_start">Валюта введенной суммы будет изменена с</string>
  <string name="add_transaction_account_alert_currency_change_middle">на</string>
  <string name="add_transaction_account_alert_currency_change_end">Вы все еще хотите выполнить?</string>
  <string name="add_transaction_add_success">Операция добавлена успешно!</string>
  <string name="add_transaction_category_hint">Выберите категорию</string>
  <string name="add_transaction_with_title">С помощью?</string>
  <string name="add_transaction_with_hint">Например Зоя Григорьевна, Матвей Эдуардович …</string>
  <string name="add_transaction_reminder_empty">Не напоминать</string>
  <string name="add_transaction_subtransaction_title">Возвратить</string>
  <string name="add_transaction_timecreated_title">Дата</string>
  <string name="add_transaction_reminder_title">Напоминания</string>
  <string name="add_transaction_error_amount">Вы должны  заполнить поле Сумма</string>
  <string name="add_transaction_error_category">вы должны выбрать категорию Расход/Доход</string>
  <string name="debtor">Должник</string>
  <string name="lender">Кредитор</string>
  <string name="for_reason">За %1$s</string>
  <string name="someone">Кто-нибудь</string>
  <string name="someone_hint">Кто-нибудь</string>
  <string name="add_transaction_note_spend_from_saving">Потрачено из сбрежений %1$s</string>
  <string name="add_transaction_no_category_found">Не найдено</string>
  <string name="warning_big_amount_message">Сумма транзакции выглядит слишком крупной. Вы уверены в том, что она верна?</string>
  <string name="warning_big_amount_dont_show_again">Не показывать снова</string>
  <string name="im_wrong">Я ошибся</string>
  <string name="add_note">Написать заметку</string>
  <string name="set_reminder_remove_reminder">Выключать</string>
  <string name="convert_currency_title_dialog">Введите другую валюту</string>
  <string name="convert_currency_message_convert_complete">Преобразовать в</string>
  <string name="convert_currency_message_convert_error">Ошибка при конвертации</string>
  <string name="convert_currency_message_converting">Конвертация ..</string>
  <string name="edit_transaction_confirm_change_category_for_debtloan">Вы уверены, что хотите изменить категорию? Это действие удалить всю историю операций.</string>
  <string name="edit_transaction_mark_remove">Будет удален</string>
  <string name="edit_transaction_mark_remove_message">Все суб транзакции этой транзакции будут удалены</string>
  <string name="delete_sub_transaction">Удалить эту трансакцию</string>
  <string name="sub_transaction_title">История возвратов</string>
  <string name="quick_add_transaction_dialog_title">Новая операция</string>
  <string name="quick_add_notification_ticker">Готов добавить новые операции</string>
  <string name="quick_add_transaction_title">Добавить в %1$s</string>
  <string name="quick_add_transaction_notification_text">Нажмите, чтобы перейти в кошелек</string>
  <string name="add_account_title_add">Добавить кошелек</string>
  <string name="add_account_title_edit">Редактировать кошелек</string>
  <string name="add_account_name_title">Название</string>
  <string name="add_account_currency_title">Валюта</string>
  <string name="add_account_start_balance_title">Начальный баланс</string>
  <string name="add_account_error_accountname_exists">Кошелек с таким именем уже существует.</string>
  <string name="add_account_error_accountname_length_invalid">Называние бумажника  должно иметь %1$s или %2$s символа.</string>
  <string name="add_account_discard_changed">Вы хотите отменить все изменения, внесенные в кошельке?</string>
  <string name="add_account_note_for_initial_balance">Начальный баланс</string>
  <string name="add_account_shortcut_title">Добавить ярлык на главный экран</string>
  <string name="add_account_shortcut_success">Создать ярлыкы успешно завершено</string>
  <string name="account_manager_title">Управление кошельками</string>
  <string name="account_manager_confirm_delete_account">Вы хотите удалить кошелек %1$s?</string>
  <string name="time_picker_dialog_title">Выберить время</string>
  <string name="navigation_cashbook">Операции</string>
  <string name="navigation_budget">Бюджет</string>
  <string name="navigation_campaign">Сбережения</string>
  <string name="navigation_event">События</string>
  <string name="navigation_category_manager">Категории</string>
  <string name="navigation_statistic">Статистика</string>
  <string name="navigation_settings">Настройки</string>
  <string name="navigation_feedback">Обратная связь</string>
  <string name="navigation_debt_manager">Долги</string>
  <string name="navigation_tools">Инструменты</string>
  <string name="navigation_about">О Money Lover</string>
  <string name="navigation_sync">Синхронизация</string>
  <string name="navigation_logout">Выход</string>
  <string name="navigation_login">Перейти в Облако</string>
  <string name="navigation_database">База данных</string>
  <string name="navigation_copyright">© 2013 Zoo Studio. Все права защищены.</string>
  <string name="tools_interest_rate">Процентная ставка</string>
  <string name="tools_export_csv">Экспорт CSV</string>
  <string name="tools_export_excel">Экспорт в Excel</string>
  <string name="tools_tip_calculator">Калькулятор чаевых</string>
  <string name="tools_find_atm">Поиск банкоматов</string>
  <string name="tools_find_bank">Поиск банка</string>
  <string name="tools_install_app">Установить дополнения</string>
  <string name="tools_install_app_message">Вы хотите установить &lt;b&gt;%1$s&lt;/b&gt; из магазина Google Play?</string>
  <string name="statistic_monthly_report">Ежемесячный отчет</string>
  <string name="bank_finder">Поиск банка</string>
  <string name="bank_finder_hint">например Сбербанк, Альфа-Банк…</string>
  <string name="bank_finder_input_bank_name">Введить название банка</string>
  <string name="open_file">Открыть файл</string>
  <string name="export_fail">К сожалению во время процесса экспорта произошла ошибка. Экспорт не может быть продолжен</string>
  <string name="export_success">Экспорт прошел успешно</string>
  <string name="select_account">Выберить кошелек</string>
  <string name="export_csv">Экспорт CSV</string>
  <string name="export_excel">Экспорт в EXCEL</string>
  <string name="attach_to_email">Присоединить к электронной почте</string>
  <string name="delimiter">Разделитель</string>
  <string name="atm_finder">Поиск банкоматов</string>
  <string name="change">Изменить</string>
  <string name="send_mail">Отправить электронное письмо</string>
  <string name="contact_me">Свяжитесь с нами</string>
  <string name="about_thanks">&lt;b&gt;Специальная благодарность&lt;/b&gt;&lt;br /&gt;
Andreas Krings, Jake Wharton, Jeremy Feinstein, Roman Nurik, Simon Vig Therkildsen, Soarcn, Tjerk
Wolterink за его восхитительные библиотеки.&lt;br /&gt;
Brankic1979 и Nick Frost за их красивый пак иконок.&lt;br /&gt;
Всем нашим добровольцам за их помощь в переводе Money Lover на другие языки.</string>
  <string name="about_developed">by ZooStudio</string>
  <string name="about_view_profile_facebook">Посетите наш профиль</string>
  <string name="budget_overspent">Перерасход</string>
  <string name="budget_finished">Закончено</string>
  <string name="budget_spent">Потрачено</string>
  <string name="budget_all_category">Все категории</string>
  <string name="create_budget_title_add">Добавить бюджет</string>
  <string name="create_budget_title_edit">Редактировать бюджет</string>
  <string name="create_budget_create_for">Добавить для</string>
  <string name="create_budget_time_range">Временной диапазон</string>
  <string name="budget_detail_delete_confirm_message">Вы хотите удалить этот бюджет?</string>
  <string name="create_budget_message_select_day_error">Дата окончания должна быть после даты начала </string>
  <string name="create_budget_message_duplicate_DB">Бюджет для этого промежутка времени создан, хотите заменить старый?</string>
  <string name="create_budget_message_warning_enter_amount">Сумма бюджета меньше чем 0!</string>
  <string name="create_budget_message_error_category">Вы должны выбрать категорию</string>
  <string name="create_budget_message_error_time">Вы должны выбрать время для бюджета</string>
  <string name="budget_overview_monthly">Ежемесячный план бюджета</string>
  <string name="budget_overview_custom">Пользовательские бюджетные планы</string>
  <string name="budget_overview_no_data_guide">Коснитесь кнопки «%1$s» выше, чтобы добавить новый бюджет</string>
  <string name="budget_detail_category">%1$s бюджет</string>
  <string name="budget_detail_account_detail_emptyview_message">Нажмите, чтобы добавить бюджет</string>
  <string name="budget_detail_list_transactions_title">Список операций</string>
  <string name="clear_template">Очистить шаблон</string>
  <string name="budget_template">Шаблон</string>
  <string name="dialog_enter_amount_title">Введите сумму</string>
  <string name="security_pin_title_create">Установить пароль</string>
  <string name="security_pin_title_confirm">Подтвердить пароль</string>
  <string name="security_pin_title_open">Введите пароль</string>
  <string name="security_pin_message_remove">Отключить блокировку паролем</string>
  <string name="security_pin_title_wrong_password">Неверный пароль!</string>
  <string name="security_pin_message_try_again">Попробуйте еще раз</string>
  <string name="is_latest_version">На данный момент у Вас самая новая версия.</string>
  <string name="update">Обновить</string>
  <string name="has_new_version">Выпущена новая версия, пожалуйста, обновите программу!</string>
  <string name="no_internet">Нет подключения к Интернету. Пожалуйста, попробуйте еще раз!</string>
  <string name="check_update">Проверка обновлений</string>
  <string name="thanks_feedback">Спасибо за ваши отзывы.</string>
  <string name="add_sub_transaction_input_more_than_left">Введенная сумма больше неуплаченной суммы</string>
  <string name="warning">Предупреждение</string>
  <string name="process">Обработка …</string>
  <string name="error_no_google_map">Пожалуйста, установите Google Maps для использования этой функции</string>
  <string name="set">Устанавливать</string>
  <string name="category_manager_title">Управление категориями</string>
  <string name="category_manager_notice_cannot_edit_default_category">Нельзя редактировать Специальные категории</string>
  <string name="category_manager_confirm_delete_category">Вы хотите  удалить категорию %1$s? Все операции внутри этой категории, будут удалены.</string>
  <string name="category_manager_delete_success_message">Категория %1$s была удалена</string>
  <string name="create_category_title">Новая категория</string>
  <string name="edit_category_title">Редактировать категорию</string>
  <string name="create_category_name_title">Название</string>
  <string name="create_category_select_icon_title">Иконка</string>
  <string name="create_category_default_parent_category">Я родитель</string>
  <string name="create_category_parent_category">Родительская категория</string>
  <string name="create_category_hint_name_review">Название категории</string>
  <string name="create_category_message_duplicate_DB">Эта категория уже существует</string>
  <string name="create_category_select_type_error">Вы должны выбрать тип категории</string>
  <string name="create_category_input_name_error">Введите имя вашей категории</string>
  <string name="create_category_select_icon_error">Не забывайте добавить иконку для категории</string>
  <string name="select_parent_category_title">Выберить родительскую категорию</string>
  <string name="message_transfer_successful">Передача завершена!</string>
  <string name="title_dialog_transfer">От %1$s</string>
  <string name="back">Назад</string>
  <string name="message_currency_error">Вы хотите преобразовать %1$s в %2$s?</string>
  <string name="note_income_transfer">Получено от %1$s</string>
  <string name="message_amount_zero">Сумма перевода должна быть больше чем 0</string>
  <string name="default_note_transfer">Перевести в %1$s</string>
  <string name="monthly_report_start_balance">Начальный баланс</string>
  <string name="monthly_report_this_month_balance">Чистый доход</string>
  <string name="monthly_report_end_balance">Конечный баланс</string>
  <string name="monthly_report_compare_to_previous_month">Сравнение ежемесячных отчетов</string>
  <string name="monthly_report_largest_expense">Крупнейший расход</string>
  <string name="monthly_report_expense_by_category">Расходы по категориям</string>
  <string name="monthly_report_nodata">Нет отчета за этот месяц</string>
  <string name="monthly_report_nodata_guide">Ежемесячные отчеты будут отображаться автоматически после начала нового месяца</string>
  <string name="search_result">Результаты поиска</string>
  <string name="type">Тип</string>
  <string name="with">Со</string>
  <string name="select_time">Выберите время</string>
  <string name="notification_center_message_empty_notification">Нет уведомлений</string>
  <string name="notification_center_title">Центр уведомлений</string>
  <string name="notification_center_delete_read_notifications">Удалить прочитанные сообщения</string>
  <string name="notification_center_mark_all_as_read">Отметить все как прочитанное</string>
  <string name="debt_manager_title">Долги</string>
  <string name="debt_wallet">К оплате</string>
  <string name="loan_wallet">К получению</string>
  <string name="now">Неоплаченный</string>
  <string name="past">Оплаченный</string>
  <string name="note_transaction_saving">Забрать из сберегательного %1$s</string>
  <string name="saving_overview_title">Сбережения</string>
  <string name="saving_overview_deposit">Внести</string>
  <string name="saving_overview_need">Нужно</string>
  <string name="saving_overview_spend">Затратить</string>
  <string name="saving_overview_withdraw">Забрать</string>
  <string name="saving_deposit">Внести в сбережение %1$s</string>
  <string name="saving_withdraw_default_note">Взято из сбережения %1$s</string>
  <string name="saving_overview_no_data_guide">Нажмите на %1$s кнопку выше, чтобы добавить новое сбережение</string>
  <string name="saving_menu_deposit">Внести</string>
  <string name="saving_menu_withdraw">Забрать</string>
  <string name="saving_menu_spendon">Потратить на …</string>
  <string name="saving_add_title">Добавить сбережение</string>
  <string name="saving_edit_title">Редактировать сбережения</string>
  <string name="saving_add_name_title">Название</string>
  <string name="saving_add_start_amount">Начальная сумма</string>
  <string name="saving_add_success">Новое сбережение создано</string>
  <string name="saving_add_error_goal_amount">Необходимо ввести сумму цели!</string>
  <string name="saving_add_error_name">Необходимо ввести название сбережения!</string>
  <string name="saving_add_error_icon">Вы должны выбрать значок!</string>
  <string name="saving_add_cancel_adding">Вы хотите отменить это сбережение?</string>
  <string name="saving_add_discard_edit">Вы хотите отменить изменения для этого сбережения?</string>
  <string name="dialog_select_event_remove">Удалить событие</string>
  <string name="event_add_title">Добавить событие</string>
  <string name="event_edit_title">Редактировать событие</string>
  <string name="event_input_name_error">Введите имя вашего события</string>
  <string name="event_select_icon_error">Не забудьте значок для события</string>
  <string name="event_overview_view_transactions">Операции</string>
  <string name="event_overview_deposit">Депозит</string>
  <string name="event_overview_withdraw">Снять</string>
  <string name="event_overview_deposited">Депонированный</string>
  <string name="event_overview_finish">Заканчить</string>
  <string name="event_overview_no_data_guide">Нажмите кнопку %1$s выше, чтобы добавить новое событие</string>
  <string name="event_menu_mark_as_finished">Отметить как завершенное</string>
  <string name="event_menu_mark_as_unfinish">Отметить как незавершенное</string>
  <string name="interest_rate_title">Процентная ставка</string>
  <string name="interest_rate">Ставка</string>
  <string name="time_from">На срок</string>
  <string name="select_type_interest">Вид процентов</string>
  <string name="date_to_invalid">Дата должна быть после даты с </string>
  <string name="amount_empty">Пожалуйста, введите сумму</string>
  <string name="time_mode_interest">Режим времени</string>
  <string name="rate_empty">Пожалуйста, введите значение процента</string>
  <string name="time_empty">Пожалуйста, выберите значение времени</string>
  <string name="interest">Проценты</string>
  <string name="number_of_period">Количество периодов</string>
  <string name="total_amount">Общая сумма</string>
  <string name="interest_result">Результат</string>
  <string name="total_people">с %d людьми</string>
  <string name="percent_tip">Совет %1$s%%</string>
  <string name="total_pay">Всего заплачено</string>
  <string name="total_tip">Всего чаевых</string>
  <string name="total_tip_person">Итого чаевых на человека</string>
  <string name="total_per_person">Итого на одного человека</string>
  <string name="note_it">Примечание</string>
  <string name="no_tip">Без чаевых</string>
  <string name="more_people">Количество людей</string>
  <string name="more_tip">Процент чаевых</string>
  <string name="calculate">Вычислить</string>
  <string name="change_review">%1$s%% лучше, &lt;b&gt;заменить?&lt;/b&gt;</string>
  <string name="empty_amount">Поле суммы пустое</string>
  <string name="inapp_purchase">Премиум функции</string>
  <string name="message_purchase_error">Ошибка при покупке</string>
  <string name="message_purchase_success">Покупка завершена. Перезапустите программу чтобы применить изменения.</string>
  <string name="purchase_bought">Вы уже купили это</string>
  <string name="reset_app_to_change">Перезапустите приложение, чтобы применить изменения</string>
  <string name="purchase_buy_all_title">Перейти на Премиум</string>
  <string name="purchase_buy_all_text">Вы сможете иметь больше одного кошелька, бюджета, сбережения и события.\nНе будет больше рекламы!</string>
  <string name="purchase_buy_ads_title">Убрать рекламу</string>
  <string name="purchase_buy_ads_text">Используйте простую версию Money Lover без рекламы!</string>
  <string name="purchase_input_premium_code_text">Если у вас есть лицензионный код</string>
  <string name="purchase_notice_buy_features">Бесплатная версия позволяет добавить только один бюджет, одно сбережение, одно событие и не может использовать все возможности. Пожалуйста, перейдите на премиум версию для создания неограниченного количества бюджетов, сбережений, событий и для доступа ко всем функциям</string>
  <string name="premium_code">Введите лицензионный код</string>
  <string name="license_code_not_correct">Лицензионный код не правильный</string>
  <string name="license_code_success">Лицензионный код действителен. Вам сейчас доступны все функции в %1$s</string>
  <string name="widget_select_account_empty">Перед созданием виджета Вы должны создать кошелек</string>
  <string name="widget_simple_light_name">Обычный виджет светлый</string>
  <string name="widget_select_account_title">Выберить кошелек</string>
  <string name="ail_message_empty_image">Нет фотографий</string>
  <string name="ail_guide_1">Вы сфотографировали что-то</string>
  <string name="ail_guide_2">Вы можете добавить операцию об этом позже</string>
  <string name="migrate_dialog_message">Money Lover собирается перенести данные со старой версии на новую. Вы хотите продолжить?</string>
  <string name="migrate_dialog_notice">Заметка</string>
  <string name="migrate_dialog_disabled_function">В этой версии функция биллинга была временно отключена. Несмотря на это ваши данные будут перенесены.</string>
  <string name="migrate_dialog_cancel_message">Если вы передумаете, вы сможете перенести данные в %1$s позже. Но все ваши новые данные с этого времени до момента переноса пропадут.</string>
  <string name="migrate_processing_transfer_currencies">Перенос валют</string>
  <string name="migrate_processing_transfer_accounts">Перенос и преобразование старых счетов в кошельки</string>
  <string name="migrate_processing_transfer_master_categories">Перенос основных категорий</string>
  <string name="migrate_processing_transfer_categories">Перенос категорий</string>
  <string name="migrate_processing_transfer_transactions">Перенос операций</string>
  <string name="migrate_processing_transfer_tagged_people">Перенос отмеченных людей</string>
  <string name="migrate_processing_transfer_sub_transactions">Перенос субопераций</string>
  <string name="migrate_processing_transfer_interests">Перенос интересов</string>
  <string name="migrate_processing_transfer_bills">Перенос счетов</string>
  <string name="migrate_processing_transfer_budgets">Перенос бюджетов</string>
  <string name="migrate_processing_transfer_campaigns">Перенос кампаний</string>
  <string name="restore_title">Восстановление данных</string>
  <string name="restore_message_successful">Импорт завершен!</string>
  <string name="restore_message_error">Произошла ошибка при импорте данных</string>
  <string name="restore_loading_file_from_dropbox">Загрузка файла с Dropbox…</string>
  <string name="restore_connect_dropbox">Связываемся с Dropbox</string>
  <string name="restore_message">Выберите один из файлов ниже, чтобы восстановить из него данные</string>
  <string name="restore_message_edit">Выберите файл для удаления</string>
  <string name="restore_empty_file">Нет файлов</string>
  <string name="restore_disconnect_dropbox">Отключить Dropbox</string>
  <string name="restore_disconnect_dropbox_confirm">Вы правда хотите отключить Dropbox?</string>
  <string name="backup_title">Резервное копирование данных</string>
  <string name="backup_file_name">Резервное копирование в файл</string>
  <string name="backup_notice_about_file_ext">Начиная с этой версии мы используем новый формат для файла резервного копирования &lt;b&gt;.mlx&lt;/b&gt; , но вы все еще можете импортировать и .money и .mlx в%1$s</string>
  <string name="backup_success_message">Резервное копирование завершено</string>
  <string name="backup_fail_message">Сбой резервного копирования</string>
  <string name="navigation_group_support">Поддержка</string>
  <string name="navigation_group_setting">Настройка</string>
  <string name="navigation_group_plans">Планирование</string>
  <string name="navigation_group_others">Другое</string>
  <string name="navigation_group_tools">Инструменты</string>
  <string name="widget_account_was_deleted">Кошелек был удален</string>
  <string name="tools_install_go_to_playstore">Перейти в Play Store</string>
  <string name="tools_shopping_lover_intro">Приложение построено на основе привычек покупателей. Оно увеличивает эффективность и скорость вашей торговли, а также предотвращает ошибки.</string>
  <string name="tools_exchanger_intro">Exchanger - это простой способ преобразовывать валюту на мобильных устройствах. &lt; br / &gt;-приятный интерфейс с плоским дизайном &lt; br / &gt; -имеет 100 + мировых валют &lt; br / &gt;-Преобразование в несколько валют одновременно &lt; br / &gt;-не требует подключение к сети.</string>
  <string name="rate_app_dont_show_again">Больше не просить оставить отзыв на приложение</string>
  <string name="rate_app_dont_show_again_short">Больше не показывать</string>
  <string name="rate_app_config_title">оценка приложения</string>
  <string name="delete">Удалить</string>
  <string name="restore_delete_message">Вы хотите безвозвратно удалить эти файлы?</string>
  <string name="restore_message_confirm">Вы хотите восстановить данные из файла %1$s? Все ваши текущие данные будут удалены!</string>
  <string name="restore_autobackup_fail">Автоматическое резервное копирование не удалось. Процесс восстановления не может быть продолжен.</string>
  <string name="deleting">Удаление...</string>
  <string name="purchase_error_unknown">Неизвестная ошибка.</string>
  <string name="purchase_please_wait_until_data_is_loaded">Пожалуйста, дождитесь загрузки данных.</string>
  <string name="announce_update_lost_data_message">&lt;p&gt;Мы обновили Money Lover и перенесем данные со старой версии. Во время процесса обновления может пропасть часть данных, а иногда, к сожалению, даже все данные. &lt;/p&gt;&lt;p&gt;&lt;b&gt;Технически, ваши данные по-прежнему существуют, мы не будет удалять их, если процесс переноса пойдет неправильно.&lt;/b&gt;&lt;/p&gt;&lt;p&gt; Если у вас возникла такая ситуация, пожалуйста свяжитесь с нами и мы поможем вам восстановить ваши данные обратно.&lt;/p&gt;</string>
  <string name="announce_update_lost_data_message_title">О потере данных после обновления</string>
  <string name="cannot_find_my_language">Больше языков?</string>
  <string name="feedback_language_text">Здравствуйте, \n Я хотел бы перевести следующие языки:\n</string>
  <string name="feedback_language_subject">[LANG] ОБРАТНАЯ СВЯЗЬ ПО ПОВОДУ ПЕРЕВОДА</string>
  <string name="message_more_languages">Мы работаем над переводом новой версии Money Lover на другие языки, но этот процесс может занять некоторое время, поэтому нам действительно нужна помощь от наших пользователей, чтобы ускорить его.</string>
  <string name="message_more_languages_help">Пожалуйста, помогите нам, если вы можете перевести с английского на другие языки. Вы можете связаться с нами для получения дополнительной информации.</string>
  <string name="languagehelp_ok">Хорошо, я помогу!</string>
  <string name="languagehelp_cancel">Нет, может быть, позже :(</string>
  <string name="languagehelp_title">Помочь перевести</string>
  <string name="changes_log_title">Список изменений</string>
  <string name="restore_menu_show_auto_backup">Показать файлы автоматического резервного копирования</string>
  <string name="restore_menu_hide_auto_backup">Скрыть файлы автоматического резервного копирования</string>
  <string name="restore_menu_edit">Выбрать файлы</string>
  <string name="title_view_web">Web Display</string>
  <string name="title_notification_web">Подключение к веб-клиенту</string>
  <string name="turn_on_web">Включить сервер</string>
  <string name="turn_off_web">Выключить сервер</string>
  <string name="tab_to_turn_off_web">Нажмите, чтобы отключить веб</string>
  <string name="budget_detail_error_budget_not_exists">Этот бюджет больше не существует</string>
  <string name="new_expense_category">Новая категория расходов</string>
  <string name="new_income_category">Новая категория доходов</string>
  <string name="turn_on_wifi">Сначала включите wi-fi</string>
  <string name="server_off">Сервер выключен</string>
  <string name="access_link">%1$s</string>
  <string name="previous_web">Предыдущее</string>
  <string name="next_web">Следующее</string>
  <string name="webdisplay_status_title">Статус</string>
  <string name="webdisplay_menu_help">Помощь</string>
  <string name="webdisplay_menu_advance">Расширенные настройки</string>
  <string name="add_web">Добавить</string>
  <string name="cashback_loan_info">от %1$s</string>
  <string name="webdisplay_turning_on">Включение…</string>
  <string name="webdisplay_turned_on">Выключить</string>
  <string name="webdisplay_turning_off">Отключение...</string>
  <string name="webdisplay_turned_off">Включить</string>
  <string name="set_as_start_date">Установить в качестве даты начала</string>
  <string name="set_as_end_date">Установить в качестве даты окончания</string>
  <string name="webdisplay_warning_port_over">Порт должен иметь значение в диапазоне от %1$s до %2$s</string>
  <string name="webdisplay_warning_port_web">Этот порт совпадает с %1$s</string>
  <string name="webdisplay_will_change_port">Порт будет изменен после включения службы снова.</string>
  <string name="webdisplay_open_web_browser">Открыть этот адрес в веб-браузере</string>
  <string name="webdisplay_warning_port_exist">Этот порт был захвачен другой службой. Пожалуйста, выберите другой порт.</string>
  <string name="webdisplay_change_port">Изменить порт</string>
  <string name="webdisplay_web_actions">Действия</string>
  <string name="webdisplay_web_feedback_support">Обратная связь \u0026 Поддержка</string>
  <string name="webdisplay_web_add_more">Добавить еще</string>
  <string name="reset_data_message">Вы хотите сбросить все данные? Будут удалены все кошельки, операции, бюджеты, сбережения и события. Это действие НЕ МОЖЕТ быть отменено.</string>
  <string name="upload_to_dropbox_success">Загружено на DropBox</string>
  <string name="message_large_spend_amount">Введенная сумма должна быть меньше, чем текущая сохраненная сумма.</string>
  <string name="message_error_select_parent_cate">Вы не можете выбрать себя как родитель</string>
  <string name="translated_by">Перевел %1$s</string>
  <string name="add_transaction_with_suggestion">Можно добавить людей, которые не находится в контакте, добавив запятую (,) после их имени.</string>
  <string name="msg_add_transaction_first">Вы хотите добавить первую операцию сейчас?</string>
  <string name="global">Общий</string>
  <string name="notification_bank_sms_title">Ваш %1$s изменить бумажник %2$s</string>
  <string name="custom_range_cashbook">Другой</string>
  <string name="navigation_travel_mode">Режим путешествия</string>
  <string name="select_event_title">Выберите событие</string>
  <string name="travel_mode_description">В режиме путешествий вы можете выбрать действующее событие, которое будет автоматически выбрано во время создания операции.</string>
  <string name="travel_mode_activated_message">Режим Путешествия включен. Удачного путешествия!</string>
  <string name="travel_mode_turn_off_message">Вы действительно хотите отключить Режим Путешествия?</string>
  <string name="travel_mode_quick_add_notification">Добавить событие в %1$s</string>
  <string name="travel_mode_turned_off_message">Режим Путешествия выключен</string>
  <string name="purchase_description">Каждая покупка действительна только 100 лет.</string>
  <string name="backup_select_one">Выберите один</string>
  <string name="repeat_transaction_mode_month_same_days">на %1$s каждый месяц</string>
  <string name="repeat_transaction_mode_month_this_day">на каждые %1$s %2$s месяца</string>
  <string name="repeat_transaction_times_duration_for_a_number_of_event_shorted">Для</string>
  <string name="repeat_transaction_manager">Повторяющиеся операции</string>
  <string name="recent_transaction_no_transactions">Нет недавних операций</string>
  <string name="repeat_transaction_next_repeat">Повторить следующий</string>
  <string name="repeat_transaction_need_specify_repeat">Вам нужно указать параметры повтора</string>
  <string name="recent_transaction_dialog_list_title">Недавние операции</string>
  <string name="repeat_transaction_message_confirm_delete_template">Вы хотите удалить этот шаблон?</string>
  <string name="repeat_transaction_no_template">Нет повторяющихся шаблонов</string>
  <string name="repeat_transaction_no_repeat">Нет повторов</string>
  <string name="repeat_transaction_next_repeat_at">Повторить следующий на %1$s</string>
  <string name="share_need_to_download_before_sharing">Этот файл будет загружен с DropBox перед отправкой</string>
  <string name="repeat_transaction_add_template">Добавить повторяющиеся операции</string>
  <string name="repeat_transaction_edit_template">Редактировать повторяющиеся операции</string>
  <string name="recent_transaction_show_when_add_transaction">Автоматически показывать это диалоговое окно при добавлении транзакции</string>
  <string name="message_login_now">После ввода промо-кода вы можете создать учетную запись Money Lover, чтобы связать свою учетную запись с Премиум статусом. Если вы пользуетесь другим устройством - зайдите в Money Lover под своей учетной записью - Премиум статус будет автоматически активирован.</string>
  <string name="recent_transaction_dialog_description">Вы можете импортировать данные операции из этих предыдущих</string>
  <string name="repeat_transaction_every">Каждый</string>
  <string name="repeat_transaction_from">От</string>
  <string name="repeat_transaction_at">в</string>
  <string name="repeat_transaction_times">раз</string>
  <string name="event_delete_message">Вы хотите удалить данное событие?</string>
  <string name="saving_delete_message">Вы хотите удалить это сбережение?</string>
  <string name="budget_delete_message">Вы хотите удалить этот бюджет?</string>
  <string name="transaction_detail_cashback_left">Осталось</string>
  <string name="transaction_detail_cashback_paid">Оплаченные</string>
  <string name="add_account_error_message_no_currency">Пожалуйста, выберите одну валюту для вашего кошелька</string>
  <string name="store_download_fail">Не могу скачать значок на данный момент</string>
  <string name="dialog_turn_on_location_service">Вы хотите включить определение местоположения?</string>
  <string name="set_icon_default_tab">По умолчанию</string>
  <string name="set_icon_tab_sdcard">Скачанные</string>
  <string name="set_icon_more_tab">Больше значков</string>
  <string name="store_preview_icon">Предварительный просмотр</string>
  <string name="store_buy_icon">Купить</string>
  <string name="store_icon_title">Магазин иконок</string>
  <string name="store_purchase_preview">Предварительный просмотр</string>
  <string name="download">Скачать</string>
  <string name="do_not_show_again">Больше не показывать</string>
  <string name="new_icon_packs_are_available">Два новых пакета иконок доступны для использования для категорий, событий и сбережений. Вы можете создать новую категорию, чтобы увидеть их прямо сейчас!</string>
  <string name="dialog_share_account">Поделиться кошельком с</string>
  <string name="share_account_success">Вы успешно поделились кошельком</string>
  <string name="dialog_sharing_account">Обмениваемся…</string>
  <string name="email_address_invalid">Недопустимый адрес электронной почты</string>
  <string name="set_location_get_address_error">Не могу загрузить адрес сейчас, пожалуйста, попробуйте еще раз позже!</string>
  <string name="cashbook_balance">Баланс</string>
  <string name="statistic_trends">Тенденции</string>
  <string name="sync_transferring_data">Передача данных</string>
  <string name="sync_running">Синхронизация выполняется…</string>
  <string name="trend_criteria_collapsed_time">От &lt;b&gt;%1$s&lt;/b&gt; к &lt;b&gt;%2$s&lt;/b&gt;</string>
  <string name="transaction_detail_set_location">Установить местоположение</string>
  <string name="transaction_detail_can_not_download_image">Не могу скачать этот образ, пожалуйста, попробуйте другой.</string>
  <string name="user_unauthenticated">Сначала вы должны войти</string>
  <string name="share_account_error">Не удалось поделиться кошельком</string>
  <string name="beta">Бета-версия</string>
  <string name="sync_error">Ошибка синхронизации</string>
  <string name="sync_notification_ticker_text">Синхронизация данных с сервером</string>
  <string name="sync_notification_content_title">Синхронизировать Money Lover</string>
  <string name="login_success">Вход выполнен!</string>
  <string name="login_forgot_password">Забыли пароль?</string>
  <string name="register_show_password">Показать пароль</string>
  <string name="sync_done">Синхронизация прошла успешно</string>
  <string name="login_fail">Неверные имя пользователя или пароль. Пожалуйста, попробуйте еще раз.</string>
  <string name="connecting">Подключение…</string>
  <string name="sync_account">Синхронизировать кошелек</string>
  <string name="message_sync_transfer_data">Вы хотите передать данные?</string>
  <string name="sync_dialog_transfer_title">Передача данных</string>
  <string name="sync_running_cannot_add_item">Пожалуйста, подождите - идет синхронизация</string>
  <string name="sync_last_sync">Последняя синхронизация: %1$s</string>
  <string name="sync_sync_first_time">Нажмите для синхронизации в первый раз</string>
  <string name="icon_xmas_notification_title">Новый год с новым набором иконок!</string>
  <string name="icon_xmas_notification_content">Праздник приближается: украсьте Money Lover с красивым новогодним набором иконок сегодня! И это бесплатно!</string>
  <string name="store_icon_re_download">Скачать снова</string>
  <string name="store_icon_free">Бесплатно</string>
  <string name="store_icon_list_empty">Нет наборов иконок</string>
  <string name="store_icon_canceled_message">Загрузка набора иконок %1$s была отменена</string>
  <string name="store_icon_download_finished_message">Набор иконок %1$s был загружен. Вы можете использовать эти новые иконки, при создании категории, события или сбережения.</string>
  <string name="transaction_detail_show_advanced">Подробнее</string>
  <string name="refresh">Обновить</string>
  <string name="navigation_store">магазин Money Lover</string>
  <string name="create_category_select_parent_error">Нельзя выбрать эту категорию как родительскую</string>
  <string name="sync_error_timeout">Сервер на техобслуживании</string>
  <string name="sync_error_server_busy">Сервер занят</string>
  <string name="sync_register_success">Регистрация завершена</string>
  <string name="transaction_detail_warning_time_not_in_range">Эта дата не входит в временной диапазон (%2$s) бюджета %1$s.</string>
  <string name="notification_message_remind_transaction">Вы установили напоминание для операции %1$s:%2$s. Нажмите, чтобы увидеть подробности.</string>
  <string name="location_add_new_address">Добавить %1$s как место</string>
  <string name="category_none_name">Без категории</string>
  <string name="saving_add_startamount_over">Начало сумма не может быть больше, чем целевая сумма</string>
  <string name="share_account_permission">Установите эту персону как ВЛАДЕЛЬЦА, чтобы она могла просматривать, редактировать, удалять все виды данных в этом кошельке</string>
  <string name="error_can_not_load_wallet">Не могу загрузить кошелек или выбранный кошелек был удален. Пожалуйста, повторите попытку или откройте приложение не с ярлыка.</string>
  <string name="select_category_tap_to_create_one">Нажмите чтобы добавить</string>
  <string name="error_can_not_change_wallet_transaction_debt_loan">Не могу изменить кошелек для операций с займами или долгами</string>
  <string name="quick_add_manager_title">Показывать в строке состояния</string>
  <string name="account_manager_create_shortcut">Создать ярлык</string>
  <string name="budget_no_data">Нет бюджетов</string>
  <string name="event_no_data">Нет событий</string>
  <string name="saving_no_data">Нет сбережений</string>
  <string name="notification_center_no_data">Нет уведомлений</string>
  <string name="recurring_transaction_no_data">Нет повторяющихся операций</string>
  <string name="notification_like_fan_page_title">Лайкни нас на Facebook</string>
  <string name="notification_like_fan_page_text">Будь на связи чтобы получать обновления, советы и бесплатные вещи</string>
  <string name="share_account_email_target">Email с которым вы хотите поделиться</string>
  <string name="share_account_email_error">Адрес электронной почты указан неверно</string>
  <string name="monthly_report_other_categories">Другие категории</string>
  <string name="transfer_wallet_unknown_error_message">Сейчас нельзя проводить переводы между кошельками, пожалуйста, попробуйте еще раз.  Если вы видите это сообщение в следующий раз, пожалуйста, свяжитесь с нами, чтобы мы могли помочь решить эту проблему.</string>
  <string name="forgot_password_error_wrong_email">Такой Email не зарегистрирован, пожалуйста, попробуйте еще раз.</string>
  <string name="forgot_pass_success">Пожалуйста, проверьте учетную запись электронной почты для получения дальнейших инструкций.</string>
  <string name="register_error_email_exists">Этот Email является недоступным. Пожалуйста, выберите другой.</string>
  <string name="promote_event_expire">Это событие уже закончено</string>
  <string name="promote_event_error_wrong_code">Неверный промо-код. Пожалуйста, попробуйте еще раз.</string>
  <string name="register_error_server">Наш сервер обнаружил странные ошибки, и мы оповещены. Пожалуйста, выпейте чашечку кофе, пока мы чиним его.</string>
  <string name="register_error_entered_info_not_enough">Пожалуйста, заполните всю информацию для продолжения</string>
  <string name="purchase_post_facebook_success">Спасибо за ваш пост</string>
  <string name="promote_event_input_successfully">Верный промо-код. Как Премиум пользователю, теперь вам доступны все функции! Благодарим вас за использование %1$s</string>
  <string name="promote_event_share_facebook">Поделиться в Facebook</string>
  <string name="promote_event_login_description">Совет: Зарегистрируйте %1$s учетную запись, чтобы связать ваш Премиум статус с этой учетной записью, и в следующий раз когда вы войдете в %1$s, у вас снова будет Премиум статус.</string>
  <string name="promote_event_share_facebook_description">Было бы здорово поделиться этим кодом со своими друзьями! Не волнуйтесь, это не повлияет на ваш Премиум статус.</string>
  <string name="notification_center_message_already_logged_in">Вы уже выполнили вход.</string>
  <string name="congratulation">Поздравляем!</string>
  <string name="cashbook_pull_to_add_transaction">Потяните чтобы добавить операцию</string>
  <string name="cashbook_release_to_add_transaction">Отпустите чтобы добавить операцию</string>
  <string-array name="cashbook_set_timerange_items">
    <item>День</item>
    <item>Неделя</item>
    <item>Месяц</item>
    <item>Квартал</item>
    <item>Год</item>
    <item>Все</item>
    <item>Пользовательское</item>
  </string-array>
  <string-array name="delimiters">
    <item>Точка с запятой ( ; )</item>
    <item>Запятая ( , )</item>
    <item>Закладка</item>
  </string-array>
  <string-array name="create_budget_array_time_range">
    <item>В этом месяце</item>
    <item>Этот квартал</item>
    <item>В этом году</item>
    <item>В следующем месяце</item>
    <item>В следующем квартале</item>
    <item>В будущем году</item>
    <item>Пользовательский диапазон</item>
  </string-array>
  <string-array name="budget_overview_titles">
    <item>Текущие</item>
    <item>Завершенные</item>
  </string-array>
  <string-array name="category_manager_edit_cate_menu">
    <item>@string/edit</item>
    <item>@string/delete</item>
  </string-array>
  <string-array name="debt_overview_titles">
    <item>@string/debt_wallet</item>
    <item>@string/loan_wallet</item>
  </string-array>
  <string-array name="campaign_overview_titles">
    <item>Текущие</item>
    <item>Завершенные</item>
  </string-array>
  <string-array name="arrays_time_mode">
    <item>Еженедельно</item>
    <item>Каждые 14 дней</item>
    <item>Ежемесячно</item>
    <item>Каждые 3 месяца</item>
    <item>Каждые 6 месяцев</item>
    <item>Ежегодно</item>
  </string-array>
  <string-array name="arrays_type">
    <item>Простые проценты</item>
    <item>Сложные проценты</item>
  </string-array>
  <string-array name="repeat_transaction_time_mode">
    <item>Повторять ежедневно</item>
    <item>Повторять еженедельно</item>
    <item>Повторять ежемесячно</item>
    <item>Повторять ежегодно</item>
  </string-array>
  <string-array name="backup_list_file_backup_select_item">
    <item>@string/restore_title</item>
    <item>@string/backup_share</item>
  </string-array>
  <string-array name="repeat_transaction_mode_month_week">
    <item>Первый</item>
    <item>второй</item>
    <item>третий</item>
    <item>четвертый</item>
    <item>пятый</item>
    <item>шестой</item>
  </string-array>
  <string-array name="repeat_transaction_times_duration">
    <item>Всегда</item>
    <item>до</item>
    <item>До количества событий</item>
  </string-array>
  <string-array name="trend_type">
    <item>@string/expense</item>
    <item>@string/income</item>
    <item>Чистый доход</item>
  </string-array>
  <string-array name="trend_criteria">
    <item>По месяцам</item>
    <item>По категориям</item>
  </string-array>
  <plurals name="cashbook_transaction_count">
    <item quantity="one">%d операция</item>
    <item quantity="few">%d операции</item>
    <item quantity="other">%d трансакции</item>
  </plurals>
  <plurals name="budget_days_left">
    <item quantity="one">%d день остался</item>
    <item quantity="few">%d дней осталось</item>
    <item quantity="other">%d дня осталось</item>
  </plurals>
  <plurals name="ail_view_photo_title">
    <item quantity="one">%1$s фотография осталась</item>
    <item quantity="few">%1$s фотографии осталось</item>
    <item quantity="other">%1$s фотографий осталось</item>
  </plurals>
  <plurals name="editbar_selected_count">
    <item quantity="one">%d элемент выбран</item>
    <item quantity="few">%d элемента выбрано</item>
    <item quantity="other">%d элементов выбрано</item>
  </plurals>
</resources>
