<?xml version="1.0" encoding="utf-8"?>
<!--Generated by crowdin.net-->
<resources>
  <string name="search_over">Более</string>
  <string name="search_under">Менее</string>
  <string name="search_time_over">После</string>
  <string name="search_time_under">Перед</string>
  <string name="search_between">Между</string>
  <string name="search_exact">Ровно</string>
  <string name="search_remove">удалить</string>
  <string name="search_none">Нет</string>
  <string name="search_all">Все</string>
  <string name="search_select">Выбрать</string>
  <string name="start">Начало</string>
  <string name="end">Конец</string>
  <string name="from">От</string>
  <string name="to">До</string>
  <string-array name="arr_amount">
    <item>@string/search_all</item>
    <item>@string/search_over</item>
    <item>@string/search_under</item>
    <item>@string/search_between</item>
    <item>@string/search_exact</item>
  </string-array>
  <string-array name="arr_type">
    <item>Все</item>
    <item>Доход</item>
    <item>Расход</item>
  </string-array>
  <string-array name="arr_time">
    <item>@string/search_all</item>
    <item>@string/search_time_over</item>
    <item>@string/search_time_under</item>
    <item>@string/search_between</item>
    <item>@string/search_exact</item>
  </string-array>
</resources>
