<?xml version="1.0" encoding="utf-8"?>
<!--Generated by crowdin.net-->
<resources>
  <string name="cate_salary">Зарплата</string>
  <string name="cate_award">Премии</string>
  <string name="cate_selling">Продажа</string>
  <string name="cate_give">Дайте</string>
  <string name="cate_interest">Проценты</string>
  <string name="cate_debt">Долг</string>
  <string name="cate_income_other">Другие</string>
  <string name="cate_food">Еда &amp; напитки</string>
  <string name="cate_entertainment">Развлечения</string>
  <string name="cate_travel">Путешествия</string>
  <string name="cate_education">Образование</string>
  <string name="cate_transport">Транспорт</string>
  <string name="cate_friend">Друзья и Любовник</string>
  <string name="cate_family">Семья</string>
  <string name="cate_medical">Здоровье</string>
  <string name="cate_shopping">Покупки</string>
  <string name="cate_loan">Займ</string>
  <string name="cate_invest">Инвестиции</string>
  <string name="cate_expense_other">Другие</string>
</resources>
