<?xml version="1.0" encoding="utf-8"?>
<!--Generated by crowdin.net-->
<resources>
  <string name="notice">Avviso</string>
  <string name="error">Errore</string>
  <string name="close">Chiudi</string>
  <string name="cancel">Annulla</string>
  <string name="save">Salva</string>
  <string name="done">Fatto</string>
  <string name="yes">Sì</string>
  <string name="submit">Submit</string>
  <string name="sorry">Mi dispiace</string>
  <string name="ok">OK</string>
  <string name="search">Cerca</string>
  <string name="no">No</string>
  <string name="confirm">Conferma</string>
  <string name="today">Oggi</string>
  <string name="tomorrow">Domani</string>
  <string name="yesterday">Ieri</string>
  <string name="thisweek">Questa settimana</string>
  <string name="nextweek">Settimana prossima</string>
  <string name="lastweek">Ultima settimana</string>
  <string name="thismonth">Questo mese</string>
  <string name="nextmonth">Mese prossimo</string>
  <string name="lastmonth">Ultimo mese</string>
  <string name="thisquarter">Questo trimestre</string>
  <string name="nextquarter">Prossimo trimestre</string>
  <string name="lastquarter">Ultimo trimestre</string>
  <string name="thisyear">Quest\'anno</string>
  <string name="nextyear">Anno prossimo</string>
  <string name="lastyear">Anno scorso</string>
  <string name="quarter_shorten">T</string>
</resources>
