<?xml version="1.0" encoding="utf-8"?>
<!--Generated by crowdin.net-->
<resources>
  <string name="AGO">fa</string>
  <string name="DAY">un giorno</string>
  <string name="DAYS">%1$s giorni</string>
  <string name="HOUR">circa un\'ora</string>
  <string name="HOURS">%1$s ore</string>
  <string name="MINUTE">circa un minuto</string>
  <string name="MINUTES">%1$s minuti</string>
  <string name="MONTH">circa un mese</string>
  <string name="MONTHS">%1$s mesi</string>
  <string name="SECONDS">meno di un minuto</string>
  <string name="SUFFIX_FROM_NOW">da ora</string>
  <string name="YEAR">circa un anno</string>
  <string name="YEARS">%1$s anni</string>
</resources>
