<?xml version="1.0" encoding="utf-8"?>
<!--Generated by crowdin.net-->
<resources>
  <string name="second">secondo</string>
  <string name="minute">minuto</string>
  <plurals name="days_left">
    <item quantity="one">%d giorno rimanente</item>
    <item quantity="other">%d giorni rimanenti</item>
  </plurals>
  <plurals name="hour_left">
    <item quantity="one">%d ora rimanente</item>
    <item quantity="other">%d ore rimanenti</item>
  </plurals>
  <plurals name="minute_left">
    <item quantity="one">%d minuto rimanente</item>
    <item quantity="other">%d minuti rimanenti</item>
  </plurals>
  <plurals name="second_left">
    <item quantity="one">%d secondo rimanente</item>
    <item quantity="other">%d secondi rimanenti</item>
  </plurals>
</resources>
