<?xml version="1.0" encoding="utf-8"?>
<!--Generated by crowdin.net-->
<resources>
  <string name="account">Portafoglio</string>
  <string name="amount">Importo</string>
  <string name="budget">Budget</string>
  <string name="event_title">Evento</string>
  <string name="category">Categoria</string>
  <string name="earned_from">Guadagnato da</string>
  <string name="end_date">Data fine</string>
  <string name="expense">Spese</string>
  <string name="goto_today">Vai a oggi</string>
  <string name="goto_thismonth">Vai a questo mese</string>
  <string name="income">Entrate</string>
  <string name="migrate">Migra</string>
  <string name="select_category">Seleziona categoria</string>
  <string name="spent_on">Spesi in</string>
  <string name="start_date">Data inizio</string>
  <string name="time">Tempo</string>
  <string name="time_range">%1$s - %2$s</string>
  <string name="loading_more">Carica altro...</string>
  <string name="goal">Obiettivi</string>
  <string name="edit">Modifica</string>
  <string name="saved">Salvato</string>
  <string name="search_go">Vai</string>
  <string name="buy_app">Versione Premium</string>
  <string name="undobar_message">%1$s è stato cancellato</string>
  <string name="backup_share">Condividi</string>
  <string name="version">Versione %1$s</string>
  <string name="loading">Caricamento...</string>
  <string name="total">Totale</string>
  <string name="splashscreen_create_account">Crea il primo portafoglio</string>
  <string name="splash_screen_use_cloud">Salva online (disponibile a breve)</string>
  <string name="splash_screen_use_cloud_info">Sincronizza e Condividi transazioni facilmente</string>
  <string name="splash_screen_use_right_away">Solo per questo dispositivo</string>
  <string name="splash_screen_use_right_away_info">Subito!</string>
  <string name="welcome_message_title">Come vuoi usarla?</string>
  <string name="welcome_message">Puoi cambiare idea in ogni momento</string>
  <string name="login_hint_email">Email</string>
  <string name="login_hint_password">Password</string>
  <string name="login_facebook">Accedi con Facebook</string>
  <string name="login_money_lover">Accedi con account Money Lover</string>
  <string name="login_title">Accedi</string>
  <string name="register_title">Registrati</string>
  <string name="register_register">Registrati</string>
  <string name="cashbook_earning">Guadagno</string>
  <string name="cashbook_spending">Spese</string>
  <string name="cashbook_all_transactions">Tutte le transazioni</string>
  <string name="cashbook_delete_transaction_message">Vuoi eliminare questa transazione?</string>
  <string name="cashbook_left">%1$s rimasti</string>
  <string name="cashbook_no_data_guide">Premi il pulsante %1$s sottostante per aggiungere</string>
  <string name="cashbook_no_data_swipe_down">Scorri verso il basso e</string>
  <string name="cashbook_no_data_faq_tip">Troppo difficile? Tocca %1$s per cercare aiuto</string>
  <string name="cashbook_no_data_earning">Nessuna entrata</string>
  <string name="cashbook_no_data_spending">Nessuna spesa</string>
  <string name="cashbook_no_data">Nessuna transazione</string>
  <string name="cashbook_selected_account_not_existed">Il portafoglio selezionato non esiste, verrai rimandato a quello di default.</string>
  <string name="cashbook_contentdescription_help_support">Aiuto &amp; Supporto</string>
  <string name="cashbook_contentdescription_select_time_range_to_view">Seleziona il tipo di vista</string>
  <string name="cashbook_contentdescription_delete_transaction">Elimina transazione</string>
  <string name="cashbook_contentdescription_sort_transaction">Ordina transazioni</string>
  <string name="cashbook_contentdescription_search_transaction">Ricerca transazione</string>
  <string name="cashbook_contentdescription_viewmode_transaction">Visualizza per transazione</string>
  <string name="cashbook_contentdescription_viewmode_category">Visualizza per categoria</string>
  <string name="cashbook_contentdescription_transfer_money">Trasferisci denaro</string>
  <string name="with_person">con %1$s</string>
  <string name="with_two_person">con %1$s &amp; %2$s</string>
  <string name="with_many_person">con %1$s &amp; %2$s altre persone</string>
  <string name="press_back_one_more_time_to_exit">Premi ancora Indietro per uscire</string>
  <string name="paid">Rimborso</string>
  <string name="cashbook_cashback_info">a %1$s</string>
  <string name="add_transaction_amount_friendly_title">Quanto?</string>
  <string name="add_transaction_title_add">Aggiungi transazione</string>
  <string name="add_transaction_title_edit">Modifica transazione</string>
  <string name="add_transaction_title_view">Dettagli transazione</string>
  <string name="add_transaction_note_title_normal">Nota</string>
  <string name="add_transaction_note_hint">Vuoto</string>
  <string name="add_transaction_cancel_adding">Vuoi cancellare questa transazione</string>
  <string name="add_transaction_discard_edit">Vuoi annullare le modifiche a questa transazione</string>
  <string name="add_transaction_account_alert_currency_change">La valuta dell\'importo inserito sarà cambiata da %1$s a %2$s. Vuoi continuare?</string>
  <string name="add_transaction_account_alert_currency_change_start">La valuta dell\'importo inserito sarà cambiata da</string>
  <string name="add_transaction_account_alert_currency_change_middle">a</string>
  <string name="add_transaction_account_alert_currency_change_end">Vuoi continuare?</string>
  <string name="add_transaction_add_success">Transazione inserita con successo!</string>
  <string name="add_transaction_category_hint">Seleziona una</string>
  <string name="add_transaction_with_title">Con?</string>
  <string name="add_transaction_with_hint">es. Jon Snow, Arya Stark…</string>
  <string name="add_transaction_reminder_empty">Nessun promemoria</string>
  <string name="add_transaction_subtransaction_title">Accredito</string>
  <string name="add_transaction_timecreated_title">Data</string>
  <string name="add_transaction_reminder_title">Promemoria</string>
  <string name="add_transaction_error_amount">Devi inserire l\'importo</string>
  <string name="add_transaction_error_category">Devi selezionare la categoria di spesa/guadagno</string>
  <string name="debtor">Debitore</string>
  <string name="lender">Creditore</string>
  <string name="for_reason">Per %1$s</string>
  <string name="someone">qualcuno</string>
  <string name="someone_hint">Qualcuno</string>
  <string name="add_transaction_note_spend_from_saving">Soldi spesi da piano di risparmio %1$s</string>
  <string name="add_transaction_no_category_found">Nessun risultato</string>
  <string name="warning_big_amount_message">L\'importo della transazione sembra troppo alto. Sei sicuro che sia corretto?</string>
  <string name="warning_big_amount_dont_show_again">Non mostrare più</string>
  <string name="im_wrong">Ho sbagliato</string>
  <string name="add_note">Aggiungi nota</string>
  <string name="set_reminder_remove_reminder">Disattiva</string>
  <string name="convert_currency_title_dialog">Aggiungi un\'altra valuta</string>
  <string name="convert_currency_message_convert_complete">Converti in</string>
  <string name="convert_currency_message_convert_error">Errore di conversione</string>
  <string name="convert_currency_message_converting">Conversione...</string>
  <string name="edit_transaction_confirm_change_category_for_debtloan">Sei sicuro di voler cambiare categoria? Questo causerà la cancellazione di tutti gli storici delle transazioni.</string>
  <string name="edit_transaction_mark_remove">Sarà eliminato</string>
  <string name="edit_transaction_mark_remove_message">Tutte le sotto-transazioni di questa transazione verranno eliminate</string>
  <string name="delete_sub_transaction">Elimina questa transazione</string>
  <string name="sub_transaction_title">Storico resto </string>
  <string name="quick_add_transaction_dialog_title">Nuova transazione</string>
  <string name="quick_add_notification_ticker">Pronto per aggiungere una transazione</string>
  <string name="quick_add_transaction_title">Aggiungi a %1$s</string>
  <string name="quick_add_transaction_notification_text">Tocca per andare al portafoglio</string>
  <string name="add_account_title_add">Aggiungi portafoglio</string>
  <string name="add_account_title_edit">Modifica portafoglio</string>
  <string name="add_account_name_title">Nome</string>
  <string name="add_account_currency_title">Valuta</string>
  <string name="add_account_start_balance_title">Bilancio iniziale</string>
  <string name="add_account_error_accountname_exists">Questo nome esiste già.</string>
  <string name="add_account_error_accountname_length_invalid">Il nome del portafoglio deve avere tra %1$s e %2$s caratteri.</string>
  <string name="add_account_discard_changed">Vuoi annullare tutte le modifiche fatte a questo portafoglio?</string>
  <string name="add_account_note_for_initial_balance">Bilancio iniziale</string>
  <string name="add_account_shortcut_title">Aggiungi una scorciatoia</string>
  <string name="add_account_shortcut_success">Scorciatoia creata con successo</string>
  <string name="account_manager_title">Gestione portafoglio</string>
  <string name="account_manager_confirm_delete_account">Vuoi eliminare il portafoglio %1$s?</string>
  <string name="time_picker_dialog_title">Seleziona data</string>
  <string name="navigation_cashbook">Transazioni</string>
  <string name="navigation_budget">Stanziamenti</string>
  <string name="navigation_campaign">Risparmi</string>
  <string name="navigation_event">Eventi</string>
  <string name="navigation_category_manager">Categorie</string>
  <string name="navigation_statistic">Statistica</string>
  <string name="navigation_settings">Impostazioni</string>
  <string name="navigation_feedback">Feedback</string>
  <string name="navigation_debt_manager">Debiti</string>
  <string name="navigation_tools">Strumenti</string>
  <string name="navigation_about">Info</string>
  <string name="navigation_sync">Sincronizzazione</string>
  <string name="navigation_logout">Esci</string>
  <string name="navigation_login">Salva online</string>
  <string name="navigation_database">Database</string>
  <string name="navigation_copyright">© 2013 ZooStudio. Tutti i diritti riservati.</string>
  <string name="tools_interest_rate">Tasso di interesse</string>
  <string name="tools_export_csv">Esporta in CSV</string>
  <string name="tools_export_excel">Esporta in Excel</string>
  <string name="tools_tip_calculator">Calcolatore di mancia</string>
  <string name="tools_find_atm">Ricerca Bancomat</string>
  <string name="tools_find_bank">Cerca banca</string>
  <string name="tools_install_app">Strumenti d\'installazione</string>
  <string name="tools_install_app_message">Vuoi installare &lt;b&gt;%1$s&lt;/b&gt; da Google Play Store?</string>
  <string name="statistic_monthly_report">Report mensile</string>
  <string name="bank_finder">Trova banca</string>
  <string name="bank_finder_hint">es. Unicredit, Fineco...</string>
  <string name="bank_finder_input_bank_name">Inserisci il nome della banca</string>
  <string name="open_file">Apri file</string>
  <string name="export_fail">Mi dispiace, c\'è stato un errore durante l\'esportazione</string>
  <string name="export_success">Esportazione avvenuta con successo</string>
  <string name="select_account">Seleziona il portafoglio</string>
  <string name="export_csv">Esporta in CSV</string>
  <string name="export_excel">Esporta in EXCEL</string>
  <string name="attach_to_email">Allega a email</string>
  <string name="delimiter">Delimitatore</string>
  <string name="atm_finder">Trova Bancomat</string>
  <string name="change">Cambia</string>
  <string name="send_mail">Invia email</string>
  <string name="contact_me">Contattami</string>
  <string name="about_thanks">&lt;b&gt;Un ringraziamento speciale a&lt;/b&gt;&lt;br /&gt;
Andreas Krings, Jake Wharton, Jeremy Feinstein, Roman Nurik, Simon Vig Therkildsen, Soarcn, Tjerk
Wolterink per le loro fantastiche librerie.&lt;br /&gt;
Brankic1979 e Nick Frost per le loro bellissime icone.&lt;br /&gt;
E a tutti i nostri volontari che ci saiutano a tradurre Money Lover in tante lingue.</string>
  <string name="about_developed">by ZooStudio</string>
  <string name="about_view_profile_facebook">Visita il nostro profilo</string>
  <string name="budget_overspent">Eccessivo</string>
  <string name="budget_finished">Finito</string>
  <string name="budget_spent">Speso</string>
  <string name="budget_all_category">Tutte le categorie</string>
  <string name="create_budget_title_add">Aggiungi budget</string>
  <string name="create_budget_title_edit">Modifica il budget</string>
  <string name="create_budget_create_for">Aggiungi per</string>
  <string name="create_budget_time_range">Intervallo di tempo</string>
  <string name="budget_detail_delete_confirm_message">Vuoi eliminare questo budget?</string>
  <string name="create_budget_message_select_day_error">La data finale deve essere successiva a quella iniziale</string>
  <string name="create_budget_message_duplicate_DB">Il bilancio è stato creato, vuoi sovrascrivere il vecchio?</string>
  <string name="create_budget_message_warning_enter_amount">L\'importo del budget è minore di 0!</string>
  <string name="create_budget_message_error_category">Devi selezionare una categoria</string>
  <string name="create_budget_message_error_time">Devi selezionare il tempo per il budget</string>
  <string name="budget_overview_monthly">Budget mensile</string>
  <string name="budget_overview_custom">Piani di stanziamento personalizzati</string>
  <string name="budget_overview_no_data_guide">Tocca il tasto %1$s qui sopra per aggiungere un nuovo piano di stanziamento</string>
  <string name="budget_detail_category">Stanziamento %1$s</string>
  <string name="budget_detail_account_detail_emptyview_message">Tocca per aggiungere uno stanziamento</string>
  <string name="budget_detail_list_transactions_title">Lista transazioni</string>
  <string name="clear_template">Modello vuoto</string>
  <string name="budget_template">Modello</string>
  <string name="dialog_enter_amount_title">Inserisci importo</string>
  <string name="security_pin_title_create">Imposta password</string>
  <string name="security_pin_title_confirm">Conferma la password</string>
  <string name="security_pin_title_open">Inserisci password</string>
  <string name="security_pin_message_remove">per disabilitare l\'inserimento password</string>
  <string name="security_pin_title_wrong_password">Password errata</string>
  <string name="security_pin_message_try_again">prova ancora</string>
  <string name="is_latest_version">Nesun aggiornamento trovato</string>
  <string name="update">Aggiorna</string>
  <string name="has_new_version">\"E\' presente una nuova versione di Money Lover,
		aggiorna ora!\"</string>
  <string name="no_internet">Connessione Internet non presente. Prova di nuovo. </string>
  <string name="check_update">Controlla aggiornamenti</string>
  <string name="thanks_feedback">Grazie per il feedback</string>
  <string name="add_sub_transaction_input_more_than_left">L\'importo inserito è maggiore dell\'importo non pagato</string>
  <string name="warning">Attenzione</string>
  <string name="process">elaborazione…</string>
  <string name="error_no_google_map">Installa Google Maps per usare questa funzione</string>
  <string name="set">Imposta</string>
  <string name="category_manager_title">Gestione categorie</string>
  <string name="category_manager_notice_cannot_edit_default_category">Non puoi modificare una categoria speciale</string>
  <string name="category_manager_confirm_delete_category">Vuoi eliminare la categoria %1$s? Tutte le transazioni presenti in questa categoria saranno eliminate.</string>
  <string name="category_manager_delete_success_message">La categoria %1$s è stata eliminata</string>
  <string name="create_category_title">Nuova categoria</string>
  <string name="edit_category_title">Modifica categoria</string>
  <string name="create_category_name_title">Nome</string>
  <string name="create_category_select_icon_title">Icona</string>
  <string name="create_category_default_parent_category">Sono la categoria principale</string>
  <string name="create_category_parent_category">Categoria superiore</string>
  <string name="create_category_hint_name_review">Nome categoria</string>
  <string name="create_category_message_duplicate_DB">Questa categoria esiste già</string>
  <string name="create_category_select_type_error">Devi scegliere il tipo di categoria</string>
  <string name="create_category_input_name_error">Inserisci il nome della categoria</string>
  <string name="create_category_select_icon_error">Non dimenticate l\'icona per la categoria</string>
  <string name="select_parent_category_title">Selezionare la categoria superiore</string>
  <string name="message_transfer_successful">Trasferimento riuscito!</string>
  <string name="title_dialog_transfer">Da %1$s</string>
  <string name="back">Indietro</string>
  <string name="message_currency_error">Vuoi cambiare da %1$s a %2$s?</string>
  <string name="note_income_transfer">Ricevuto da %1$s</string>
  <string name="message_amount_zero">La quantità trasferita dev\'essere maggiore di 0</string>
  <string name="default_note_transfer">Trasferito a %1$s</string>
  <string name="monthly_report_start_balance">Saldo iniziale</string>
  <string name="monthly_report_this_month_balance">Entrate nette</string>
  <string name="monthly_report_end_balance">Saldo finale</string>
  <string name="monthly_report_compare_to_previous_month">Confronto mensile</string>
  <string name="monthly_report_largest_expense">Spesa maggiore</string>
  <string name="monthly_report_expense_by_category">Spese per categoria</string>
  <string name="monthly_report_nodata">Nessun rapporto per questo mese</string>
  <string name="monthly_report_nodata_guide">I rapporti mensili verranno visualizzati automaticamente dopo aver iniziato un nuovo mese</string>
  <string name="search_result">Risultati ricerca</string>
  <string name="type">Tipo</string>
  <string name="with">Con</string>
  <string name="select_time">Seleziona ora</string>
  <string name="notification_center_message_empty_notification">Nessuna notifica</string>
  <string name="notification_center_title">Centro notifiche</string>
  <string name="notification_center_delete_read_notifications">Cancella i messaggi letti</string>
  <string name="notification_center_mark_all_as_read">Segna tutti come letti</string>
  <string name="debt_manager_title">Debiti</string>
  <string name="debt_wallet">Da pagare</string>
  <string name="loan_wallet">Da ricevere</string>
  <string name="now">Non pagato</string>
  <string name="past">Pagato</string>
  <string name="note_transaction_saving">Preleva dal risparmio %1$s</string>
  <string name="saving_overview_title">Risparmi</string>
  <string name="saving_overview_deposit">Versa</string>
  <string name="saving_overview_need">Bisogno</string>
  <string name="saving_overview_spend">Spendi</string>
  <string name="saving_overview_withdraw">Preleva</string>
  <string name="saving_deposit">Deposita nel piano di risparmio %1$s</string>
  <string name="saving_withdraw_default_note">Preleva dal piano di risparmio %1$s</string>
  <string name="saving_overview_no_data_guide">Tocca il pulsante %1$s per aggiungere un nuovo piano di risparmio</string>
  <string name="saving_menu_deposit">Versa</string>
  <string name="saving_menu_withdraw">Preleva</string>
  <string name="saving_menu_spendon">Spendere...</string>
  <string name="saving_add_title">Aggiungi risparmio</string>
  <string name="saving_edit_title">Modifica risparmio</string>
  <string name="saving_add_name_title">Nome</string>
  <string name="saving_add_start_amount">Importo iniziale</string>
  <string name="saving_add_success">E\' stata creata una nuova campagna di risparmio</string>
  <string name="saving_add_error_goal_amount">Devi inserire una cifra come obbiettivo!</string>
  <string name="saving_add_error_name">Devi inserire il nome della campagna di risparmio!</string>
  <string name="saving_add_error_icon">Devi scegliere un\'icona!</string>
  <string name="saving_add_cancel_adding">Vuoi ignorare questo risparmio?</string>
  <string name="saving_add_discard_edit">Vuoi ignorare le modifiche di questo risparmio?</string>
  <string name="dialog_select_event_remove">Rimuovi evento</string>
  <string name="event_add_title">Aggiungi evento</string>
  <string name="event_edit_title">Modifica evento</string>
  <string name="event_input_name_error">Il nome dell\'evento non può essere vuoto</string>
  <string name="event_select_icon_error">Non dimenticate l\'icona dell\'evento</string>
  <string name="event_overview_view_transactions">Transazioni</string>
  <string name="event_overview_deposit">Versa</string>
  <string name="event_overview_withdraw">Preleva</string>
  <string name="event_overview_deposited">Depositato</string>
  <string name="event_overview_finish">Finito</string>
  <string name="event_overview_no_data_guide">Tocca il pulsante %1$s per aggiungere un nuovo piano di risparmio</string>
  <string name="event_menu_mark_as_finished">Segna come completo</string>
  <string name="event_menu_mark_as_unfinish">Segna come incompleto</string>
  <string name="interest_rate_title">Tasso d\'interesse</string>
  <string name="interest_rate">Tasso</string>
  <string name="time_from">Arco di tempo</string>
  <string name="select_type_interest">Tipo d\'interesse</string>
  <string name="date_to_invalid">La data finale deve essere successiva a quella iniziale</string>
  <string name="amount_empty">Inserisci l\'importo</string>
  <string name="time_mode_interest">Modalità  temporale</string>
  <string name="rate_empty">Inserisci il tasso</string>
  <string name="time_empty">Scegli la durata</string>
  <string name="interest">Importo degli interessi</string>
  <string name="number_of_period">Numero durata</string>
  <string name="total_amount">Totale</string>
  <string name="interest_result">Risultato</string>
  <string name="total_people">con %d persone</string>
  <string name="percent_tip">mancia %1$s%%</string>
  <string name="total_pay">Retribuzione totale</string>
  <string name="total_tip">Mancia totale</string>
  <string name="total_tip_person">Mancia totale per persona</string>
  <string name="total_per_person">Totale a testa</string>
  <string name="note_it">Nessuna mancia</string>
  <string name="no_tip">Nessuna mancia</string>
  <string name="more_people">Numero di persone</string>
  <string name="more_tip">Percentuale mancia</string>
  <string name="calculate">Calcola</string>
  <string name="change_review">%1$s%% è meglio, cambiare &lt;b&gt;?&lt;/b&gt;</string>
  <string name="empty_amount">L\'mporto è vuoto</string>
  <string name="inapp_purchase">Opzioni Premium</string>
  <string name="message_purchase_error">Errore nell\'acquisto</string>
  <string name="message_purchase_success">Acquisto effettuato. Riavvia l\'app per applicare i cambiamenti</string>
  <string name="purchase_bought">Hai comprato questo</string>
  <string name="reset_app_to_change">Riavvia l\'app per applicare i cambiamenti</string>
  <string name="purchase_buy_all_title">Diventa Premium</string>
  <string name="purchase_buy_all_text">Hai più di un portafoglio, budget, risparmio, evenienza.\nNiente più pubblicità!</string>
  <string name="purchase_buy_ads_title">Rimuovi annunci</string>
  <string name="purchase_buy_ads_text">Usa la versione base di Money Lover senza pubblicità!</string>
  <string name="purchase_input_premium_code_text">Se hai un codice di licenza</string>
  <string name="purchase_notice_buy_features">La versione gratuita permette di aggiungere un budget, un risparmio, un solo evento e non può usare tutte le funzioni. Acquista la versione premium per creare illimitati budget, risparmi, eventi ed accedere a tutte le funzioni</string>
  <string name="premium_code">Inserisci un codice di licenza</string>
  <string name="license_code_not_correct">Il codice di licenza non è valido</string>
  <string name="license_code_success">Il codice di licenza è valido. Ora puoi accedere a tutte le funzionalità in %1$s</string>
  <string name="widget_select_account_empty">Hai bisogno di un portafoglio prima di creare un widget</string>
  <string name="widget_simple_light_name">Luce semplice widget</string>
  <string name="widget_select_account_title">Seleziona portafoglio</string>
  <string name="ail_message_empty_image">Nessuna foto rimasta</string>
  <string name="ail_guide_1">Fai una foto di qualcosa</string>
  <string name="ail_guide_2">Puoi aggiungere una transazione dopo</string>
  <string name="migrate_dialog_message">Money Lover sta per trasferire i tuoi dati dalla vecchia versione alla nuova. Vuoi continuare?</string>
  <string name="migrate_dialog_notice">Avviso</string>
  <string name="migrate_dialog_disabled_function">In questa versione, la funzionalità di fatturazione è stata disabilitata temporaneamente, anche se i dati della bolletta saranno ancora trasferiti.</string>
  <string name="migrate_dialog_cancel_message">Se in seguito si cambia idea, è ancora possibile selezionare migrare in %1$s. Ma si perderanno permanentemente tutti i nuovi dati da ora in poi a quel momento.</string>
  <string name="migrate_processing_transfer_currencies">Trasferimento di valute</string>
  <string name="migrate_processing_transfer_accounts">Trasferimento e conversione di vecchi conti in portafogli</string>
  <string name="migrate_processing_transfer_master_categories">Trasferendo le categorie master</string>
  <string name="migrate_processing_transfer_categories">Trasferimento di categorie</string>
  <string name="migrate_processing_transfer_transactions">Trasferimento transazioni in corso</string>
  <string name="migrate_processing_transfer_tagged_people">Trasferimento persone in corso</string>
  <string name="migrate_processing_transfer_sub_transactions">Trasferimento sotto-transazioni in corso</string>
  <string name="migrate_processing_transfer_interests">Trasferimento interessi in corso</string>
  <string name="migrate_processing_transfer_bills">Trasferimento bollette in corso</string>
  <string name="migrate_processing_transfer_budgets">Trasferimento budget in corso</string>
  <string name="migrate_processing_transfer_campaigns">Trasferimento campagne in corso</string>
  <string name="restore_title">Ripristina dati</string>
  <string name="restore_message_successful">Importazione avvenuta con successo!</string>
  <string name="restore_message_error">Si è verificato un errore durante l\'importazione dei dati</string>
  <string name="restore_loading_file_from_dropbox">Caricamento file da Dropbox...</string>
  <string name="restore_connect_dropbox">Collega a Dropbox</string>
  <string name="restore_message">Seleziona un file per ripristinare i dati </string>
  <string name="restore_message_edit">Seleziona il file da eliminare</string>
  <string name="restore_empty_file">Nessun file</string>
  <string name="restore_disconnect_dropbox">Scollega Dropbox</string>
  <string name="restore_disconnect_dropbox_confirm">Vuoi davvero scollegare Dropbox?</string>
  <string name="backup_title">Backup dati</string>
  <string name="backup_file_name">Crea file di backup</string>
  <string name="backup_notice_about_file_ext">Da questa versione, usiamo una nuova estensione file &lt;b&gt;.mlx&lt;/b &gt;, ma è ancora possibile importare sia file .money che .mlx %1$s</string>
  <string name="backup_success_message">Backup eseguito con successo</string>
  <string name="backup_fail_message">Backup non riuscito</string>
  <string name="navigation_group_support">Supporto</string>
  <string name="navigation_group_setting">Impostazioni</string>
  <string name="navigation_group_plans">Pianificazione</string>
  <string name="navigation_group_others">Altri</string>
  <string name="navigation_group_tools">Strumenti</string>
  <string name="widget_account_was_deleted">Portafoglio eliminato</string>
  <string name="tools_install_go_to_playstore">Vai a Play Store</string>
  <string name="tools_shopping_lover_intro">L\'applicazione si basa sulle abitudini degli utenti. Aumenta l\'efficienza e la velocità dei tuoi acquisti e previene eventuali errori.</string>
  <string name="tools_exchanger_intro">Il convertitore è un modo semplice per convertire la valuta in mobilità. &lt; br / &gt;
- Bel design piatto &lt; br / &gt; 
- Più di 100 valute &lt; br / &gt;
- Converte più valute in una volta &lt; br / &gt;
- Modalità offline (non necessita di rete).</string>
  <string name="rate_app_dont_show_again">Non chiedere di nuovo di votare l\'app</string>
  <string name="rate_app_dont_show_again_short">Non mostrare più</string>
  <string name="rate_app_config_title">Impostazioni voto app</string>
  <string name="delete">Elimina</string>
  <string name="restore_delete_message">Vuoi eliminare definitivamente questi file?</string>
  <string name="restore_message_confirm">Vuoi ripristinare i dati dal file %1$s? Tutti i dati correnti verranno cancellati!</string>
  <string name="restore_autobackup_fail">Backup automatico non riuscito. Impossibile procedere col ripristino.</string>
  <string name="deleting">Eliminazione...</string>
  <string name="purchase_error_unknown">Errore sconosciuto.</string>
  <string name="purchase_please_wait_until_data_is_loaded">Attendi mentre i dati vengono caricati.</string>
  <string name="announce_update_lost_data_message">&lt;p&gt;Stiamo aggiornando Money Lover alla nuova versione e spostando i dati dalla vecchia alla nuova. Durante il processo, potrebbero verificarsi delle perdite di dati, a volte, purtroppo, tutti loro.
&lt;/p&gt;&lt;p&gt;&lt;b&gt;Tecnicamente, i dati sono ancora lì, perché noi non li eliminiamo se il processo di spostamento non va a buon fine.&lt;/b&gt;&lt;/p&gt;&lt;p&gt;Se ti trovi in questa situazione, contattaci e ti aiuteremo a ripristinare i tuoi dati.&lt;/p&gt;</string>
  <string name="announce_update_lost_data_message_title">Perdita di dati dopo l\'aggiornamento</string>
  <string name="cannot_find_my_language">Altre lingue?</string>
  <string name="feedback_language_text">Ciao,\nI vorrebbe tradurre le seguenti lingue:\n</string>
  <string name="feedback_language_subject">[LANG] FEEDBACK PER LINGUA</string>
  <string name="message_more_languages">Stiamo lavorando per tradurre la nuova versione di Money Lover in altre lingue, ma questo processo può essere lungo, quindi abbiamo veramente bisogno di aiuto dai nostri utenti per accelerarlo.</string>
  <string name="message_more_languages_help">Se puoi tradurre dall\'inglese ad altre lingue, aiutaci. Contattaci per ulteriori informazioni.</string>
  <string name="languagehelp_ok">Sì, ti aiuto!</string>
  <string name="languagehelp_cancel">No, forse più tardi :(</string>
  <string name="languagehelp_title">Aiuto traduzione</string>
  <string name="changes_log_title">cambiamenti</string>
  <string name="restore_menu_show_auto_backup">Visualizza i file di backup automatico</string>
  <string name="restore_menu_hide_auto_backup">Nascondere i file di backup automatico</string>
  <string name="restore_menu_edit">Selezionare i file</string>
  <string name="title_view_web">Visualizzazione web</string>
  <string name="title_notification_web">Connessione client web</string>
  <string name="turn_on_web">Accendere il server</string>
  <string name="turn_off_web">Spegnere il server</string>
  <string name="tab_to_turn_off_web">Premi per spegnere il web</string>
  <string name="budget_detail_error_budget_not_exists">Questo bilancio non esiste più</string>
  <string name="new_expense_category">Nuova categoria di spesa</string>
  <string name="new_income_category">Nuova categoria di reddito</string>
  <string name="turn_on_wifi">Accendere il wifi prima</string>
  <string name="server_off">Server off</string>
  <string name="access_link">%1$s</string>
  <string name="previous_web">Precedente</string>
  <string name="next_web">Prossimo</string>
  <string name="webdisplay_status_title">Stato</string>
  <string name="webdisplay_menu_help">Aiuto</string>
  <string name="webdisplay_menu_advance">Opzioni Avanzate</string>
  <string name="add_web">Aggiungi</string>
  <string name="cashback_loan_info">da %1$s</string>
  <string name="webdisplay_turning_on">Accensione...</string>
  <string name="webdisplay_turned_on">Spegni</string>
  <string name="webdisplay_turning_off">Spegnendo...</string>
  <string name="webdisplay_turned_off">Accendi</string>
  <string name="set_as_start_date">Imposta come data di inizio</string>
  <string name="set_as_end_date">Imposta come data di fine</string>
  <string name="webdisplay_warning_port_over">La porta deve essere tra %1$s e %2$s</string>
  <string name="webdisplay_warning_port_web">Questa porta è duplicata con %1$s</string>
  <string name="webdisplay_will_change_port">La porta sarà cambiata dopo aver riacceso il servizio.</string>
  <string name="webdisplay_open_web_browser">Apri questo indirizzo nel browser web</string>
  <string name="webdisplay_warning_port_exist">Questa porta è usata da un altro servizio. Seleziona un\'altra porta.</string>
  <string name="webdisplay_change_port">Cambia la porta</string>
  <string name="webdisplay_web_actions">Azioni</string>
  <string name="webdisplay_web_feedback_support">Supporto \u0026 feedback</string>
  <string name="webdisplay_web_add_more">Aggiungere di più</string>
  <string name="reset_data_message">Vuoi reimpostare tutti i dati? Verranno rimossi tutti i dati come portafogli, transazioni, bilanci, risparmio o eventi. Questa azione NON PUÒ essere annullata.</string>
  <string name="upload_to_dropbox_success">Caricato su DropBox</string>
  <string name="message_large_spend_amount">L\'importo immesso deve essere minore di quello attualmente salvato.</string>
  <string name="message_error_select_parent_cate">Non si può selezionare una categoria come superiore di sé stessa</string>
  <string name="translated_by">Tradotto da %1$s</string>
  <string name="add_transaction_with_suggestion">Puoi aggiungere persone che non sono tra i contatti, aggiungendo una virgola ( , ) dopo il loro nome.</string>
  <string name="msg_add_transaction_first">Vuoi aggiungere ora la prima transazione?</string>
  <string name="global">Globale</string>
  <string name="notification_bank_sms_title">Il tuo portafoglio %1$s è cambiato di %2$s</string>
  <string name="custom_range_cashbook">Personalizza</string>
  <string name="navigation_travel_mode">Modalità viaggio</string>
  <string name="select_event_title">Seleziona l\'evento</string>
  <string name="travel_mode_description">Nella modalità di viaggio puoi selezionare un evento in corso da essere selezionato quando aggiungi una transazione.</string>
  <string name="travel_mode_activated_message">La modalità di viaggio è attiva. Buon viaggio!</string>
  <string name="travel_mode_turn_off_message">Vuoi disattivare la modalità di viaggio?</string>
  <string name="travel_mode_quick_add_notification">Aggiungi all\'evento %1$s</string>
  <string name="travel_mode_turned_off_message">Modalità di viaggio disattivata</string>
  <string name="purchase_description">Ogni acquisto è valido solo per 100 anni.</string>
  <string name="backup_select_one">Selezionare un</string>
  <string name="repeat_transaction_mode_month_same_days">il %1$s di ogni mese</string>
  <string name="repeat_transaction_mode_month_this_day">ogni %1$s %2$s del mese</string>
  <string name="repeat_transaction_times_duration_for_a_number_of_event_shorted">Per</string>
  <string name="repeat_transaction_manager">Transazioni ricorrenti</string>
  <string name="recent_transaction_no_transactions">Nessuna transazione recente</string>
  <string name="repeat_transaction_next_repeat">Ricorrenza successiva</string>
  <string name="repeat_transaction_need_specify_repeat">È necessario specificare le opzioni di ricorrenza</string>
  <string name="recent_transaction_dialog_list_title">Transazioni recenti</string>
  <string name="repeat_transaction_message_confirm_delete_template">Vuoi eliminare questo modello?</string>
  <string name="repeat_transaction_no_template">Non c\'è nessun modello di ricorrenza</string>
  <string name="repeat_transaction_no_repeat">Nessuna ricorrenza</string>
  <string name="repeat_transaction_next_repeat_at">Prossima ricorrenza %1$s</string>
  <string name="share_need_to_download_before_sharing">Questo file verrà scaricato da DropBox prima di essere condiviso</string>
  <string name="repeat_transaction_add_template">Aggiungi operazione ricorrente</string>
  <string name="repeat_transaction_edit_template">Modifica operazione ricorrente</string>
  <string name="recent_transaction_show_when_add_transaction">Mostra questa finestra quando aggiungi una transazione</string>
  <string name="message_login_now">After enter promotion code, you could create an Money Lover account to link your account with your Premium status. If you have another device, login Money Lover with your account so Premium status in that device will be automatically activated.</string>
  <string name="recent_transaction_dialog_description">È possibile importare i dati delle transazioni da queste precedenti</string>
  <string name="repeat_transaction_every">Ogni</string>
  <string name="repeat_transaction_from">Dal</string>
  <string name="repeat_transaction_at">alle</string>
  <string name="repeat_transaction_times">volte</string>
  <string name="event_delete_message">Vuoi cancellare questo evento?</string>
  <string name="saving_delete_message">Vuoi eliminare questo risparmio?</string>
  <string name="budget_delete_message">Vuoi eliminare questo budget?</string>
  <string name="transaction_detail_cashback_left">Rimanenti</string>
  <string name="transaction_detail_cashback_paid">Pagati</string>
  <string name="add_account_error_message_no_currency">Seleziona una valuta per il tuo portafoglio</string>
  <string name="store_download_fail">Impossibile scaricare l\'icona in questo momento</string>
  <string name="dialog_turn_on_location_service">Vuoi attivare il servizio di localizzazione?</string>
  <string name="set_icon_default_tab">Predefinita</string>
  <string name="set_icon_tab_sdcard">Scaricato</string>
  <string name="set_icon_more_tab">Altre icone</string>
  <string name="store_preview_icon">Anteprima</string>
  <string name="store_buy_icon">Acquista</string>
  <string name="store_icon_title">Negozio di icone</string>
  <string name="store_purchase_preview">Anteprima</string>
  <string name="download">Scarica</string>
  <string name="do_not_show_again">Non mostrare di nuovo</string>
  <string name="new_icon_packs_are_available">Sono disponibili due nuovi pacchetti di icone da usare per categorie, eventi e risparmi. Puoi creare una nuova categoria per vederli ora!</string>
  <string name="dialog_share_account">Condividi portafoglio con</string>
  <string name="share_account_success">Portafoglio condiviso con successo</string>
  <string name="dialog_sharing_account">Condividendo…</string>
  <string name="email_address_invalid">Indirizzo email non valido</string>
  <string name="set_location_get_address_error">Impossibile caricare l\'indirizzo, riprova più tardi!</string>
  <string name="cashbook_balance">Bilancio</string>
  <string name="statistic_trends">Andamento</string>
  <string name="sync_transferring_data">Trasferimento dati</string>
  <string name="sync_running">Sincronizzazione in corso…</string>
  <string name="trend_criteria_collapsed_time">Dal &lt;b&gt;%1$s&lt;/b&gt; al &lt;b&gt;%2$s&lt;/b&gt;</string>
  <string name="transaction_detail_set_location">Imposta posizione</string>
  <string name="transaction_detail_can_not_download_image">Impossibile scaricare quest\'immagine, prova con un\'altra.</string>
  <string name="user_unauthenticated">Devi prima accedere</string>
  <string name="share_account_error">Condivisione portafoglio non riuscita</string>
  <string name="beta">Beta</string>
  <string name="sync_error">Errore di sincronizzazione</string>
  <string name="sync_notification_ticker_text">Sincronizzazione dati col server</string>
  <string name="sync_notification_content_title">Sincronizza Money Lover</string>
  <string name="login_success">Accesso riuscito!</string>
  <string name="login_forgot_password">Password dimenticata?</string>
  <string name="register_show_password">Mostra password</string>
  <string name="sync_done">La sincronizzazione ha avuto successo</string>
  <string name="login_fail">Invalid email/password combination. Please try again.</string>
  <string name="connecting">Collegamento…</string>
  <string name="sync_account">Sincronizza portafoglio</string>
  <string name="message_sync_transfer_data">Vuoi trasferire i dati?</string>
  <string name="sync_dialog_transfer_title">Trasferisci dati</string>
  <string name="sync_running_cannot_add_item">Sincronizzazione in corso, si prega di attendere</string>
  <string name="sync_last_sync">Ultima sincronizzazione: %1$s</string>
  <string name="sync_sync_first_time">Tocca per sincronizzare per la prima volta</string>
  <string name="icon_xmas_notification_title">Buon Natale con il nuovo pacchetto di icone!</string>
  <string name="icon_xmas_notification_content">Le festività stanno arrivando: decora Money Lover con il pacchetto di icone natalizie! È gratis!</string>
  <string name="store_icon_re_download">Scarica di nuovo</string>
  <string name="store_icon_free">Gratis</string>
  <string name="store_icon_list_empty">Nessun pacchetto di icone</string>
  <string name="store_icon_canceled_message">Il download per il pacchetto di icone %1$s è stato annullato</string>
  <string name="store_icon_download_finished_message">Il pacchetto di icone %1$s è stato scaricato. Puoi utilizzare le nuove icone per creare categorie, eventi o risparmi.</string>
  <string name="transaction_detail_show_advanced">Aggiungi dettagli</string>
  <string name="refresh">Aggiorna</string>
  <string name="navigation_store">Negozio Money Lover</string>
  <string name="create_category_select_parent_error">Can not choose this category as parent</string>
  <string name="sync_error_timeout">server is maintained</string>
  <string name="sync_error_server_busy">Server occupato</string>
  <string name="sync_register_success">Registrazione avvenuta con successo</string>
  <string name="transaction_detail_warning_time_not_in_range">This date is not in budget %1$s\' time range (%2$s)</string>
  <string name="notification_message_remind_transaction">Hai impostato la notifica per una transazione %1$s: %2$s. Clicca per vederne i dettagli.</string>
  <string name="location_add_new_address">Aggiungi %1$s come luogo</string>
  <string name="category_none_name">Nessuna categoria</string>
  <string name="saving_add_startamount_over">Start amount can not large than goal amount</string>
  <string name="share_account_permission">Imposta questa persone come PROPRIETARIO, in modo che possa vedere, aggiungere, modificare o eliminare tutti i dati di questo portafoglio</string>
  <string name="error_can_not_load_wallet">Impossibile caricare il portafoglio oppure è stato cancellato. Per favore riprova oppure riapri l\'applicazione dal menu, non dal collegamento.</string>
  <string name="select_category_tap_to_create_one">Tocca per crearne uno</string>
  <string name="error_can_not_change_wallet_transaction_debt_loan">Can not change wallet for debt, loan transaction</string>
  <string name="quick_add_manager_title">Show on status bar</string>
  <string name="account_manager_create_shortcut">Create shortcut</string>
  <string name="budget_no_data">No budgets</string>
  <string name="event_no_data">No events</string>
  <string name="saving_no_data">No savings</string>
  <string name="notification_center_no_data">No notifications</string>
  <string name="recurring_transaction_no_data">No recurring transactions</string>
  <string name="notification_like_fan_page_title">Like us on Facebook</string>
  <string name="notification_like_fan_page_text">keep in touch with us for updates, tips and occasional free stuff</string>
  <string name="share_account_email_target">Email which you want to share with</string>
  <string name="share_account_email_error">This string is not a valid email address</string>
  <string name="monthly_report_other_categories">Altre categorie</string>
  <string name="transfer_wallet_unknown_error_message">Impossibile trasferire tra portafogli in questo momento, per favore riprova. Se vedi ancora questo messaggio, contattaci per risolvere questo problema.</string>
  <string name="forgot_password_error_wrong_email">Quest\'email non è registrata, riprova.</string>
  <string name="forgot_pass_success">Controlla la tua posta in arrivo per ulteriori istruzioni.</string>
  <string name="register_error_email_exists">This email is unavailable. Please choose another one.</string>
  <string name="promote_event_expire">This event is already finished</string>
  <string name="promote_event_error_wrong_code">Invalid promote code. Please try again.</string>
  <string name="register_error_server">Our server encountered an weird error and we\'ve been noticed. Please take a cup of coffee why we\'re fixing it.</string>
  <string name="register_error_entered_info_not_enough">Please fill all information to continue</string>
  <string name="purchase_post_facebook_success">Thanks for sharing</string>
  <string name="promote_event_input_successfully">Promote code is valid. Now you can use all features as a Premium user! Thank you for using %1$s</string>
  <string name="promote_event_share_facebook">Share on Facebook</string>
  <string name="promote_event_login_description">TIP: Register a %1$s account to link your Premium status with that account, so next time you login to %1$s, you will have your Premium status back.</string>
  <string name="promote_event_share_facebook_description">It would be cool to share this code to your friends! Don\'t worry, it won\'t affect your Premium status.</string>
  <string name="notification_center_message_already_logged_in">You\'ve already logged in.</string>
  <string name="congratulation">Congratulation!</string>
  <string name="cashbook_pull_to_add_transaction">Pull to add transaction</string>
  <string name="cashbook_release_to_add_transaction">Release to add transaction</string>
  <string-array name="cashbook_set_timerange_items">
    <item>Giorno</item>
    <item>Settimana</item>
    <item>Mese</item>
    <item>Trimestre</item>
    <item>Anno</item>
    <item>Tutto</item>
    <item>Personalizzato</item>
  </string-array>
  <string-array name="delimiters">
    <item>Punto e virgola ( ; )</item>
    <item>Virgola ( , )</item>
    <item>Scheda</item>
  </string-array>
  <string-array name="create_budget_array_time_range">
    <item>Questo mese</item>
    <item>Questo trimestre</item>
    <item>Quest\'anno</item>
    <item>Mese prossimo</item>
    <item>Prossimo trimestre</item>
    <item>Anno prossimo</item>
    <item>Intervallo personalizzato</item>
  </string-array>
  <string-array name="budget_overview_titles">
    <item>In esecuzione</item>
    <item>Finito</item>
  </string-array>
  <string-array name="category_manager_edit_cate_menu">
    <item>@string/edit</item>
    <item>@string/delete</item>
  </string-array>
  <string-array name="debt_overview_titles">
    <item>@string/debt_wallet</item>
    <item>@string/loan_wallet</item>
  </string-array>
  <string-array name="campaign_overview_titles">
    <item>In esecuzione</item>
    <item>Finito</item>
  </string-array>
  <string-array name="arrays_time_mode">
    <item>Settimanalmente</item>
    <item>Ogni 14 giorni</item>
    <item>Mensilmente</item>
    <item>Ogni 3 mesi</item>
    <item>Ogni 6 mesi</item>
    <item>Annualmente</item>
  </string-array>
  <string-array name="arrays_type">
    <item>Interesse semplice</item>
    <item>Interesse composto</item>
  </string-array>
  <string-array name="repeat_transaction_time_mode">
    <item>Ripeti giornalmente</item>
    <item>Ripeti settimanalmente</item>
    <item>Ripeti mensilmente</item>
    <item>Ripeti annualmente</item>
  </string-array>
  <string-array name="backup_list_file_backup_select_item">
    <item>@string/restore_title</item>
    <item>@string/backup_share</item>
  </string-array>
  <string-array name="repeat_transaction_mode_month_week">
    <item>primo</item>
    <item>secondo</item>
    <item>terzo</item>
    <item>quarto</item>
    <item>quinto</item>
    <item>sesto</item>
  </string-array>
  <string-array name="repeat_transaction_times_duration">
    <item>Per sempre</item>
    <item>Fino al</item>
    <item>Per un numero di eventi</item>
  </string-array>
  <string-array name="trend_type">
    <item>@string/expense</item>
    <item>@string/income</item>
    <item>Entrate nette</item>
  </string-array>
  <string-array name="trend_criteria">
    <item>Periodo</item>
    <item>Per Categoria</item>
  </string-array>
  <plurals name="cashbook_transaction_count">
    <item quantity="one">%d transazione</item>
    <item quantity="other">%d transazioni</item>
  </plurals>
  <plurals name="budget_days_left">
    <item quantity="one">%d giorno rimasto</item>
    <item quantity="other">%d giorni rimasti</item>
  </plurals>
  <plurals name="ail_view_photo_title">
    <item quantity="one">%1$s foto rimasta</item>
    <item quantity="other">%1$s foto rimaste</item>
  </plurals>
  <plurals name="editbar_selected_count">
    <item quantity="one">%d elemento selezionato</item>
    <item quantity="other">%d elementi selezionati</item>
  </plurals>
</resources>
