<?xml version="1.0" encoding="utf-8"?>
<!--Generated by crowdin.net-->
<resources>
  <string name="cate_salary">Stipendio</string>
  <string name="cate_award">Premio</string>
  <string name="cate_selling">Vendita</string>
  <string name="cate_give">Dare</string>
  <string name="cate_interest">Soldi interessati</string>
  <string name="cate_debt">Debito</string>
  <string name="cate_income_other">Altro</string>
  <string name="cate_food">Cibo e Bevande</string>
  <string name="cate_entertainment">Divertimento</string>
  <string name="cate_travel">Viaggi</string>
  <string name="cate_education">Educazione</string>
  <string name="cate_transport">Trasporto</string>
  <string name="cate_friend">Amici e Amore</string>
  <string name="cate_family">Famiglia</string>
  <string name="cate_medical">Spese Mediche</string>
  <string name="cate_shopping">Shopping</string>
  <string name="cate_loan">Prestito</string>
  <string name="cate_invest">Investimento</string>
  <string name="cate_expense_other">Altri</string>
</resources>
