<?xml version="1.0" encoding="utf-8"?>
<!--Generated by crowdin.net-->
<resources>
  <string name="notification_message_take_photo_title">Tocca per aggiungere una transazione da &lt;b&gt;Add-it-later&lt;/b&gt; una foto</string>
  <string name="notification_message_daily_alarm_title">Tocca per aggiungere una transazione per &lt;b&gt;%1$s&lt;/b&gt;</string>
  <string name="notification_message_monthly_remind">Visualizza report mensile per &lt;b&gt;%1$s&lt;/b&gt;</string>
  <string name="notification_message_no_expense_today">Nessuna spesa oggi, aggiungerne una?</string>
  <string name="notification_message_remind_debt">Possiedi ancora &lt;b&gt;%1$s&lt;/b&gt; %2$s, vuoi aggiornare ora?</string>
  <string name="notification_message_remind_loan">&lt;b&gt;%1$s&lt;/b&gt; ti deve ancora %2$s, aggiornare ora?</string>
  <string name="budget_notification_budget_warning_title">Il budget ha raggiunto %1$s%%</string>
  <string name="budget_notification_budget_warning_category_text">%1$s rimasti in &lt;b&gt;%2$s&lt;/b&gt;</string>
  <string name="budget_notification_budget_warning_account_text">%1$s rimasti in &lt;b&gt;%2$s&lt;/b&gt;</string>
  <string name="budget_notification_budget_100percent_category_text">in &lt;b&gt;%1$s&lt;/b&gt;</string>
  <string name="budget_notification_budget_100percent_account_text">in &lt;b&gt;%1$s&lt;/b&gt;</string>
  <string name="budget_notification_budget_exceeded_title">Raggiunti i %1$s</string>
  <string name="budget_notification_budget_exceeded_category_text">in &lt;b&gt;%1$s&lt;/b&gt;</string>
  <string name="budget_notification_budget_exceeded_account_text">in &lt;b&gt;%1$s&lt;/b&gt;</string>
  <string name="ail_notification_title">Tocca per scattare una foto</string>
  <string name="ail_notification_text">per poter aggiungere una transazione successivamente</string>
  <string name="ail_notification_cancel_message">È possibile visualizzare questa notifica nuovamente nelle Impostazioni</string>
  <string name="notification_monthly_alarm_title">Tocca per visualizzare il riepilogo</string>
  <string name="notification_monthly_alarm_text">%1$s</string>
  <string name="notification_message_auto_backup">Vedi il file di backup da &lt;b&gt;%1$s&lt;/b&gt;</string>
  <string name="notification_message_repeat_transaction">Una nuova transazione é stata aggiunta su &lt;b&gt;%1$s&lt;/b&gt;</string>
</resources>
