<?xml version="1.0" encoding="utf-8"?>
<!--Generated by crowdin.net-->
<resources>
  <string name="settings_group_display">Schermo</string>
  <string name="settings_group_alarm_title">Sveglia</string>
  <string name="settings_group_system">Sistema</string>
  <string name="settings_group_database">Database</string>
  <string name="settings_group_about">Info</string>
  <string name="settings_select_date_format">Seleziona formato data</string>
  <string name="settings_set_first_day_week">Imposta il primo giorno della settimana</string>
  <string name="settings_set_first_day_month">Imposta il primo giorno del mese</string>
  <string name="settings_enable_pin">Attiva password</string>
  <string name="settings_connect_dropbox">Collega a Dropbox</string>
  <string name="settings_connect_dropbox_connected">Connesso</string>
  <string name="settings_select_language">Seleziona lingua</string>
  <string name="settings_alarm">Promemoria quotidiano per aggiunta transazione</string>
  <string name="settings_auto_check_update">Controlla automaticamente gli aggiornamenti</string>
  <string name="settings_show_ail_notification_title">Visualizza la notifica Show Add-it-later (Aggiungi dopo)</string>
  <string name="pref_show_ail_summary">Scatta una foto come promemoria per aggiungere la transazione più tardi</string>
  <string name="settings_about">Riguardo Money Lover</string>
  <string name="settings_changes_log_title">Changelog</string>
  <string name="settings_amount_text_display_title">Stile di visualizzazione cifre</string>
  <string name="pref_amount_text_decimal_separator_title">Separatore decimale</string>
  <string name="pref_amount_text_decimal_separator_imperial">1,999.95</string>
  <string name="pref_amount_text_decimal_separator_international">1.999,95</string>
  <string name="pref_amount_text_show_currency_title">Visualizza valuta</string>
  <string name="pref_amount_text_minus_style_title">Stile positivo/negativo</string>
  <string name="pref_amount_text_minus_style_color">Con colore di default</string>
  <string name="pref_amount_text_minus_style_sign">Con segno +/-</string>
  <string name="pref_amount_text_minus_style_bracket">Tra parentesi ( )</string>
  <string name="pref_amount_text_shorten_title">Arrotonda</string>
  <string name="pref_using_location">Usa la posizione</string>
  <string name="settings_reset_data">Elimina dati</string>
  <string name="auto_backup_no">Nessun backup automatico</string>
  <string name="auto_backup">Backup automatico</string>
  <string name="auto_backup_every_day">Ogni giorno</string>
  <string name="auto_backup_every_week">Ogni settimana</string>
  <string name="auto_backup_every_month">Ogni mese</string>
  <string name="auto_backup_every_year">Ogni anno</string>
  <string name="auto_backup_test">2 phút</string>
  <string name="settings_quick_add_notification_title"></string>
  <string-array name="first_day_of_week_display">
    <item>Domenica</item>
    <item>Lunedì</item>
    <item>Martedì</item>
    <item>Mercoledì</item>
    <item>Giovedì</item>
    <item>Venerdì</item>
    <item>Sabato</item>
  </string-array>
  <string-array name="first_day_of_month_display">
    <item>1</item>
    <item>2</item>
    <item>3</item>
    <item>4</item>
    <item>5</item>
    <item>6</item>
    <item>7</item>
    <item>8</item>
    <item>9</item>
    <item>10</item>
    <item>11</item>
    <item>12</item>
    <item>13</item>
    <item>14</item>
    <item>15</item>
    <item>16</item>
    <item>17</item>
    <item>18</item>
    <item>19</item>
    <item>20</item>
    <item>21</item>
    <item>22</item>
    <item>23</item>
    <item>24</item>
    <item>25</item>
    <item>26</item>
    <item>27</item>
    <item>28</item>
  </string-array>
  <string-array name="alarm_time_display">
    <item>17:00</item>
    <item>18:00</item>
    <item>19:00</item>
    <item>20:00</item>
    <item>21:00</item>
    <item>22:00</item>
    <item>23:00</item>
    <item>Nessun promemoria</item>
  </string-array>
  <string-array name="auto_backup_repeat">
    <item>@string/auto_backup_every_day</item>
    <item>@string/auto_backup_every_week</item>
    <item>@string/auto_backup_every_month</item>
    <item>@string/auto_backup_every_year</item>
    <item>@string/auto_backup_no</item>
  </string-array>
</resources>
