<?xml version="1.0" encoding="utf-8"?>
<!--Generated by crowdin.net-->
<resources>
  <string name="wpDifferentCurrency">Gli account che hai scelto non hanno la stessa valuta!!! Vuoi cambiarla?</string>
  <string name="downloading">Download in corso</string>
  <string name="duplicate">Duplica</string>
  <string name="wpeditAmount"> O puoi modificare manualmente l\'importo.</string>
  <string name="wpEmptyContent">Nessun dato da visualizzare</string>
  <string name="wpEmptySymbol">: (</string>
  <string name="wpEndDateAfterStartDateError">La data di fine non può essere prima della data di inizio.</string>
  <string name="wpEnterName">Nome del portafoglio?</string>
  <string name="wpEnterPass">Inserisci la password</string>
  <string name="exit">Esci</string>
  <string name="wpExpenseColor">Colore spese</string>
  <string name="wpFeedBackSubject">[W] Feedback</string>
  <string name="format">Formato</string>
  <string name="For">Per</string>
  <string name="wpHeaderColor">Colore intestazione</string>
  <string name="wpHelpUsTranslate">Aiutaci a tradurre</string>
  <string name="wpIncomeColor">Colore entrate</string>
  <string name="wpInsertAccountAlert">Per favore scegli un account</string>
  <string name="wpInsertAmountAlert">Per favore inserisci dei soldi</string>
  <string name="wpInsertCategoryAlert">Per favore scegli una categoria</string>
  <string name="wpInsertCategoryLength">Il nome della categoria deve avere tra 2 e 30 caratteri!</string>
  <string name="wpInsertImageAlert">Per favore scegli un\'icona</string>
  <string name="wpInsertNameAlert">Per favore inserisci un nome</string>
  <string name="wpInsertTimeRangeError">Per favore scegli un intervallo di tempo</string>
  <string name="wpInsertTypeAlert">Per favore scegli una categoria</string>
  <string name="items">Elementi</string>
  <string name="wpLiveFolderError">Impossibile trovare la cartella di Money Lover sul tuo SkyDrive. Per favore, riprova più tardi.</string>
  <string name="wpLocationServiceWarning">Attenzione servizio di locazione </string>
  <string name="wpLocationService">Servizio di localizzazione</string>
  <string name="wpMessage3">Errore BNS: Quest\'azione è disabilitata</string>
  <string name="Message2">Errore BNS: È stato creato il numero massimo di azioni programmate di questo tipo. </string>
  <string name="wpMessage1">Gli agenti di sfondo per questa applicazione sono stati disabilitati dall\'utente.</string>
  <string name="wpMessage">Messaggio</string>
  <string name="monday">Lunedì</string>
  <string name="month">Mese</string>
  <string name="name">Nome</string>
  <string name="navigations">Navigazioni</string>
  <string name="wpDeleteNotify">Vuoi rimuovere tutto?</string>
  <string name="wpNotify7">[Rapporto]</string>
  <string name="wpNotify6">[Risparmio]</string>
  <string name="wpNotify5">Il budget {0} è finito.</string>
  <string name="wpNotify4">Stai attento, il budget {0} è quasi finito.</string>
  <string name="wpNotify3_2">Il prestito {0} è finito.</string>
  <string name="wpNotify3_1">Il debito {0} è finito.</string>
  <string name="wpNotify2">Non hai aggiunto nessuna transazione oggi. Ne vuoi aggiungere ora?</string>
  <string name="wpNotify1">Consigli</string>
  <string name="wpNotify0">Benvenuto in Money Lover su Windows Phone. Da oggi, ti aiuterà a pianificare ed a tenere traccia di tutte le tue spese, registrando tutto e generando dei rapporti periodici. Ti auguriamo di trascorrere un buon periodo con lui.</string>
  <string name="notifications">Notifiche</string>
  <string name="notification">Notifica</string>
  <string name="wpNoParent">Nessun genitore</string>
  <string name="number">No. </string>
  <string name="other">Altri</string>
  <string name="Over">Sopra</string>
  <string name="wpOverDue">In ritardo</string>
  <string name="wpOverAmount">L\'importo da trasferire è più grande del guadagno totale! Si desidera modificarlo nuovamente?</string>
  <string name="wpPaidHistory">Storico pagamenti</string>
  <string name="parent">Superiore</string>
  <string name="wpPasswordProtected">Protetto da password</string>
  <string name="payment">Pagamento</string>
  <string name="people">Persone</string>
  <string name="picture">Foto</string>
  <string name="wpPinToStart">Aggiungi a start</string>
  <string name="place">Luogo</string>
  <string name="wpPlaceFinder">Ricerca luogo</string>
  <string name="quarter">Trimestre</string>
  <string name="reason">Motivo</string>
  <string name="reload">Ricarica</string>
  <string name="wpReminderAddTran">Promemoria Aggiungi transazione</string>
  <string name="wpRestartNotify">Devi riavviare l\'app per visualizzare le modifiche.</string>
  <string name="wpRestoreMess">Il ripristino del database sostituirà quello corrente con quello selezionato. Tutti i dati andranno persi. Sei sicuro di voler ripristinare il database?</string>
  <string name="wpRestoreComplete">Ripristino completato.</string>
  <string name="restore">Ripristina</string>
  <string name="running">In esecuzione</string>
  <string name="wpSamplePlaceSearch">Nome di alcuni luoghi</string>
  <string name="wpSelectedCategory">Categoria selezionata</string>
  <string name="wpSkydriveLogin">Ciao, prima di continuare accedi a SkyDrive.</string>
  <string name="sort">Ordina</string>
  <string name="wpSpendWith">Spendere con</string>
  <string name="start_month">Primo giorno del mese</string>
  <string name="start_week">Primo giorno della settimana</string>
  <string name="sunday">Domenica</string>
  <string name="sure">Sicuro</string>
  <string name="wpSyncDone">Sincronizzazione completata.</string>
  <string name="wpThemeManager">Gestione temi</string>
  <string name="wpThisMonth">Questo mese</string>
  <string name="wpThisQuarter">Questo trimestre</string>
  <string name="wpThisWeek">Questa settimana</string>
  <string name="wpThisYear">Quest\'anno</string>
  <string name="time_format">Formato ora</string>
  <string name="wpTimeRange">Intervallo temporale</string>
  <string name="title">Titolo</string>
  <string name="wpToAcount">Nel account</string>
  <string name="today">Oggi</string>
  <string name="tomorrow">Domani</string>
  <string name="tranfer">Trasferisci</string>
  <string name="wpTranferFail">Si prega di ricontrollare i dati! L\'importo da trasferire deve essere maggiore di 0.</string>
  <string name="wpTranferComplete">Trasferimento completato!</string>
  <string name="wpTransferFrom">Trasferimento da:</string>
  <string name="wpTransferMoney">Trasferimento di denaro</string>
  <string name="wpTranferingException">Eccezioni di trasferimento</string>
  <string name="wpTransactionInfo">Informazioni transazione</string>
  <string name="tutorial">Tutorial</string>
  <string name="unfinished">Incompiuto</string>
  <string name="unit">Unità</string>
  <string name="wpUploadCompleted">Caricamento completato.</string>
  <string name="uploading">Caricamento</string>
  <string name="wpUploadSkydrive">Carica su SkyDrive</string>
  <string name="wpUseCustomColor">Utilizza colore personalizzato</string>
  <string name="used">Usato</string>
  <string name="wpViewMode">Modalità di visualizzazione</string>
  <string name="wpViewOffice">Visualizza con Office</string>
  <string name="week">Settimana</string>
  <string name="wrong">Sbagliato</string>
  <string name="wpWrongPass">Password errata.</string>
  <string name="year">Anno</string>
  <string name="yesterday">Ieri</string>
  <string name="wpViewTran">Vedi transazioni</string>
  <string name="editDebt">Modificare il debito</string>
  <string name="wpTimeAlreadyOver">L\' ora scelta è già passata.</string>
  <string name="account_all">Tutti gli account</string>
  <string name="about_msg_wp">Guadagnare denaro e gestirlo non è la stessa cosa! Spese non preventivate e sbadate sono guai di famiglie in tutto il mondo. Money Lover vi aiuterà a pianificare e tenere traccia di tutte le spese, registrare tutto e generare il report periodicamente. Non è uno strumento di contabilità completo, ma è utile per la semplice gestione finanziaria familiare/personale.</string>
  <string name="clear">Chiara</string>
  <string name="day">Giorno</string>
  <string name="interest_rate">Tasso d\'interesse</string>
  <string name="string_select_all">Seleziona tutto</string>
  <string name="settings_alarm_group_title">Allarme</string>
  <string name="wpAddAccountFirst">Aggiungere prima un portafoglio!</string>
  <string name="wpATM">ATM</string>
  <string name="wpAdd">Aggiungi</string>
  <string name="wpBank">Banca</string>
  <string name="wpBackupRestore">Backup &amp; Restore</string>
  <string name="wpBackup">Backup</string>
  <string name="wpCannotEditAccount">Non è possibile modificare questo account.</string>
  <string name="wpCannotEditTransaction">Non è possibile modificare questa transazione.</string>
  <string name="wpConfirmBackCategory">Non abbiamo salvato ancora la tua categoria, sei sicuro di voler tornare indietro?</string>
  <string name="wpConfirmBack">Non abbiamo salvato ancora la tua categoria, sei sicuro di voler tornare indietro?</string>
  <string name="wpConfirmBackBudget">Non abbiamo salvato ancora la tua categoria, sei sicuro di voler tornare indietro?</string>
  <string name="wpCustomRange">Intervallo personalizzato</string>
  <string name="wpCustomTimeNullError">L\'orario personalizzato è nullo . Scegliete un intervallo di tempo.</string>
  <string name="wpDayLeft">giorno mancante</string>
  <string name="wpDaysLeft">giorni mancanti</string>
  <string name="wpDeleteTransaction">Saranno persi tutti i dati di questa transazione. Si desidera continuare?</string>
  <string name="wpDeletePin">Si desidera eliminare il pin?</string>
  <string name="wpDeleteBudget">Saranno persi tutti i dati di questo bilancio. Si desidera continuare?</string>
  <string name="wpDeleteAcc">Saranno persi tutti i dati di questo account. Si desidera continuare?</string>
  <string name="wpDeleteCategory">Saranno persi tutti i dati di questa categoria. Si desidera continuare?</string>
  <string name="wpAuto">Automatico</string>
  <string name="rate">tasso</string>
  <string name="wp_warning_addtran_from_pin_message">Transazione aggiunta con successo. Si desidera tornare alla schermata di portafoglio?</string>
  <string name="navigation_group_policy">Politica</string>
  <string name="wpNotify8">Congratulazioni, hai aggiornato correttamente. Vuoi vedere le novità in questa versione? Tocca per vederle!</string>
</resources>
