<?xml version="1.0" encoding="utf-8"?>
<!--Generated by crowdin.net-->
<resources>
  <string name="search_over">Sopra</string>
  <string name="search_under">Sotto</string>
  <string name="search_time_over">Dopo</string>
  <string name="search_time_under">Prima</string>
  <string name="search_between">Tra</string>
  <string name="search_exact">Esatto</string>
  <string name="search_remove">Rimuovi</string>
  <string name="search_none">Nessuno</string>
  <string name="search_all">Tutti</string>
  <string name="search_select">Seleziona</string>
  <string name="start">Inizia</string>
  <string name="end">Fine</string>
  <string name="from">Da</string>
  <string name="to">A</string>
  <string-array name="arr_amount">
    <item>@string/search_all</item>
    <item>@string/search_over</item>
    <item>@string/search_under</item>
    <item>@string/search_between</item>
    <item>@string/search_exact</item>
  </string-array>
  <string-array name="arr_type">
    <item>Tutti</item>
    <item>Entrate</item>
    <item>Spese</item>
  </string-array>
  <string-array name="arr_time">
    <item>@string/search_all</item>
    <item>@string/search_time_over</item>
    <item>@string/search_time_under</item>
    <item>@string/search_between</item>
    <item>@string/search_exact</item>
  </string-array>
</resources>
