<?xml version="1.0" encoding="utf-8"?>
<!--Generated by crowdin.net-->
<resources>
  <string name="AGO">前</string>
  <string name="DAY">一天</string>
  <string name="DAYS">%1$s 天</string>
  <string name="HOUR">大約一個小時</string>
  <string name="HOURS">%1$s 小時</string>
  <string name="MINUTE">大約一分鐘</string>
  <string name="MINUTES">%1$s 分鐘</string>
  <string name="MONTH">約一個月</string>
  <string name="MONTHS">%1$s 個月</string>
  <string name="SECONDS">不到一分鐘</string>
  <string name="SUFFIX_FROM_NOW">從現在開始</string>
  <string name="YEAR">大約一年</string>
  <string name="YEARS">%1$s 年</string>
</resources>
