<?xml version="1.0" encoding="utf-8"?>
<!--Generated by crowdin.net-->
<resources>
  <string name="second">秒</string>
  <string name="minute">分</string>
  <plurals name="days_left">
    <item quantity="other">剩下 %d 天</item>
  </plurals>
  <plurals name="hour_left">
    <item quantity="other">剩下 %d 小時</item>
  </plurals>
  <plurals name="minute_left">
    <item quantity="other">剩下 %d 分</item>
  </plurals>
  <plurals name="second_left">
    <item quantity="other">剩下 %d 秒</item>
  </plurals>
</resources>
