<?xml version="1.0" encoding="utf-8"?>
<!--Generated by crowdin.net-->
<resources>
  <string name="notice">通知</string>
  <string name="error">錯誤</string>
  <string name="close">關閉</string>
  <string name="cancel">取消</string>
  <string name="save">儲存</string>
  <string name="done">完成</string>
  <string name="yes">是</string>
  <string name="submit">Submit</string>
  <string name="sorry">抱歉</string>
  <string name="ok">OK</string>
  <string name="search">搜尋</string>
  <string name="no">否</string>
  <string name="confirm">確認</string>
  <string name="today">今天</string>
  <string name="tomorrow">明天</string>
  <string name="yesterday">昨天</string>
  <string name="thisweek">本週</string>
  <string name="nextweek">下週</string>
  <string name="lastweek">上週</string>
  <string name="thismonth">這個月</string>
  <string name="nextmonth">下個月</string>
  <string name="lastmonth">上個月</string>
  <string name="thisquarter">這一季</string>
  <string name="nextquarter">下一季</string>
  <string name="lastquarter">上一季</string>
  <string name="thisyear">今年</string>
  <string name="nextyear">明年</string>
  <string name="lastyear">去年</string>
  <string name="quarter_shorten">Q</string>
</resources>
