<?xml version="1.0" encoding="utf-8"?>
<!--Generated by crowdin.net-->
<resources>
  <string name="notice">Повідомлення</string>
  <string name="error">Помилка</string>
  <string name="close">Закрити</string>
  <string name="cancel">Скасувати</string>
  <string name="save">Зберегти</string>
  <string name="done">Готово</string>
  <string name="yes">Так</string>
  <string name="submit">Submit</string>
  <string name="sorry">Пробачте</string>
  <string name="ok">Добре</string>
  <string name="search">Пошук</string>
  <string name="no">Ні</string>
  <string name="confirm">Підтвердити</string>
  <string name="today">Сьогодні</string>
  <string name="tomorrow">Завтра</string>
  <string name="yesterday">Вчора</string>
  <string name="thisweek">На цьому тижні</string>
  <string name="nextweek">Наступного тижня</string>
  <string name="lastweek">Минулого тижня</string>
  <string name="thismonth">У цьому місяці</string>
  <string name="nextmonth">Наступного місяця</string>
  <string name="lastmonth">Минулого місяця</string>
  <string name="thisquarter">У цьому кварталі</string>
  <string name="nextquarter">Наступного кварталу</string>
  <string name="lastquarter">Минулого кварталу</string>
  <string name="thisyear">Цього року</string>
  <string name="nextyear">Наступного року</string>
  <string name="lastyear">Минулого року</string>
  <string name="quarter_shorten">кв.</string>
</resources>
