<?xml version="1.0" encoding="utf-8"?>
<!--Generated by crowdin.net-->
<resources>
  <string name="second">секунда</string>
  <string name="minute">хвилина</string>
  <plurals name="days_left">
    <item quantity="one">лишився %d день</item>
    <item quantity="few">лишилося %d дні</item>
    <item quantity="other">лишилося %d днів</item>
  </plurals>
  <plurals name="hour_left">
    <item quantity="one">лишилася %d година</item>
    <item quantity="few">лишилося %d години</item>
    <item quantity="other">лишилося %d годин</item>
  </plurals>
  <plurals name="minute_left">
    <item quantity="one">лишилася %d хвилина</item>
    <item quantity="few">лишилося %d хвилини</item>
    <item quantity="other">лишилося %d хвилин</item>
  </plurals>
  <plurals name="second_left">
    <item quantity="one">лишилася %d секунда</item>
    <item quantity="few">лишилися %d секунди</item>
    <item quantity="other">лишилися %d секунд</item>
  </plurals>
</resources>
