<?xml version="1.0" encoding="utf-8"?>
<!--Generated by crowdin.net-->
<resources>
  <string name="AGO">тому</string>
  <string name="DAY">день</string>
  <string name="DAYS">%1$s днів</string>
  <string name="HOUR">близько години</string>
  <string name="HOURS">%1$s годин</string>
  <string name="MINUTE">близько хвилини</string>
  <string name="MINUTES">%1$s хвилин</string>
  <string name="MONTH">близько місяця</string>
  <string name="MONTHS">%1$s місяців</string>
  <string name="SECONDS">менше хвилини</string>
  <string name="SUFFIX_FROM_NOW">віднині</string>
  <string name="YEAR">близько року</string>
  <string name="YEARS">%1$s років</string>
</resources>
