<?xml version="1.0" encoding="utf-8"?>
<!--Generated by crowdin.net-->
<resources>
  <string name="settings_group_display">Відображення</string>
  <string name="settings_group_alarm_title">Сповіщення</string>
  <string name="settings_group_system">Система</string>
  <string name="settings_group_database">База данних</string>
  <string name="settings_group_about">Про програму</string>
  <string name="settings_select_date_format">Виберіть формат дати</string>
  <string name="settings_set_first_day_week">Встановити перший день тижня</string>
  <string name="settings_set_first_day_month">Встановити перший день місяця</string>
  <string name="settings_enable_pin">Дозволити пароль</string>
  <string name="settings_connect_dropbox">З\'єднатися з Dropbox</string>
  <string name="settings_connect_dropbox_connected">Підключено</string>
  <string name="settings_select_language">Вибрати мову</string>
  <string name="settings_alarm">Щоденне нагадування про додавання операцій</string>
  <string name="settings_auto_check_update">Автоматично перевіряти оновлення</string>
  <string name="settings_show_ail_notification_title">Показувати повідомлення Add-it-later</string>
  <string name="pref_show_ail_summary">Спочатку зробіть фото для нагадування, а операцію зможете ввести пізніше</string>
  <string name="settings_about">Про Money Lover</string>
  <string name="settings_changes_log_title">Список змін</string>
  <string name="settings_amount_text_display_title">Стиль відображення суми</string>
  <string name="pref_amount_text_decimal_separator_title">Десяткова кома</string>
  <string name="pref_amount_text_decimal_separator_imperial">1,999.95</string>
  <string name="pref_amount_text_decimal_separator_international">1.999,95</string>
  <string name="pref_amount_text_show_currency_title">Показувати валюту</string>
  <string name="pref_amount_text_minus_style_title">Позитивний/негативний стиль</string>
  <string name="pref_amount_text_minus_style_color">Колір за замовчуванням</string>
  <string name="pref_amount_text_minus_style_sign">Зі знаком +/-</string>
  <string name="pref_amount_text_minus_style_bracket">Зі знаком ( )</string>
  <string name="pref_amount_text_shorten_title">Скорочувати суму</string>
  <string name="pref_using_location">Використовувати розташування</string>
  <string name="settings_reset_data">Скинути дані</string>
  <string name="auto_backup_no">Без автоматичного резервного копіювання</string>
  <string name="auto_backup">Автоматичне резервне копіювання</string>
  <string name="auto_backup_every_day">Щодня</string>
  <string name="auto_backup_every_week">Щотижня</string>
  <string name="auto_backup_every_month">Щомісяця</string>
  <string name="auto_backup_every_year">Щороку</string>
  <string name="auto_backup_test">2 phút</string>
  <string name="settings_quick_add_notification_title"></string>
  <string-array name="first_day_of_week_display">
    <item>Неділя</item>
    <item>Понеділок</item>
    <item>Вівторок</item>
    <item>Середа</item>
    <item>Четвер</item>
    <item>П\'ятниця</item>
    <item>Субота</item>
  </string-array>
  <string-array name="first_day_of_month_display">
    <item>1</item>
    <item>2</item>
    <item>3</item>
    <item>4</item>
    <item>5</item>
    <item>6</item>
    <item>7</item>
    <item>8</item>
    <item>9</item>
    <item>10</item>
    <item>11</item>
    <item>12</item>
    <item>13</item>
    <item>14</item>
    <item>15</item>
    <item>16</item>
    <item>17</item>
    <item>18</item>
    <item>19</item>
    <item>20</item>
    <item>21</item>
    <item>22</item>
    <item>23</item>
    <item>24</item>
    <item>25</item>
    <item>26</item>
    <item>27</item>
    <item>28</item>
  </string-array>
  <string-array name="alarm_time_display">
    <item>17:00</item>
    <item>18:00</item>
    <item>19:00</item>
    <item>20:00</item>
    <item>21:00</item>
    <item>22:00</item>
    <item>23:00</item>
    <item>Без сповіщення</item>
  </string-array>
  <string-array name="auto_backup_repeat">
    <item>@string/auto_backup_every_day</item>
    <item>@string/auto_backup_every_week</item>
    <item>@string/auto_backup_every_month</item>
    <item>@string/auto_backup_every_year</item>
    <item>@string/auto_backup_no</item>
  </string-array>
</resources>
