<?xml version="1.0" encoding="utf-8"?>
<!--Generated by crowdin.net-->
<resources>
  <string name="notification_message_take_photo_title">Натисніть, щоб додати операцію від &lt;b&gt;Add-it-later&lt;/b&gt; фото</string>
  <string name="notification_message_daily_alarm_title">Натисніть, щоб додати операції для &lt;b&gt;%1$s&lt;/b&gt;</string>
  <string name="notification_message_monthly_remind">Переглянути місячний звіт за &lt;b&gt;%1$s&lt;/b&gt;</string>
  <string name="notification_message_no_expense_today">За сьогодні не було витрат, створити зараз?</string>
  <string name="notification_message_remind_debt">Ви все ще маєте &lt;b&gt;%1$s&lt;/b&gt; %2$s, оновити зараз?</string>
  <string name="notification_message_remind_loan">&lt;b&gt;%1$s&lt;/b&gt; ще належать вам %2$s, оновити зараз?</string>
  <string name="budget_notification_budget_warning_title">Бюджет досягнув %1$s%%</string>
  <string name="budget_notification_budget_warning_category_text">%1$s лишилося в &lt;b&gt;%2$s&lt;/b&gt;</string>
  <string name="budget_notification_budget_warning_account_text">%1$s лишилося в &lt;b&gt;%2$s&lt;/b&gt;</string>
  <string name="budget_notification_budget_100percent_category_text">в &lt;b&gt;%1$s&lt;/b&gt;</string>
  <string name="budget_notification_budget_100percent_account_text">в &lt;b&gt;%1$s&lt;/b&gt;</string>
  <string name="budget_notification_budget_exceeded_title">Перевитрата %1$s</string>
  <string name="budget_notification_budget_exceeded_category_text">в &lt;b&gt;%1$s&lt;/b&gt;</string>
  <string name="budget_notification_budget_exceeded_account_text">в &lt;b&gt;%1$s&lt;/b&gt;</string>
  <string name="ail_notification_title">Натисніть, щоб зробити фото</string>
  <string name="ail_notification_text">так що ви можете додати операцію пізніше</string>
  <string name="ail_notification_cancel_message">Ви можете показати це сповіщення знову в Налаштуваннях</string>
  <string name="notification_monthly_alarm_title">Натисніть, щоб переглянути звіт за</string>
  <string name="notification_monthly_alarm_text">%1$s</string>
  <string name="notification_message_auto_backup">Переглянути резервну копію в &lt;b&gt;%1$s&lt;/b&gt;</string>
  <string name="notification_message_repeat_transaction">Нова операція була додана в &lt;b&gt;%1$s&lt;/b&gt;</string>
</resources>
