<?xml version="1.0" encoding="utf-8"?>
<!--Generated by crowdin.net-->
<resources>
  <string name="search_over">Більше, ніж</string>
  <string name="search_under">Менше, ніж</string>
  <string name="search_time_over">Після</string>
  <string name="search_time_under">Перед</string>
  <string name="search_between">Між</string>
  <string name="search_exact">Точно</string>
  <string name="search_remove">Видалити</string>
  <string name="search_none">Жоден</string>
  <string name="search_all">Всі</string>
  <string name="search_select">Виберіть</string>
  <string name="start">Початок</string>
  <string name="end">Кінець</string>
  <string name="from">Від</string>
  <string name="to">До</string>
  <string-array name="arr_amount">
    <item>@string/search_all</item>
    <item>@string/search_over</item>
    <item>@string/search_under</item>
    <item>@string/search_between</item>
    <item>@string/search_exact</item>
  </string-array>
  <string-array name="arr_type">
    <item>Всі</item>
    <item>Дохід</item>
    <item>Витрати</item>
  </string-array>
  <string-array name="arr_time">
    <item>@string/search_all</item>
    <item>@string/search_time_over</item>
    <item>@string/search_time_under</item>
    <item>@string/search_between</item>
    <item>@string/search_exact</item>
  </string-array>
</resources>
