<?xml version="1.0" encoding="utf-8"?>
<!--Generated by crowdin.net-->
<resources>
  <string name="cate_salary">Зарплата</string>
  <string name="cate_award">Винагорода</string>
  <string name="cate_selling">Продаж</string>
  <string name="cate_give">Подарунок</string>
  <string name="cate_interest">Відсотки</string>
  <string name="cate_debt">Повернення боргу</string>
  <string name="cate_income_other">Інше</string>
  <string name="cate_food">Їжа та напої</string>
  <string name="cate_entertainment">Розваги</string>
  <string name="cate_travel">Подорожі</string>
  <string name="cate_education">Освіта</string>
  <string name="cate_transport">Транспорт</string>
  <string name="cate_friend">Дружба та любов</string>
  <string name="cate_family">Сім\'я</string>
  <string name="cate_medical">Здоров\'я</string>
  <string name="cate_shopping">Покупки</string>
  <string name="cate_loan">Дати кредит</string>
  <string name="cate_invest">Інвестиції</string>
  <string name="cate_expense_other">Інше</string>
</resources>
