<?xml version="1.0" encoding="utf-8"?>
<!--Generated by crowdin.net-->
<resources>
  <string name="wpDifferentCurrency">Ви вибрали облікові записи з різними валютами!!! Хочете обміняти суму = </string>
  <string name="downloading">Завантаження</string>
  <string name="duplicate">Дублювати</string>
  <string name="wpeditAmount"> Або можна змінити суму вручну.</string>
  <string name="wpEmptyContent">Нема даних для відображення</string>
  <string name="wpEmptySymbol">: (</string>
  <string name="wpEndDateAfterStartDateError">Дата завершення не може бути раніше за дату початку.</string>
  <string name="wpEnterName">Назва вашого гаманця?</string>
  <string name="wpEnterPass">введіть пароль</string>
  <string name="exit">Вийти</string>
  <string name="wpExpenseColor">Колір витрат</string>
  <string name="wpFeedBackSubject">[W] Зворотній зв\'язок</string>
  <string name="format">Формат</string>
  <string name="For">Для</string>
  <string name="wpHeaderColor">Колір заголовка</string>
  <string name="wpHelpUsTranslate">Допоможіть нам з перекладом</string>
  <string name="wpIncomeColor">Колір доходів</string>
  <string name="wpInsertAccountAlert">Будь ласка, виберіть обліковий запис</string>
  <string name="wpInsertAmountAlert">Будь ласка, введіть суму</string>
  <string name="wpInsertCategoryAlert">Будь ласка, виберіть категорію</string>
  <string name="wpInsertCategoryLength">Довжина назви категорії має бути більше, ніж 2 і менше ніж 30!</string>
  <string name="wpInsertImageAlert">Будь ласка виберіть зображення значка</string>
  <string name="wpInsertNameAlert">Будь ласка, введіть ім\'я</string>
  <string name="wpInsertTimeRangeError">Будь ласка виберіть проміжок часу</string>
  <string name="wpInsertTypeAlert">Будь ласка, оберіть тип категорії</string>
  <string name="items">Елементи</string>
  <string name="wpLiveFolderError">Не вдалося отримати доступ до папки Money Lover на вашому SkyDrive. Будь ласка, спробуйте пізніше.</string>
  <string name="wpLocationServiceWarning">LocationServiceWarning</string>
  <string name="wpLocationService">Служба місцезнаходження</string>
  <string name="wpMessage3">Помилка BNS: дія відключена</string>
  <string name="Message2">Помилка BNS: Максимальна кількість ScheduledActions цього типу вже існує. </string>
  <string name="wpMessage1">Фонові агенти для цієї програми відключені користувачем.</string>
  <string name="wpMessage">Повідомлення</string>
  <string name="monday">Понеділок</string>
  <string name="month">Місяць</string>
  <string name="name">Назва</string>
  <string name="navigations">Навігація</string>
  <string name="wpDeleteNotify">Хочете все видалити?</string>
  <string name="wpNotify7">[Звіт]</string>
  <string name="wpNotify6">[Збереження]</string>
  <string name="wpNotify5">Бюджет {0} закінчено.</string>
  <string name="wpNotify4">Будьте обережні, бюджет {0} підходить до кінця.</string>
  <string name="wpNotify3_2">Кредит {0} виплачено.</string>
  <string name="wpNotify3_1">Борг {0} виплачено.</string>
  <string name="wpNotify2">Ви не додали за сьогодні жодних операцій. Додати зараз?</string>
  <string name="wpNotify1">Поради</string>
  <string name="wpNotify0">Ласкаво просимо до Money Lover на Windows Phone. Від сьогодні це допоможе вам планувати і відслідковувати всі ваші витрати, записувати їх, а також генерувати періодичні звіти. Приємного використання.</string>
  <string name="notifications">Сповіщення</string>
  <string name="notification">Сповіщення</string>
  <string name="wpNoParent">Немає батьківського елемента</string>
  <string name="number">Ні. </string>
  <string name="other">Інше</string>
  <string name="Over">Над</string>
  <string name="wpOverDue">Прострочено</string>
  <string name="wpOverAmount">Сума переказу є більшою за суму доходів! Бажаєте відредагувати?</string>
  <string name="wpPaidHistory">Історія оплат</string>
  <string name="parent">Батьківський елемент</string>
  <string name="wpPasswordProtected">Захищено паролем</string>
  <string name="payment">Виплата</string>
  <string name="people">Контакти</string>
  <string name="picture">Зображення</string>
  <string name="wpPinToStart">PIN-код, щоб почати</string>
  <string name="place">Місце</string>
  <string name="wpPlaceFinder">Знайти місце</string>
  <string name="quarter">Квартал</string>
  <string name="reason">Причина</string>
  <string name="reload">Перезавантажити</string>
  <string name="wpReminderAddTran">Нагадування додати операцію</string>
  <string name="wpRestartNotify">Щоб побачити зміни, перезапустіть програму.</string>
  <string name="wpRestoreMess">Відновлення бази даних замінить поточну базу даних вибраною. Всі дані будуть втрачені. Ви дійсно бажаєте відновити базу даних?</string>
  <string name="wpRestoreComplete">Відновлення завершено.</string>
  <string name="restore">Відновити</string>
  <string name="running">Працює</string>
  <string name="wpSamplePlaceSearch">Назвати деякі місця</string>
  <string name="wpSelectedCategory">Вибрана категорія</string>
  <string name="wpSkydriveLogin">Привіт, перед продовженням будь ласка увійдіть до вашого SkyDrive.</string>
  <string name="sort">Сортування</string>
  <string name="wpSpendWith">Потратити з</string>
  <string name="start_month">Перший день місяця</string>
  <string name="start_week">Перший день тижня</string>
  <string name="sunday">Неділя</string>
  <string name="sure">Впевнені</string>
  <string name="wpSyncDone">Синхронізацію завершено.</string>
  <string name="wpThemeManager">Управління темами</string>
  <string name="wpThisMonth">Цього місяця</string>
  <string name="wpThisQuarter">У цьому кварталі</string>
  <string name="wpThisWeek">На цьому тижні</string>
  <string name="wpThisYear">Цього року</string>
  <string name="time_format">Формат часу</string>
  <string name="wpTimeRange">Проміжок часу</string>
  <string name="title">Заголовок</string>
  <string name="wpToAcount">На рахунок</string>
  <string name="today">Сьогодні</string>
  <string name="tomorrow">Завтра</string>
  <string name="tranfer">Перевод</string>
  <string name="wpTranferFail">Будь ласка, перевірте інформацію знову! Сума, яку ви переводите має бути більшою за 0.</string>
  <string name="wpTranferComplete">Передачу завершено!</string>
  <string name="wpTransferFrom">Перевести з:</string>
  <string name="wpTransferMoney">Перевести гроші</string>
  <string name="wpTranferingException">Помилка при передачі</string>
  <string name="wpTransactionInfo">Дані про транзакцію</string>
  <string name="tutorial">Посібник</string>
  <string name="unfinished">Незакінчений</string>
  <string name="unit">Одиниця</string>
  <string name="wpUploadCompleted">Завантаження завершено.</string>
  <string name="uploading">Завантаження</string>
  <string name="wpUploadSkydrive">Передати у SkyDrive</string>
  <string name="wpUseCustomColor">Використовувати інший колір</string>
  <string name="used">Використовується</string>
  <string name="wpViewMode">Режим перегляду</string>
  <string name="wpViewOffice">Перегляд в Office</string>
  <string name="week">Тиждень</string>
  <string name="wrong">Неправильно</string>
  <string name="wpWrongPass">Неправильний пароль.</string>
  <string name="year">Рік</string>
  <string name="yesterday">Вчора</string>
  <string name="wpViewTran">Перегляд транзакції</string>
  <string name="editDebt">Змінити борг</string>
  <string name="wpTimeAlreadyOver">Час, що ви обираєте, вже вичерпано.</string>
  <string name="account_all">Усі облікові записи</string>
  <string name="about_msg_wp">Заробляти гроші і управляти ними - не одне і те саме! Недбалі і незаплановані витрати є проблемою для сімей у всьому світі. Money Lover допоможе Вам планувати і відслідковувати всі Ваші витрати, записувати їх та генерувати звіти за періодами. Це не повнофункціональний інструмент бухгалтерського обліку, але є корисним для простого управління власними чи сімейними фінансами.</string>
  <string name="clear">Очистити</string>
  <string name="day">День</string>
  <string name="interest_rate">Ставка</string>
  <string name="string_select_all">Вибрати все</string>
  <string name="settings_alarm_group_title">Сповіщення</string>
  <string name="wpAddAccountFirst">Спершу створіть гаманець!</string>
  <string name="wpATM">Банкомат</string>
  <string name="wpAdd">Додати</string>
  <string name="wpBank">Банк</string>
  <string name="wpBackupRestore">Резервне копіювання та відновлення</string>
  <string name="wpBackup">Резервне копіювання</string>
  <string name="wpCannotEditAccount">Не вдалося відредагувати цей обліковий запис.</string>
  <string name="wpCannotEditTransaction">Не можна редагувати цю операцію.</string>
  <string name="wpConfirmBackCategory">Категорія ще не була збережена, дійсно хочете повернутися назад?</string>
  <string name="wpConfirmBack">Операція ще не була збережена, дійсно хочете повернутися назад?</string>
  <string name="wpConfirmBackBudget">Бюджет ще не був збережений, дійсно хочете повернутися назад?</string>
  <string name="wpCustomRange">Інший діапазон</string>
  <string name="wpCustomTimeNullError">Власний час не задано. Будь ласка, виберіть часовий проміжок.</string>
  <string name="wpDayLeft">день лишився</string>
  <string name="wpDaysLeft">днів лишилося</string>
  <string name="wpDeleteTransaction">Всі дані цієї операції будуть втрачені. Продовжити?</string>
  <string name="wpDeletePin">Бажаєте видалити PIN?</string>
  <string name="wpDeleteBudget">Всі дані цього бюджету будуть втрачені. Продовжити?</string>
  <string name="wpDeleteAcc">Всі дані цього облікового запису будуть втрачені. Продовжити?</string>
  <string name="wpDeleteCategory">Всі дані цієї категорії будуть втрачені. Продовжити?</string>
  <string name="wpAuto">Авто</string>
  <string name="rate">ставка</string>
  <string name="wp_warning_addtran_from_pin_message">Операцію було додано успішно. Бажаєте повернутися до екрану Гаманця?</string>
  <string name="navigation_group_policy">Політика</string>
  <string name="wpNotify8">Вітаємо, програма оновлена. Бажаєте дізнатися про зміни у новій версії? Натисніть, щоб переглянути!</string>
</resources>
