<?xml version="1.0" encoding="utf-8"?>
<!--Generated by crowdin.net-->
<resources>
  <string name="account">Гаманець</string>
  <string name="amount">Сума</string>
  <string name="budget">Бюджет</string>
  <string name="event_title">Подія</string>
  <string name="category">Категорія</string>
  <string name="earned_from">Отримано від</string>
  <string name="end_date">Дата закінчення</string>
  <string name="expense">Витрата</string>
  <string name="goto_today">Перейти до сьогодні</string>
  <string name="goto_thismonth">Перейти до цього місяця</string>
  <string name="income">Дохід</string>
  <string name="migrate">Перенесення</string>
  <string name="select_category">Виберіть категорію</string>
  <string name="spent_on">Витрачено на</string>
  <string name="start_date">Дата початку</string>
  <string name="time">Час</string>
  <string name="time_range">%1$s - %2$s</string>
  <string name="loading_more">Завантаження…</string>
  <string name="goal">Мета</string>
  <string name="edit">Edit</string>
  <string name="saved">Збережено</string>
  <string name="search_go">Знайти</string>
  <string name="buy_app">Отримати Преміум</string>
  <string name="undobar_message">%1$s було видалено</string>
  <string name="backup_share">Поділитися</string>
  <string name="version">Версія %1$s</string>
  <string name="loading">Завантаження…</string>
  <string name="total">Всього</string>
  <string name="splashscreen_create_account">Створити перший гаманець</string>
  <string name="splash_screen_use_cloud">Go cloud (Coming soon)</string>
  <string name="splash_screen_use_cloud_info">Sync and Share transactions with easy</string>
  <string name="splash_screen_use_right_away">For this device only</string>
  <string name="splash_screen_use_right_away_info">Right away!</string>
  <string name="welcome_message_title">How do you want to use?</string>
  <string name="welcome_message">You can change your mind at any time later</string>
  <string name="login_hint_email">E-mail</string>
  <string name="login_hint_password">Пароль</string>
  <string name="login_facebook">Увійти, використовуючи Facebook</string>
  <string name="login_money_lover">Увійти, використовуючи Money Lover акаунт</string>
  <string name="login_title">Login</string>
  <string name="register_title">Реєстрація</string>
  <string name="register_register">Реєстрація</string>
  <string name="cashbook_earning">Заробіток</string>
  <string name="cashbook_spending">Витрати</string>
  <string name="cashbook_all_transactions">Всі операції</string>
  <string name="cashbook_delete_transaction_message">Видалити цю операцію?</string>
  <string name="cashbook_left">%1$s лишилося</string>
  <string name="cashbook_no_data_guide">Tap the %1$s button below to add some</string>
  <string name="cashbook_no_data_swipe_down">Проведіть вниз і</string>
  <string name="cashbook_no_data_faq_tip">Складно користуватися? Натисніть %1$s, щоб знайти допомогу</string>
  <string name="cashbook_no_data_earning">Нема надходжень</string>
  <string name="cashbook_no_data_spending">Нема витрат</string>
  <string name="cashbook_no_data">Нема операцій</string>
  <string name="cashbook_selected_account_not_existed">Вибраний гаманець не існує, Вас буде направлено на гаманець за замовчуванням.</string>
  <string name="cashbook_contentdescription_help_support">Довідка і підтримка</string>
  <string name="cashbook_contentdescription_select_time_range_to_view">Виберіть режим перегляду</string>
  <string name="cashbook_contentdescription_delete_transaction">Видалити операцію</string>
  <string name="cashbook_contentdescription_sort_transaction">Сортувати операції</string>
  <string name="cashbook_contentdescription_search_transaction">Пошук операцій</string>
  <string name="cashbook_contentdescription_viewmode_transaction">Сортувати по транзакціям</string>
  <string name="cashbook_contentdescription_viewmode_category">Сортувати по категоріям</string>
  <string name="cashbook_contentdescription_transfer_money">Перевести гроші</string>
  <string name="with_person">з %1$s</string>
  <string name="with_two_person">з %1$s &amp; %2$s</string>
  <string name="with_many_person">з %1$s &amp; %2$s інших людей</string>
  <string name="press_back_one_more_time_to_exit">Для виходу натисніть кнопку Назад ще раз</string>
  <string name="paid">Повернути кошти</string>
  <string name="cashbook_cashback_info">до %1$s</string>
  <string name="add_transaction_amount_friendly_title">Скільки?</string>
  <string name="add_transaction_title_add">Додати операцію</string>
  <string name="add_transaction_title_edit">Змінити операцію</string>
  <string name="add_transaction_title_view">Деталі операції</string>
  <string name="add_transaction_note_title_normal">Примітка</string>
  <string name="add_transaction_note_hint">Пусто</string>
  <string name="add_transaction_cancel_adding">Відмінити цю операцію</string>
  <string name="add_transaction_discard_edit">Відмінити змінити у цій операції</string>
  <string name="add_transaction_account_alert_currency_change">Валюта введеної суми буде змінена з %1$s на %2$s. Виконати операцію?</string>
  <string name="add_transaction_account_alert_currency_change_start">Валюта введеної суми буде змінена з</string>
  <string name="add_transaction_account_alert_currency_change_middle">на</string>
  <string name="add_transaction_account_alert_currency_change_end">Все ще хочете виконати?</string>
  <string name="add_transaction_add_success">Успішно додано!</string>
  <string name="add_transaction_category_hint">Виберіть одну</string>
  <string name="add_transaction_with_title">За допомогою?</string>
  <string name="add_transaction_with_hint">наприклад, Гриша Пупкін, Сергій Чебурек…</string>
  <string name="add_transaction_reminder_empty">Не нагадувати</string>
  <string name="add_transaction_subtransaction_title">Повернути</string>
  <string name="add_transaction_timecreated_title">Дата</string>
  <string name="add_transaction_reminder_title">Нагадування</string>
  <string name="add_transaction_error_amount">Ви повинні заповнити поле суми</string>
  <string name="add_transaction_error_category">Потрібно вибрати категорію витрат/заробітку</string>
  <string name="debtor">Боржник</string>
  <string name="lender">Кредитор</string>
  <string name="for_reason">Для %1$s</string>
  <string name="someone">хтось</string>
  <string name="someone_hint">Хтось</string>
  <string name="add_transaction_note_spend_from_saving">Витрачено із плану заощаджень %1$s</string>
  <string name="add_transaction_no_category_found">Не знайдено</string>
  <string name="warning_big_amount_message">Сума операції здається занадто великою. Ви впевнені у її правильності?</string>
  <string name="warning_big_amount_dont_show_again">Більше не показувати</string>
  <string name="im_wrong">Я помилився</string>
  <string name="add_note">Занотувати</string>
  <string name="set_reminder_remove_reminder">Вимкнути</string>
  <string name="convert_currency_title_dialog">Введіть іншу валюту</string>
  <string name="convert_currency_message_convert_complete">Конвертувати в</string>
  <string name="convert_currency_message_convert_error">Помилка конвертації</string>
  <string name="convert_currency_message_converting">Конвертація..</string>
  <string name="edit_transaction_confirm_change_category_for_debtloan">Ви дійсно бажаєте змінити категорію? Всі операції з неї будуть видалені.</string>
  <string name="edit_transaction_mark_remove">Буде видалено</string>
  <string name="edit_transaction_mark_remove_message">All sub transactions of this transaction will be deleted</string>
  <string name="delete_sub_transaction">Видалити цю операцію</string>
  <string name="sub_transaction_title">Історія повернень</string>
  <string name="quick_add_transaction_dialog_title">Нова операція</string>
  <string name="quick_add_notification_ticker">Можна додавати нові операції</string>
  <string name="quick_add_transaction_title">Додати до %1$s</string>
  <string name="quick_add_transaction_notification_text">Натисніть, щоб перейти до гаманця</string>
  <string name="add_account_title_add">Додати гаманець</string>
  <string name="add_account_title_edit">Редагувати гаманець</string>
  <string name="add_account_name_title">Назва</string>
  <string name="add_account_currency_title">Валюта</string>
  <string name="add_account_start_balance_title">Початковий баланс</string>
  <string name="add_account_error_accountname_exists">Гаманець з такою назвою вже існує.</string>
  <string name="add_account_error_accountname_length_invalid">Назва гаманця може містити від %1$s до %2$s літер.</string>
  <string name="add_account_discard_changed">Скасувати всі зміни, внесені до цього гаманця?</string>
  <string name="add_account_note_for_initial_balance">Початковий баланс</string>
  <string name="add_account_shortcut_title">Додати ярлик на головний екран</string>
  <string name="add_account_shortcut_success">Ярлик створено</string>
  <string name="account_manager_title">Управління гаманцями</string>
  <string name="account_manager_confirm_delete_account">Видалити гаманець %1$s?</string>
  <string name="time_picker_dialog_title">Виберіть час</string>
  <string name="navigation_cashbook">Transactions</string>
  <string name="navigation_budget">Бюджети</string>
  <string name="navigation_campaign">Заощадження</string>
  <string name="navigation_event">Події</string>
  <string name="navigation_category_manager">Категорії</string>
  <string name="navigation_statistic">Статистика</string>
  <string name="navigation_settings">Параметри</string>
  <string name="navigation_feedback">Зворотній зв\'язок</string>
  <string name="navigation_debt_manager">Борги</string>
  <string name="navigation_tools">Інструменти</string>
  <string name="navigation_about">Про Money Lover</string>
  <string name="navigation_sync">Синхронізація</string>
  <string name="navigation_logout">Вихід</string>
  <string name="navigation_login">Go Cloud</string>
  <string name="navigation_database">База даних</string>
  <string name="navigation_copyright">© 2013 ZooStudio. Всі права захищені.</string>
  <string name="tools_interest_rate">Процентна ставка</string>
  <string name="tools_export_csv">Експорт в CSV</string>
  <string name="tools_export_excel">Експорт в Excel</string>
  <string name="tools_tip_calculator">Розрахунок чайових</string>
  <string name="tools_find_atm">Пошук банкоматів</string>
  <string name="tools_find_bank">Пошук банків</string>
  <string name="tools_install_app">Установити додаток</string>
  <string name="tools_install_app_message">Ви хочете встановити &lt;b&gt;%1$s&lt;/b&gt; із Google Play?</string>
  <string name="statistic_monthly_report">Місячний звіт</string>
  <string name="bank_finder">Пошук банків</string>
  <string name="bank_finder_hint">Наприклад, Приватбанк, Aval …</string>
  <string name="bank_finder_input_bank_name">Введіть назву банку</string>
  <string name="open_file">Відкрити файл</string>
  <string name="export_fail">На жаль, процес експортування виявив помилку та продовжити неможливо</string>
  <string name="export_success">Експорт пройшов успішно</string>
  <string name="select_account">Виберіть гаманець</string>
  <string name="export_csv">Експортувати в CSV</string>
  <string name="export_excel">Експортувати в EXCEL</string>
  <string name="attach_to_email">Додати до листа</string>
  <string name="delimiter">Роздільник</string>
  <string name="atm_finder">Пошук банкоматів</string>
  <string name="change">Змінити</string>
  <string name="send_mail">Надіслати листа</string>
  <string name="contact_me">Зв\'язатися з нами</string>
  <string name="about_thanks">&lt;b&gt;Special thanks to&lt;/b&gt;&lt;br /&gt;
        Andreas Krings, Jake Wharton, Jeremy Feinstein, Roman Nurik, Simon Vig Therkildsen, Soarcn, Tjerk
        Wolterink for their awesome libraries.&lt;br /&gt;
        Brankic1979 and Nick Frost for their beautiful icon packs.&lt;br /&gt;
        And all our volunteers who help us on translating Money Lover to many other languages.</string>
  <string name="about_developed">в ZooStudio</string>
  <string name="about_view_profile_facebook">Відвідайте наш профіль</string>
  <string name="budget_overspent">Перевитрата</string>
  <string name="budget_finished">Завершено</string>
  <string name="budget_spent">Витрачено</string>
  <string name="budget_all_category">Всі категорії</string>
  <string name="create_budget_title_add">Створити бюджет</string>
  <string name="create_budget_title_edit">Змінювати бюджет</string>
  <string name="create_budget_create_for">Додати до</string>
  <string name="create_budget_time_range">Проміжок часу</string>
  <string name="budget_detail_delete_confirm_message">Видалити цей бюджет?</string>
  <string name="create_budget_message_select_day_error">Дата кінця має бути пізнішою за дату початку</string>
  <string name="create_budget_message_duplicate_DB">Budget for this time was created, do you want to override old one?</string>
  <string name="create_budget_message_warning_enter_amount">Сума бюджету менша за 0!</string>
  <string name="create_budget_message_error_category">Ви повинні вибрати категорію</string>
  <string name="create_budget_message_error_time">Слід виділити час для бюджету</string>
  <string name="budget_overview_monthly">Щомісячний план бюджету</string>
  <string name="budget_overview_custom">Користувацький план збереження</string>
  <string name="budget_overview_no_data_guide">Натисніть кнопку %1$s, щоб додати новий бюджетний план</string>
  <string name="budget_detail_category">Бюджет %1$s</string>
  <string name="budget_detail_account_detail_emptyview_message">Натисніть, щоб створити бюджет</string>
  <string name="budget_detail_list_transactions_title">Список операцій</string>
  <string name="clear_template">Очистити шаблон</string>
  <string name="budget_template">Шаблон</string>
  <string name="dialog_enter_amount_title">Введіть суму</string>
  <string name="security_pin_title_create">Встановити пароль</string>
  <string name="security_pin_title_confirm">Повторіть пароль</string>
  <string name="security_pin_title_open">Введіть пароль</string>
  <string name="security_pin_message_remove">для відключення блокування паролем</string>
  <string name="security_pin_title_wrong_password">Неправильний пароль!</string>
  <string name="security_pin_message_try_again">спробуйте ще раз</string>
  <string name="is_latest_version">Ви використовуєте найновішу версію.</string>
  <string name="update">Оновити</string>
  <string name="has_new_version">Вийшла нова версія, будь ласка, оновіть програму!</string>
  <string name="no_internet">Немає з\'єднання з Інтернетом. Будь ласка, спробуйте ще раз!</string>
  <string name="check_update">Перевірити оновлення</string>
  <string name="thanks_feedback">Дякуємо за ваш відгук.</string>
  <string name="add_sub_transaction_input_more_than_left">Введена сума є більшою за неоплачену суму</string>
  <string name="warning">Увага</string>
  <string name="process">обробка…</string>
  <string name="error_no_google_map">Будь ласка, встановіть Google Maps для використання цієї можливості</string>
  <string name="set">Встановити</string>
  <string name="category_manager_title">Управління категоріями</string>
  <string name="category_manager_notice_cannot_edit_default_category">Неможливо редагувати Спеціальну категорію</string>
  <string name="category_manager_confirm_delete_category">Видалити категорію %1$s? Всі операції, які належать до цієї категорії будуть також видалені.</string>
  <string name="category_manager_delete_success_message">Категорію %1$s було видалено</string>
  <string name="create_category_title">Нова категорія</string>
  <string name="edit_category_title">Змінити категорію</string>
  <string name="create_category_name_title">Назва</string>
  <string name="create_category_select_icon_title">Значок</string>
  <string name="create_category_default_parent_category">Я батько</string>
  <string name="create_category_parent_category">Батьківська категорія</string>
  <string name="create_category_hint_name_review">Назва категорії</string>
  <string name="create_category_message_duplicate_DB">Така категорія вже існує</string>
  <string name="create_category_select_type_error">Ви повинні вибрати тип категорії</string>
  <string name="create_category_input_name_error">Давайте введемо назву вашого категорії</string>
  <string name="create_category_select_icon_error">Не забудьте про значок для категорії</string>
  <string name="select_parent_category_title">Виберіть батьківську категорію</string>
  <string name="message_transfer_successful">Передача успішна!</string>
  <string name="title_dialog_transfer">Від %1$s</string>
  <string name="back">Назад</string>
  <string name="message_currency_error">Змінити %1$s на %2$s?</string>
  <string name="note_income_transfer">Отримано від %1$s</string>
  <string name="message_amount_zero">Сума переводу має бути більше 0</string>
  <string name="default_note_transfer">Переведено до %1$s</string>
  <string name="monthly_report_start_balance">Початковий баланс</string>
  <string name="monthly_report_this_month_balance">Net Income</string>
  <string name="monthly_report_end_balance">Кінцевий баланс</string>
  <string name="monthly_report_compare_to_previous_month">Порівняння по місяцях</string>
  <string name="monthly_report_largest_expense">Найбільша витрата</string>
  <string name="monthly_report_expense_by_category">Витрати за категоріями</string>
  <string name="monthly_report_nodata">Немає звіту за цей місяць</string>
  <string name="monthly_report_nodata_guide">Щомісячні звіти відображатимуться автоматично після початку нового місяця</string>
  <string name="search_result">Результат пошуку</string>
  <string name="type">Тип</string>
  <string name="with">З</string>
  <string name="select_time">Виберіть час</string>
  <string name="notification_center_message_empty_notification">Без повідомлень</string>
  <string name="notification_center_title">Центр повідомлень</string>
  <string name="notification_center_delete_read_notifications">Видалити прочитані повідомлення</string>
  <string name="notification_center_mark_all_as_read">Позначити всі як прочитані</string>
  <string name="debt_manager_title">Борги</string>
  <string name="debt_wallet">До сплати</string>
  <string name="loan_wallet">До отримання</string>
  <string name="now">Несплачено</string>
  <string name="past">Сплачено</string>
  <string name="note_transaction_saving">Зняти із заощадження %1$s</string>
  <string name="saving_overview_title">Заощадження</string>
  <string name="saving_overview_deposit">Депозит</string>
  <string name="saving_overview_need">Потрібно</string>
  <string name="saving_overview_spend">Витратити</string>
  <string name="saving_overview_withdraw">Зняти</string>
  <string name="saving_deposit">Покласти на заощадження %1$s</string>
  <string name="saving_withdraw_default_note">Зняти із плану заощадження %1$s</string>
  <string name="saving_overview_no_data_guide">Натисніть на кнопку %1$s вище, щоб додати новий план заощадження</string>
  <string name="saving_menu_deposit">Депозит</string>
  <string name="saving_menu_withdraw">Зняти</string>
  <string name="saving_menu_spendon">Потратити на…</string>
  <string name="saving_add_title">Додати заощадження</string>
  <string name="saving_edit_title">Редагування заощадження</string>
  <string name="saving_add_name_title">Назва</string>
  <string name="saving_add_start_amount">Початкова сума</string>
  <string name="saving_add_success">Нову кампанію економії створено</string>
  <string name="saving_add_error_goal_amount">Ви повинні ввести суму мети!</string>
  <string name="saving_add_error_name">Ви повинні ввести назву кампанії заощадження!</string>
  <string name="saving_add_error_icon">Ви повинні вибрати значок!</string>
  <string name="saving_add_cancel_adding">Відмінити це заощадження?</string>
  <string name="saving_add_discard_edit">Скасувати зміни, внесені до цього заощадження?</string>
  <string name="dialog_select_event_remove">Видалити подію</string>
  <string name="event_add_title">Додати подію</string>
  <string name="event_edit_title">Редагувати подію</string>
  <string name="event_input_name_error">Давайте введемо назву вашої події</string>
  <string name="event_select_icon_error">Не забудьте про значок для події</string>
  <string name="event_overview_view_transactions">Операції</string>
  <string name="event_overview_deposit">Депозит</string>
  <string name="event_overview_withdraw">Зняти</string>
  <string name="event_overview_deposited">Відкладено на збереження</string>
  <string name="event_overview_finish">Закінчити</string>
  <string name="event_overview_no_data_guide">Натисніть на кнопку %1$s вище, щоб додати новий план події</string>
  <string name="event_menu_mark_as_finished">Позначити як незавершене</string>
  <string name="event_menu_mark_as_unfinish">Позначити як незавершене</string>
  <string name="interest_rate_title">Процентна ставка</string>
  <string name="interest_rate">Ставка</string>
  <string name="time_from">На час</string>
  <string name="select_type_interest">Введіть процент</string>
  <string name="date_to_invalid">Дата має бути після дати з </string>
  <string name="amount_empty">Будь ласка, введіть значення суми</string>
  <string name="time_mode_interest">Режим часу</string>
  <string name="rate_empty">Введіть значення відсоткової ставки</string>
  <string name="time_empty">Будь ласка виберіть час</string>
  <string name="interest">Сума відсотків</string>
  <string name="number_of_period">Кількість періодів</string>
  <string name="total_amount">Загальна сума</string>
  <string name="interest_result">Результат</string>
  <string name="total_people">з %d людьми</string>
  <string name="percent_tip">Порада %1$s%%</string>
  <string name="total_pay">Всього заплачено</string>
  <string name="total_tip">Всього чайових</string>
  <string name="total_tip_person">Всього чайових на людину</string>
  <string name="total_per_person">Сума з однієї людини</string>
  <string name="note_it">Примітка</string>
  <string name="no_tip">без чайових</string>
  <string name="more_people">Кількість людей</string>
  <string name="more_tip">Відсоток чайових</string>
  <string name="calculate">Розрахувати</string>
  <string name="change_review">%1$s%% краще, &lt;b&gt;змінити?&lt;/b&gt;</string>
  <string name="empty_amount">Сума пуста</string>
  <string name="inapp_purchase">Можливості Преміум</string>
  <string name="message_purchase_error">Помилка при покупці</string>
  <string name="message_purchase_success">Покупка успішна. Перезапустіть програму, щоб зміни вступили в силу.</string>
  <string name="purchase_bought">Ви це купили</string>
  <string name="reset_app_to_change">Перезапустіть програму, щоб застосувати зміни</string>
  <string name="purchase_buy_all_title">Отримати Преміум</string>
  <string name="purchase_buy_all_text">Щоб мати більше одного гаманця, бюджетного плану, плану заощаджень, подій.\nБез ніякої реклами!</string>
  <string name="purchase_buy_ads_title">Видалити рекламу</string>
  <string name="purchase_buy_ads_text">Насолоджуйтесь базовим Money Lover без реклами!</string>
  <string name="purchase_input_premium_code_text">Якщо у вас є ліцензійний код</string>
  <string name="purchase_notice_buy_features">В безкоштовній версії можна створити один бюджет, одне накопичення, лише одну події і не можна користуватися всіма функціями. Отримайте Преміум, щоб створити необмежену кількість бюджетів, накопичень, подій і мати доступ до всіх функцій</string>
  <string name="premium_code">Введіть ліцензійний код</string>
  <string name="license_code_not_correct">Ліцензійний код неправильний</string>
  <string name="license_code_success">Ліцензійний код правильний. Ви можете отримати доступ до всіх функцій у %1$s</string>
  <string name="widget_select_account_empty">Вам потрібен гаманець перед створенням віджету</string>
  <string name="widget_simple_light_name">Простий віджет</string>
  <string name="widget_select_account_title">Виберіть гаманець</string>
  <string name="ail_message_empty_image">Фото відсутні</string>
  <string name="ail_guide_1">Зробіть фото чогось</string>
  <string name="ail_guide_2">Додати операцію про це можна пізніше</string>
  <string name="migrate_dialog_message">Money Lover збирається перевести ваші дані зі старої версії на нову. Бажаєте продовжити?</string>
  <string name="migrate_dialog_notice">Повідомлення</string>
  <string name="migrate_dialog_disabled_function">У цій версії білінг був тимчасово вимкнений, однак ваші дані рахунка все одно будуть передані.</string>
  <string name="migrate_dialog_cancel_message">Якщо ви передумаєте, ви все ще можете вибрати перенесення в %1$s. Але всі Ваші нові дані відтепер і до того моменту будуть остаточно втраченими.</string>
  <string name="migrate_processing_transfer_currencies">Перенесення валют</string>
  <string name="migrate_processing_transfer_accounts">Перенесення та перетворення старих рахунках в гаманці</string>
  <string name="migrate_processing_transfer_master_categories">Перенесення основних категорій</string>
  <string name="migrate_processing_transfer_categories">Перенесення категорій</string>
  <string name="migrate_processing_transfer_transactions">Перенесення операцій</string>
  <string name="migrate_processing_transfer_tagged_people">Перенесення відмічених контактів</string>
  <string name="migrate_processing_transfer_sub_transactions">Перенесення дочірніх операцій</string>
  <string name="migrate_processing_transfer_interests">Перенесення відсотків</string>
  <string name="migrate_processing_transfer_bills">Перенесення оплат</string>
  <string name="migrate_processing_transfer_budgets">Перенесення бюджетів</string>
  <string name="migrate_processing_transfer_campaigns">Перенесення кампаній</string>
  <string name="restore_title">Відновлення даних</string>
  <string name="restore_message_successful">Імпорт завершено!</string>
  <string name="restore_message_error">Сталася помилка під час імпортування даних</string>
  <string name="restore_loading_file_from_dropbox">Завантаження файлу з Dropbox…</string>
  <string name="restore_connect_dropbox">З\'єднатися з Dropbox</string>
  <string name="restore_message">Виберіть один файл нижче, щоб відновити дані з</string>
  <string name="restore_message_edit">Виберіть файл, щоб видалити</string>
  <string name="restore_empty_file">Немає файлів</string>
  <string name="restore_disconnect_dropbox">Від\'єднати Dropbox</string>
  <string name="restore_disconnect_dropbox_confirm">Від\'єднатися від Dropbox?</string>
  <string name="backup_title">Резервне копіювання даних</string>
  <string name="backup_file_name">Резервне копіювання в файл</string>
  <string name="backup_notice_about_file_ext">Починаючи з цієї версії ми використовуємо нове розширення файлів &lt;b&gt;.mlx&lt;/b&gt;, але Ви все ще можете робити імпорт як з .money, так і з .mlx файлів у %1$s</string>
  <string name="backup_success_message">Резервне копіювання закінчено</string>
  <string name="backup_fail_message">Не вдалося виконати резервне копіювання</string>
  <string name="navigation_group_support">Підтримка</string>
  <string name="navigation_group_setting">Параметр</string>
  <string name="navigation_group_plans">Планування</string>
  <string name="navigation_group_others">Інші</string>
  <string name="navigation_group_tools">Інструменти</string>
  <string name="widget_account_was_deleted">Гаманець був видалений</string>
  <string name="tools_install_go_to_playstore">Відкрити Play Store</string>
  <string name="tools_shopping_lover_intro">Програма побудована на звичках покупців. Це підвищує ефективність і швидкість ваших покупок, а також запобігає від непотрібних помилок.</string>
  <string name="tools_exchanger_intro">Exchanger - це простий шлях для переведення валюти з мобільного.&lt;br /&gt;
- Приємний інтерфейс з плоским дизайном&lt;br /&gt;
- 100+ валют світу&lt;br /&gt;
- Переведення кількох валют за один раз&lt;br /&gt;
- Офлайн режим (не потребує мережі).</string>
  <string name="rate_app_dont_show_again">Більше не пропонувати оцінити дану програму</string>
  <string name="rate_app_dont_show_again_short">Більше не показувати</string>
  <string name="rate_app_config_title">Оцінити налаштування програми</string>
  <string name="delete">Видалити</string>
  <string name="restore_delete_message">Остаточно видалити ці файли?</string>
  <string name="restore_message_confirm">Відновити дані зі файлу %1$s? Всі поточні дані будуть видалені!</string>
  <string name="restore_autobackup_fail">Помилка автоматичного резервного копіювання. Процес відновлення не може бути продовжено.</string>
  <string name="deleting">Видалення…</string>
  <string name="purchase_error_unknown">Сталася незрозуміла помилка.</string>
  <string name="purchase_please_wait_until_data_is_loaded">Будь ласка, почекайте завантаження даних.</string>
  <string name="announce_update_lost_data_message">&lt;p&gt;Ми оновлюємо Money Lover до нової версії і перетворюємо ваші дані із одного формату у інший. Під час цього процесу можливі втрати деяких даних, іноді навіть всіх, на жаль. &lt;/p&gt;&lt;p&gt;&lt;b&gt;З технічної точки зору всі ваші дані залишаться на старому місці, оскільки ми їх не видаляємо, якщо щось піде не так&lt;/b&gt;&lt;/p&gt;&lt;p&gt;Якщо Ви потрапили у таку ситуацію, будь ласка, зв\'яжіться з нами і ми допоможемо Вам повернути дані назад.&lt;/p&gt;</string>
  <string name="announce_update_lost_data_message_title">Про втрати даних після оновлення</string>
  <string name="cannot_find_my_language">Додаткові мови?</string>
  <string name="feedback_language_text">Привіт,\nЯ б хотів допомогти перекласти наступні мови:\n</string>
  <string name="feedback_language_subject">[LANG] ЗВОРОТНІЙ ЗВ\'ЯЗОК ПО ПЕРЕКЛАДАМ</string>
  <string name="message_more_languages">Ми працюємо над перекладом нової версії Money Lover на інші мови, але цей процес може зайняти деякий час, тому ми дуже потребуємо допомоги від наших користувачів, щоб прискорити ці роботи.</string>
  <string name="message_more_languages_help">Будь ласка, допоможіть нам, якщо ви можете перекладати на інші мови. Ви можете зв\'язатися з нами для отримання додаткової інформації.</string>
  <string name="languagehelp_ok">Так, я допоможу!</string>
  <string name="languagehelp_cancel">Ні, можливо пізніше :(</string>
  <string name="languagehelp_title">Допомогти з перекладом</string>
  <string name="changes_log_title">Список змін</string>
  <string name="restore_menu_show_auto_backup">Показувати файли автоматичного резервного копіювання</string>
  <string name="restore_menu_hide_auto_backup">Приховати файли автоматичного резервного копіювання</string>
  <string name="restore_menu_edit">Виберіть файли</string>
  <string name="title_view_web">Web Display</string>
  <string name="title_notification_web">Підключення веб-клієнта</string>
  <string name="turn_on_web">Увімкнути сервер</string>
  <string name="turn_off_web">Вимкнути сервер</string>
  <string name="tab_to_turn_off_web">Натисніть, щоб вимкнути web</string>
  <string name="budget_detail_error_budget_not_exists">Такий бюджет більше не існує</string>
  <string name="new_expense_category">Нова категорія витрат</string>
  <string name="new_income_category">Нова категорія доходів</string>
  <string name="turn_on_wifi">Спочатку увімкніть Wi-Fi</string>
  <string name="server_off">Сервер вимкнений</string>
  <string name="access_link">%1$s</string>
  <string name="previous_web">Попередній</string>
  <string name="next_web">Наступний</string>
  <string name="webdisplay_status_title">Статус</string>
  <string name="webdisplay_menu_help">Допомога</string>
  <string name="webdisplay_menu_advance">Додаткові параметри</string>
  <string name="add_web">Додати</string>
  <string name="cashback_loan_info">від %1$s</string>
  <string name="webdisplay_turning_on">Увімкнення…</string>
  <string name="webdisplay_turned_on">Вимкнений</string>
  <string name="webdisplay_turning_off">Вимкнення…</string>
  <string name="webdisplay_turned_off">Увімкнути</string>
  <string name="set_as_start_date">Встановити як дата початку</string>
  <string name="set_as_end_date">Встановити як дату закінчення</string>
  <string name="webdisplay_warning_port_over">Порт має бути в діапазоні від %1$s до %2$s</string>
  <string name="webdisplay_warning_port_web">Цей порт повторюється з %1$s</string>
  <string name="webdisplay_will_change_port">Порт буде змінено при новому включенні сервісу.</string>
  <string name="webdisplay_open_web_browser">Відкрити цю адресу у браузері</string>
  <string name="webdisplay_warning_port_exist">Цей порт використовується іншим сервісом. Будь ласка, виберіть інший порт.</string>
  <string name="webdisplay_change_port">Змінити порт</string>
  <string name="webdisplay_web_actions">Дії</string>
  <string name="webdisplay_web_feedback_support">Зворотній зв\'язок \u0026 Підтримка</string>
  <string name="webdisplay_web_add_more">Додати більше</string>
  <string name="reset_data_message">Ви хочете, щоб скинути всі дані? Всі дані, такі як гаманці, операції, бюджети, заощадження або події будуть видалені. Цю дію НЕ МОЖНА буде скасувати.</string>
  <string name="upload_to_dropbox_success">Завантажено на DropBox</string>
  <string name="message_large_spend_amount">Введена сума повинна бути меншою, ніж поточна збережена сума.</string>
  <string name="message_error_select_parent_cate">Не можна вибрати себе в якості батька</string>
  <string name="translated_by">Переклав %1$s</string>
  <string name="add_transaction_with_suggestion">Ви можете додавати людей, яких немає в контактах, додавши коми (,) після їх імен.</string>
  <string name="msg_add_transaction_first">Хочете додати першу транзакцію зараз?</string>
  <string name="global">Загальний</string>
  <string name="notification_bank_sms_title">Зміна %2$s гаманця %1$s</string>
  <string name="custom_range_cashbook">Інший</string>
  <string name="navigation_travel_mode">Режим подорожей</string>
  <string name="select_event_title">Виберіть подію</string>
  <string name="travel_mode_description">У режимі подорожей Ви можете вибрати подію, яка буде автоматично вибиратися щоразу при створенні нової операції.</string>
  <string name="travel_mode_activated_message">Увімкнено Режим подорожей. Щасливої подорожі!</string>
  <string name="travel_mode_turn_off_message">Ви хочете, щоб вимкнути Режим подорожей?</string>
  <string name="travel_mode_quick_add_notification">Додати подію %1$s</string>
  <string name="travel_mode_turned_off_message">Режим подорожей вимкнено</string>
  <string name="purchase_description">Кожна покупка дійсна лише на 100 років.</string>
  <string name="backup_select_one">Виберіть один</string>
  <string name="repeat_transaction_mode_month_same_days">на %1$s щомісяця</string>
  <string name="repeat_transaction_mode_month_this_day">кожен %1$s %2$s місяця</string>
  <string name="repeat_transaction_times_duration_for_a_number_of_event_shorted">Для</string>
  <string name="repeat_transaction_manager">Recurring Transactions</string>
  <string name="recent_transaction_no_transactions">Немає останніх операцій</string>
  <string name="repeat_transaction_next_repeat">Наступного повторення</string>
  <string name="repeat_transaction_need_specify_repeat">Слід указати функції повтору</string>
  <string name="recent_transaction_dialog_list_title">Останні операції</string>
  <string name="repeat_transaction_message_confirm_delete_template">Видалити цей шаблон?</string>
  <string name="repeat_transaction_no_template">Немає шаблонів для повторення</string>
  <string name="repeat_transaction_no_repeat">Немає повторень</string>
  <string name="repeat_transaction_next_repeat_at">Наступне повторення о %1$s</string>
  <string name="share_need_to_download_before_sharing">Цей файл буде завантажено з DropBox перед відправкою</string>
  <string name="repeat_transaction_add_template">Add recurring transaction</string>
  <string name="repeat_transaction_edit_template">Edit recurring transaction</string>
  <string name="recent_transaction_show_when_add_transaction">Показувати цей діалог автоматично при створенні операції</string>
  <string name="message_login_now">After enter promotion code, you could create an Money Lover account to link your account with your Premium status. If you have another device, login Money Lover with your account so Premium status in that device will be automatically activated.</string>
  <string name="recent_transaction_dialog_description">Ви можете імпортувати дані для операції із попередніх операцій</string>
  <string name="repeat_transaction_every">Кожні</string>
  <string name="repeat_transaction_from">З</string>
  <string name="repeat_transaction_at">о</string>
  <string name="repeat_transaction_times">раз</string>
  <string name="event_delete_message">Видалити подію?</string>
  <string name="saving_delete_message">Видалити збереження?</string>
  <string name="budget_delete_message">Дійсно бажаєте видалити цей бюджет?</string>
  <string name="transaction_detail_cashback_left">Left</string>
  <string name="transaction_detail_cashback_paid">Paid</string>
  <string name="add_account_error_message_no_currency">Please select one currency for your wallet</string>
  <string name="store_download_fail">Can not download icon at this moment</string>
  <string name="dialog_turn_on_location_service">Do you want turn on location service?</string>
  <string name="set_icon_default_tab">Default</string>
  <string name="set_icon_tab_sdcard">Downloaded</string>
  <string name="set_icon_more_tab">More icon</string>
  <string name="store_preview_icon">Preview</string>
  <string name="store_buy_icon">Buy</string>
  <string name="store_icon_title">Icon Store</string>
  <string name="store_purchase_preview">Переглянути</string>
  <string name="download">Завантажити</string>
  <string name="do_not_show_again">Більше не показувати</string>
  <string name="new_icon_packs_are_available">Two new icon packs are available for using for category, event and saving. You can create a new category to see them right now!</string>
  <string name="dialog_share_account">Share wallet with</string>
  <string name="share_account_success">Share wallet success</string>
  <string name="dialog_sharing_account">Sharing…</string>
  <string name="email_address_invalid">Email address invalid</string>
  <string name="set_location_get_address_error">Can not load address now, please try again later!</string>
  <string name="cashbook_balance">Баланс</string>
  <string name="statistic_trends">Тенденції</string>
  <string name="sync_transferring_data">Передача даних</string>
  <string name="sync_running">Триває синхронізація…</string>
  <string name="trend_criteria_collapsed_time">З &lt;b&gt;%1$s&lt;/b&gt; по &lt;b&gt;%2$s&lt;/b&gt;</string>
  <string name="transaction_detail_set_location">Встановити місцезнаходження</string>
  <string name="transaction_detail_can_not_download_image">Can not download this image, please try another.</string>
  <string name="user_unauthenticated">You must login first</string>
  <string name="share_account_error">Share wallet failed</string>
  <string name="beta">Beta</string>
  <string name="sync_error">Sync error</string>
  <string name="sync_notification_ticker_text">Syncing data with server</string>
  <string name="sync_notification_content_title">Sync Money Lover</string>
  <string name="login_success">Login successfully</string>
  <string name="login_forgot_password">Forgot password?</string>
  <string name="register_show_password">Show password</string>
  <string name="sync_done">Sync process has done successfully</string>
  <string name="login_fail">Invalid email/password combination. Please try again.</string>
  <string name="connecting">Connecting…</string>
  <string name="sync_account">Sync wallet</string>
  <string name="message_sync_transfer_data">Do you want to transfer data?</string>
  <string name="sync_dialog_transfer_title">Transfer data</string>
  <string name="sync_running_cannot_add_item">Sync process is running, please wait for a moment</string>
  <string name="sync_last_sync">Last sync: %1$s</string>
  <string name="sync_sync_first_time">Tap to sync for the first time</string>
  <string name="icon_xmas_notification_title">Merry Xmas with new icon pack!</string>
  <string name="icon_xmas_notification_content">Holiday is coming: Decorate Money Lover with the beautiful Christmas icon pack today! And it’s free!</string>
  <string name="store_icon_re_download">Download again</string>
  <string name="store_icon_free">Free</string>
  <string name="store_icon_list_empty">No icon packs</string>
  <string name="store_icon_canceled_message">Download for icon package %1$s was canceled</string>
  <string name="store_icon_download_finished_message">Icon package %1$s was downloaded. You can use those new icons when creating category, event or saving.</string>
  <string name="transaction_detail_show_advanced">Add more detail</string>
  <string name="refresh">Refresh</string>
  <string name="navigation_store">Money Lover Store</string>
  <string name="create_category_select_parent_error">Can not choose this category as parent</string>
  <string name="sync_error_timeout">server is maintained</string>
  <string name="sync_error_server_busy">Server is busy</string>
  <string name="sync_register_success">Register successfully</string>
  <string name="transaction_detail_warning_time_not_in_range">This date is not in budget %1$s\' time range (%2$s)</string>
  <string name="notification_message_remind_transaction">You set a notification for a transaction %1$s: %2$s. Tap to view its detail.</string>
  <string name="location_add_new_address">Add %1$s as a place</string>
  <string name="category_none_name">No categories</string>
  <string name="saving_add_startamount_over">Start amount can not large than goal amount</string>
  <string name="share_account_permission">Set this person as OWNER so they can view, add, edit, delete all kind of data in this wallet</string>
  <string name="error_can_not_load_wallet">Can not load wallet or the selected wallet was deleted. Please try again or open application not from shortcut.</string>
  <string name="select_category_tap_to_create_one">Tap to create one</string>
  <string name="error_can_not_change_wallet_transaction_debt_loan">Can not change wallet for debt, loan transaction</string>
  <string name="quick_add_manager_title">Show on status bar</string>
  <string name="account_manager_create_shortcut">Create shortcut</string>
  <string name="budget_no_data">No budgets</string>
  <string name="event_no_data">No events</string>
  <string name="saving_no_data">No savings</string>
  <string name="notification_center_no_data">No notifications</string>
  <string name="recurring_transaction_no_data">No recurring transactions</string>
  <string name="notification_like_fan_page_title">Like us on Facebook</string>
  <string name="notification_like_fan_page_text">keep in touch with us for updates, tips and occasional free stuff</string>
  <string name="share_account_email_target">Email which you want to share with</string>
  <string name="share_account_email_error">This string is not a valid email address</string>
  <string name="monthly_report_other_categories">Other categories</string>
  <string name="transfer_wallet_unknown_error_message">Can not transfer between wallets at this moment, please try again. If you still see this message next time, please contact us so we can help to fix this problem.</string>
  <string name="forgot_password_error_wrong_email">This email is not registered with us, please try again.</string>
  <string name="forgot_pass_success">Please check your email account for further instructions.</string>
  <string name="register_error_email_exists">This email is unavailable. Please choose another one.</string>
  <string name="promote_event_expire">This event is already finished</string>
  <string name="promote_event_error_wrong_code">Invalid promote code. Please try again.</string>
  <string name="register_error_server">Our server encountered an weird error and we\'ve been noticed. Please take a cup of coffee why we\'re fixing it.</string>
  <string name="register_error_entered_info_not_enough">Please fill all information to continue</string>
  <string name="purchase_post_facebook_success">Thanks for sharing</string>
  <string name="promote_event_input_successfully">Promote code is valid. Now you can use all features as a Premium user! Thank you for using %1$s</string>
  <string name="promote_event_share_facebook">Share on Facebook</string>
  <string name="promote_event_login_description">TIP: Register a %1$s account to link your Premium status with that account, so next time you login to %1$s, you will have your Premium status back.</string>
  <string name="promote_event_share_facebook_description">It would be cool to share this code to your friends! Don\'t worry, it won\'t affect your Premium status.</string>
  <string name="notification_center_message_already_logged_in">You\'ve already logged in.</string>
  <string name="congratulation">Congratulation!</string>
  <string name="cashbook_pull_to_add_transaction">Pull to add transaction</string>
  <string name="cashbook_release_to_add_transaction">Release to add transaction</string>
  <string-array name="cashbook_set_timerange_items">
    <item>Day</item>
    <item>Week</item>
    <item>Month</item>
    <item>Quarter</item>
    <item>Year</item>
    <item>All</item>
    <item>Custom</item>
  </string-array>
  <string-array name="delimiters">
    <item>Крапка з комою  ( ; )</item>
    <item>Кома ( , )</item>
    <item>Вкладка</item>
  </string-array>
  <string-array name="create_budget_array_time_range">
    <item>У цьому місяці</item>
    <item>У цьому кварталі</item>
    <item>Цього року</item>
    <item>Наступного місяця</item>
    <item>Наступного кварталу</item>
    <item>Наступного року</item>
    <item>Інший діапазон</item>
  </string-array>
  <string-array name="budget_overview_titles">
    <item>Працює</item>
    <item>Завершено</item>
  </string-array>
  <string-array name="category_manager_edit_cate_menu">
    <item>@string/edit</item>
    <item>@string/delete</item>
  </string-array>
  <string-array name="debt_overview_titles">
    <item>@string/debt_wallet</item>
    <item>@string/loan_wallet</item>
  </string-array>
  <string-array name="campaign_overview_titles">
    <item>Працює</item>
    <item>Завершено</item>
  </string-array>
  <string-array name="arrays_time_mode">
    <item>Щотижня</item>
    <item>Кожні 14 днів</item>
    <item>Щомісяця</item>
    <item>Кожні 3 місяці</item>
    <item>Кожні 6 місяців</item>
    <item>Щорічно</item>
  </string-array>
  <string-array name="arrays_type">
    <item>Прості відсотки</item>
    <item>Складені відсотки</item>
  </string-array>
  <string-array name="repeat_transaction_time_mode">
    <item>Повторювати щодня</item>
    <item>Повторювати щотижня</item>
    <item>Повторювати щомісяця</item>
    <item>Повторювати щорічно</item>
  </string-array>
  <string-array name="backup_list_file_backup_select_item">
    <item>@string/restore_title</item>
    <item>@string/backup_share</item>
  </string-array>
  <string-array name="repeat_transaction_mode_month_week">
    <item>first</item>
    <item>second</item>
    <item>third</item>
    <item>fourth</item>
    <item>fifth</item>
    <item>sixth</item>
  </string-array>
  <string-array name="repeat_transaction_times_duration">
    <item>Назавжди</item>
    <item>До</item>
    <item>З низки подій</item>
  </string-array>
  <string-array name="trend_type">
    <item>@string/expense</item>
    <item>@string/income</item>
    <item>Net Income</item>
  </string-array>
  <string-array name="trend_criteria">
    <item>Overtime</item>
    <item>By Category</item>
  </string-array>
  <plurals name="cashbook_transaction_count">
    <item quantity="one">%d операція</item>
    <item quantity="few">%d операції</item>
    <item quantity="other">%d операцій</item>
  </plurals>
  <plurals name="budget_days_left">
    <item quantity="one">лишився %d день</item>
    <item quantity="few">лишилося %d дні</item>
    <item quantity="other">лишилося %d днів</item>
  </plurals>
  <plurals name="ail_view_photo_title">
    <item quantity="one">лишилося %1$s фото</item>
    <item quantity="few">лишилося %1$s фото</item>
    <item quantity="other">лишилося %1$s фото</item>
  </plurals>
  <plurals name="editbar_selected_count">
    <item quantity="one">Вибрано %d елемент</item>
    <item quantity="few">Вибрано %d елементи</item>
    <item quantity="other">Вибрано %d елементів</item>
  </plurals>
</resources>
